<?xml version="1.0" encoding="UTF-8"?>
<metadata xml:lang="en"><Esri><CreaDate>20250417</CreaDate><CreaTime>19533200</CreaTime><ArcGISFormat>1.0</ArcGISFormat><SyncOnce>FALSE</SyncOnce><DataProperties><lineage><Process ToolSource="c:\program files\arcgis\pro\Resources\ArcToolbox\toolboxes\Data Management Tools.tbx\CopyFeatures" Date="20250417" Time="195332">CopyFeatures OSDS_cleaned .\tempspace\OSDS_cleaned.shp # # # #</Process><Process ToolSource="c:\program files\arcgis\pro\Resources\ArcToolbox\toolboxes\Analysis Tools.tbx\SpatialJoin" Date="20250417" Time="202935">SpatialJoin C:\Users\1553c\Desktop\GitHub_Repo_copies\HCPT_Molokai\Scripts\tempspace\OSDS_cleaned.shp .\Outputs\Census_aggregared_SHPs\Final_Priority_BlockGrps_Clean.shp .\Outputs\OSDS_Dots\OSDS_dots_w_BlkGrps_Clean_atts.shp "Join one to one" KEEP_ALL "Field1 "Field1" true true false 10 Long 0 10,First,#,C:\Users\1553c\Desktop\GitHub_Repo_copies\HCPT_Molokai\Scripts\tempspace\OSDS_cleaned.shp,Field1,-1,-1;X "X" true true false 19 Double 0 0,First,#,C:\Users\1553c\Desktop\GitHub_Repo_copies\HCPT_Molokai\Scripts\tempspace\OSDS_cleaned.shp,X,-1,-1;Y "Y" true true false 19 Double 0 0,First,#,C:\Users\1553c\Desktop\GitHub_Repo_copies\HCPT_Molokai\Scripts\tempspace\OSDS_cleaned.shp,Y,-1,-1;Island "Island" true true false 254 Text 0 0,First,#,C:\Users\1553c\Desktop\GitHub_Repo_copies\HCPT_Molokai\Scripts\tempspace\OSDS_cleaned.shp,Island,0,254;TMK "TMK" true true false 10 Long 0 10,First,#,C:\Users\1553c\Desktop\GitHub_Repo_copies\HCPT_Molokai\Scripts\tempspace\OSDS_cleaned.shp,TMK,-1,-1;Uid "Uid" true true false 254 Text 0 0,First,#,C:\Users\1553c\Desktop\GitHub_Repo_copies\HCPT_Molokai\Scripts\tempspace\OSDS_cleaned.shp,Uid,0,254;BlockGp_ID "BlockGp_ID" true true false 10 Long 0 10,First,#,.\Outputs\Census_aggregared_SHPs\Final_Priority_BlockGrps_Clean.shp,BlockGp_ID,-1,-1;Name_ID "Name_ID" true true false 254 Text 0 0,First,#,.\Outputs\Census_aggregared_SHPs\Final_Priority_BlockGrps_Clean.shp,Name_ID,0,254;BlockGp__1 "BlockGp__1" true true false 10 Long 0 10,First,#,.\Outputs\Census_aggregared_SHPs\Final_Priority_BlockGrps_Clean.shp,BlockGp__1,-1,-1;Final_Prio "Final_Prio" true true false 19 Double 0 0,First,#,.\Outputs\Census_aggregared_SHPs\Final_Priority_BlockGrps_Clean.shp,Final_Prio,-1,-1;OSDS_count "OSDS_count" true true false 10 Long 0 10,First,#,.\Outputs\Census_aggregared_SHPs\Final_Priority_BlockGrps_Clean.shp,OSDS_count,-1,-1;In_2017_CP "In_2017_CP" true true false 254 Text 0 0,First,#,.\Outputs\Census_aggregared_SHPs\Final_Priority_BlockGrps_Clean.shp,In_2017_CP,0,254;Final_Cat_ "Final_Cat_" true true false 254 Text 0 0,First,#,.\Outputs\Census_aggregared_SHPs\Final_Priority_BlockGrps_Clean.shp,Final_Cat_,0,254;Fin_Rank "Fin_Rank" true true false 19 Double 0 0,First,#,.\Outputs\Census_aggregared_SHPs\Final_Priority_BlockGrps_Clean.shp,Fin_Rank,-1,-1" Intersect # #</Process><Process ToolSource="c:\program files\arcgis\pro\Resources\ArcToolbox\toolboxes\Conversion Tools.tbx\ExportFeatures" Date="20250430" Time="054237">ExportFeatures OSDS_dots_w_BlkGrps_Clean_atts C:\Users\CS\Desktop\Git_Repos\HCPT_Molokai\Scripts\Outputs\Manually_Generated_Use_in_App\Molokai_CP_BlkGrps_FinalPriority_Weighted.shp # NOT_USE_ALIAS "Join_Count "Join_Count" true true false 10 Long 0 10,First,#,OSDS_dots_w_BlkGrps_Clean_atts,Join_Count,-1,-1;TARGET_FID "TARGET_FID" true true false 10 Long 0 10,First,#,OSDS_dots_w_BlkGrps_Clean_atts,TARGET_FID,-1,-1;Field1 "Field1" true true false 10 Long 0 10,First,#,OSDS_dots_w_BlkGrps_Clean_atts,Field1,-1,-1;X "X" true true false 19 Double 0 0,First,#,OSDS_dots_w_BlkGrps_Clean_atts,X,-1,-1;Y "Y" true true false 19 Double 0 0,First,#,OSDS_dots_w_BlkGrps_Clean_atts,Y,-1,-1;Island "Island" true true false 254 Text 0 0,First,#,OSDS_dots_w_BlkGrps_Clean_atts,Island,0,253;TMK "TMK" true true false 10 Long 0 10,First,#,OSDS_dots_w_BlkGrps_Clean_atts,TMK,-1,-1;Uid "Uid" true true false 254 Text 0 0,First,#,OSDS_dots_w_BlkGrps_Clean_atts,Uid,0,253;BlockGp_ID "BlockGp_ID" true true false 10 Long 0 10,First,#,OSDS_dots_w_BlkGrps_Clean_atts,BlockGp_ID,-1,-1;Name_ID "Name_ID" true true false 254 Text 0 0,First,#,OSDS_dots_w_BlkGrps_Clean_atts,Name_ID,0,253;BlockGp__1 "BlockGp__1" true true false 10 Long 0 10,First,#,OSDS_dots_w_BlkGrps_Clean_atts,BlockGp__1,-1,-1;Final_Prio "Final_Prio" true true false 19 Double 0 0,First,#,OSDS_dots_w_BlkGrps_Clean_atts,Final_Prio,-1,-1;OSDS_count "OSDS_count" true true false 10 Long 0 10,First,#,OSDS_dots_w_BlkGrps_Clean_atts,OSDS_count,-1,-1;In_2017_CP "In_2017_CP" true true false 254 Text 0 0,First,#,OSDS_dots_w_BlkGrps_Clean_atts,In_2017_CP,0,253;Final_Cat_ "Final_Cat_" true true false 254 Text 0 0,First,#,OSDS_dots_w_BlkGrps_Clean_atts,Final_Cat_,0,253;Fin_Rank "Fin_Rank" true true false 19 Double 0 0,First,#,OSDS_dots_w_BlkGrps_Clean_atts,Fin_Rank,-1,-1" #</Process><Process ToolSource="c:\program files\arcgis\pro\Resources\ArcToolbox\toolboxes\Data Management Tools.tbx\DeleteField" Date="20250430" Time="054425">DeleteField Molokai_CP_BlkGrps_FinalPriority_Weighted BlockGp__1 "Delete Fields"</Process><Process ToolSource="c:\program files\arcgis\pro\Resources\ArcToolbox\toolboxes\Data Management Tools.tbx\DeleteField" Date="20250430" Time="054636">DeleteField Molokai_CP_BlkGrps_FinalPriority_Weighted Join_Count "Delete Fields"</Process><Process ToolSource="c:\program files\arcgis\pro\Resources\ArcToolbox\toolboxes\Data Management Tools.tbx\DeleteField" Date="20250430" Time="054641">DeleteField Molokai_CP_BlkGrps_FinalPriority_Weighted TARGET_FID "Delete Fields"</Process><Process ToolSource="c:\program files\arcgis\pro\Resources\ArcToolbox\toolboxes\Data Management Tools.tbx\DeleteField" Date="20250430" Time="054645">DeleteField Molokai_CP_BlkGrps_FinalPriority_Weighted Field1 "Delete Fields"</Process></lineage><itemProps><itemName Sync="TRUE">Molokai_CP_BlkGrps_FinalPriority_Weighted</itemName><imsContentType Sync="TRUE">002</imsContentType><itemSize Sync="TRUE">0.000</itemSize><itemLocation><linkage Sync="TRUE">file://\\DESKTOP-OL60C57\C$\Users\CS\Desktop\Git_Repos\HCPT_Molokai\Scripts\Outputs\Manually_Generated_Use_in_App\Molokai_CP_BlkGrps_FinalPriority_Weighted.shp</linkage><protocol Sync="TRUE">Local Area Network</protocol></itemLocation></itemProps><coordRef><type Sync="TRUE">Geographic</type><geogcsn Sync="TRUE">GCS_WGS_1984</geogcsn><csUnits Sync="TRUE">Angular Unit: Degree (0.017453)</csUnits><peXml Sync="TRUE">&lt;GeographicCoordinateSystem xsi:type='typens:GeographicCoordinateSystem' xmlns:xsi='http://www.w3.org/2001/XMLSchema-instance' xmlns:xs='http://www.w3.org/2001/XMLSchema' xmlns:typens='http://www.esri.com/schemas/ArcGIS/3.3.0'&gt;&lt;WKT&gt;GEOGCS[&amp;quot;GCS_WGS_1984&amp;quot;,DATUM[&amp;quot;D_WGS_1984&amp;quot;,SPHEROID[&amp;quot;WGS_1984&amp;quot;,6378137.0,298.257223563]],PRIMEM[&amp;quot;Greenwich&amp;quot;,0.0],UNIT[&amp;quot;Degree&amp;quot;,0.0174532925199433],AUTHORITY[&amp;quot;EPSG&amp;quot;,4326]]&lt;/WKT&gt;&lt;XOrigin&gt;-400&lt;/XOrigin&gt;&lt;YOrigin&gt;-400&lt;/YOrigin&gt;&lt;XYScale&gt;11258999068426.238&lt;/XYScale&gt;&lt;ZOrigin&gt;-100000&lt;/ZOrigin&gt;&lt;ZScale&gt;10000&lt;/ZScale&gt;&lt;MOrigin&gt;-100000&lt;/MOrigin&gt;&lt;MScale&gt;10000&lt;/MScale&gt;&lt;XYTolerance&gt;8.983152841195215e-09&lt;/XYTolerance&gt;&lt;ZTolerance&gt;0.001&lt;/ZTolerance&gt;&lt;MTolerance&gt;0.001&lt;/MTolerance&gt;&lt;HighPrecision&gt;true&lt;/HighPrecision&gt;&lt;LeftLongitude&gt;-180&lt;/LeftLongitude&gt;&lt;WKID&gt;4326&lt;/WKID&gt;&lt;LatestWKID&gt;4326&lt;/LatestWKID&gt;&lt;/GeographicCoordinateSystem&gt;</peXml></coordRef></DataProperties><SyncDate>20250430</SyncDate><SyncTime>05423700</SyncTime><ModDate>20250430</ModDate><ModTime>05423700</ModTime></Esri><dataIdInfo><envirDesc Sync="TRUE">Microsoft Windows 10 Version 10.0 (Build 19044) ; Esri ArcGIS 13.3.2.52636</envirDesc><dataLang><languageCode value="eng" Sync="TRUE"></languageCode><countryCode value="USA" Sync="TRUE"></countryCode></dataLang><idCitation><resTitle Sync="TRUE">Molokai_CP_BlkGrps_FinalPriority_Weighted</resTitle><presForm><PresFormCd value="005" Sync="TRUE"></PresFormCd></presForm></idCitation><spatRpType><SpatRepTypCd value="001" Sync="TRUE"></SpatRepTypCd></spatRpType></dataIdInfo><mdLang><languageCode value="eng" Sync="TRUE"></languageCode><countryCode value="USA" Sync="TRUE"></countryCode></mdLang><mdChar><CharSetCd value="004" Sync="TRUE"></CharSetCd></mdChar><distInfo><distFormat><formatName Sync="TRUE">Shapefile</formatName></distFormat><distTranOps><transSize Sync="TRUE">0.000</transSize></distTranOps></distInfo><mdHrLv><ScopeCd value="005" Sync="TRUE"></ScopeCd></mdHrLv><mdHrLvName Sync="TRUE">dataset</mdHrLvName><refSysInfo><RefSystem><refSysID><identCode code="4326" Sync="TRUE"></identCode><idCodeSpace Sync="TRUE">EPSG</idCodeSpace><idVersion Sync="TRUE">6.2(3.0.1)</idVersion></refSysID></RefSystem></refSysInfo><spatRepInfo><VectSpatRep><geometObjs Name="Molokai_CP_BlkGrps_FinalPriority_Weighted"><geoObjTyp><GeoObjTypCd value="004" Sync="TRUE"></GeoObjTypCd></geoObjTyp><geoObjCnt Sync="TRUE">0</geoObjCnt></geometObjs><topLvl><TopoLevCd value="001" Sync="TRUE"></TopoLevCd></topLvl></VectSpatRep></spatRepInfo><spdoinfo><ptvctinf><esriterm Name="Molokai_CP_BlkGrps_FinalPriority_Weighted"><efeatyp Sync="TRUE">Simple</efeatyp><efeageom code="1" Sync="TRUE"></efeageom><esritopo Sync="TRUE">FALSE</esritopo><efeacnt Sync="TRUE">0</efeacnt><spindex Sync="TRUE">FALSE</spindex><linrefer Sync="TRUE">FALSE</linrefer></esriterm></ptvctinf></spdoinfo><eainfo><detailed Name="Molokai_CP_BlkGrps_FinalPriority_Weighted"><enttyp><enttypl Sync="TRUE">Molokai_CP_BlkGrps_FinalPriority_Weighted</enttypl><enttypt Sync="TRUE">Feature Class</enttypt><enttypc Sync="TRUE">0</enttypc></enttyp><attr><attrlabl Sync="TRUE">FID</attrlabl><attalias Sync="TRUE">FID</attalias><attrtype Sync="TRUE">OID</attrtype><attwidth Sync="TRUE">4</attwidth><atprecis Sync="TRUE">0</atprecis><attscale Sync="TRUE">0</attscale><attrdef Sync="TRUE">Internal feature number.</attrdef><attrdefs Sync="TRUE">Esri</attrdefs><attrdomv><udom Sync="TRUE">Sequential unique whole numbers that are automatically generated.</udom></attrdomv></attr><attr><attrlabl Sync="TRUE">Shape</attrlabl><attalias Sync="TRUE">Shape</attalias><attrtype Sync="TRUE">Geometry</attrtype><attwidth Sync="TRUE">0</attwidth><atprecis Sync="TRUE">0</atprecis><attscale Sync="TRUE">0</attscale><attrdef Sync="TRUE">Feature geometry.</attrdef><attrdefs Sync="TRUE">Esri</attrdefs><attrdomv><udom Sync="TRUE">Coordinates defining the features.</udom></attrdomv></attr><attr><attrlabl Sync="TRUE">Join_Count</attrlabl><attalias Sync="TRUE">Join_Count</attalias><attrtype Sync="TRUE">Integer</attrtype><attwidth Sync="TRUE">10</attwidth><atprecis Sync="TRUE">10</atprecis><attscale Sync="TRUE">0</attscale></attr><attr><attrlabl Sync="TRUE">TARGET_FID</attrlabl><attalias Sync="TRUE">TARGET_FID</attalias><attrtype Sync="TRUE">Integer</attrtype><attwidth Sync="TRUE">10</attwidth><atprecis Sync="TRUE">10</atprecis><attscale Sync="TRUE">0</attscale></attr><attr><attrlabl Sync="TRUE">Field1</attrlabl><attalias Sync="TRUE">Field1</attalias><attrtype Sync="TRUE">Integer</attrtype><attwidth Sync="TRUE">10</attwidth><atprecis Sync="TRUE">10</atprecis><attscale Sync="TRUE">0</attscale></attr><attr><attrlabl Sync="TRUE">X</attrlabl><attalias Sync="TRUE">X</attalias><attrtype Sync="TRUE">Double</attrtype><attwidth Sync="TRUE">19</attwidth><atprecis Sync="TRUE">0</atprecis><attscale Sync="TRUE">0</attscale></attr><attr><attrlabl Sync="TRUE">Y</attrlabl><attalias Sync="TRUE">Y</attalias><attrtype Sync="TRUE">Double</attrtype><attwidth Sync="TRUE">19</attwidth><atprecis Sync="TRUE">0</atprecis><attscale Sync="TRUE">0</attscale></attr><attr><attrlabl Sync="TRUE">Island</attrlabl><attalias Sync="TRUE">Island</attalias><attrtype Sync="TRUE">String</attrtype><attwidth Sync="TRUE">254</attwidth><atprecis Sync="TRUE">0</atprecis><attscale Sync="TRUE">0</attscale></attr><attr><attrlabl Sync="TRUE">TMK</attrlabl><attalias Sync="TRUE">TMK</attalias><attrtype Sync="TRUE">Integer</attrtype><attwidth Sync="TRUE">10</attwidth><atprecis Sync="TRUE">10</atprecis><attscale Sync="TRUE">0</attscale></attr><attr><attrlabl Sync="TRUE">Uid</attrlabl><attalias Sync="TRUE">Uid</attalias><attrtype Sync="TRUE">String</attrtype><attwidth Sync="TRUE">254</attwidth><atprecis Sync="TRUE">0</atprecis><attscale Sync="TRUE">0</attscale></attr><attr><attrlabl Sync="TRUE">BlockGp_ID</attrlabl><attalias Sync="TRUE">BlockGp_ID</attalias><attrtype Sync="TRUE">Integer</attrtype><attwidth Sync="TRUE">10</attwidth><atprecis Sync="TRUE">10</atprecis><attscale Sync="TRUE">0</attscale></attr><attr><attrlabl Sync="TRUE">Name_ID</attrlabl><attalias Sync="TRUE">Name_ID</attalias><attrtype Sync="TRUE">String</attrtype><attwidth Sync="TRUE">254</attwidth><atprecis Sync="TRUE">0</atprecis><attscale Sync="TRUE">0</attscale></attr><attr><attrlabl Sync="TRUE">BlockGp__1</attrlabl><attalias Sync="TRUE">BlockGp__1</attalias><attrtype Sync="TRUE">Integer</attrtype><attwidth Sync="TRUE">10</attwidth><atprecis Sync="TRUE">10</atprecis><attscale Sync="TRUE">0</attscale></attr><attr><attrlabl Sync="TRUE">Final_Prio</attrlabl><attalias Sync="TRUE">Final_Prio</attalias><attrtype Sync="TRUE">Double</attrtype><attwidth Sync="TRUE">19</attwidth><atprecis Sync="TRUE">0</atprecis><attscale Sync="TRUE">0</attscale></attr><attr><attrlabl Sync="TRUE">OSDS_count</attrlabl><attalias Sync="TRUE">OSDS_count</attalias><attrtype Sync="TRUE">Integer</attrtype><attwidth Sync="TRUE">10</attwidth><atprecis Sync="TRUE">10</atprecis><attscale Sync="TRUE">0</attscale></attr><attr><attrlabl Sync="TRUE">In_2017_CP</attrlabl><attalias Sync="TRUE">In_2017_CP</attalias><attrtype Sync="TRUE">String</attrtype><attwidth Sync="TRUE">254</attwidth><atprecis Sync="TRUE">0</atprecis><attscale Sync="TRUE">0</attscale></attr><attr><attrlabl Sync="TRUE">Final_Cat_</attrlabl><attalias Sync="TRUE">Final_Cat_</attalias><attrtype Sync="TRUE">String</attrtype><attwidth Sync="TRUE">254</attwidth><atprecis Sync="TRUE">0</atprecis><attscale Sync="TRUE">0</attscale></attr><attr><attrlabl Sync="TRUE">Fin_Rank</attrlabl><attalias Sync="TRUE">Fin_Rank</attalias><attrtype Sync="TRUE">Double</attrtype><attwidth Sync="TRUE">19</attwidth><atprecis Sync="TRUE">0</atprecis><attscale Sync="TRUE">0</attscale></attr></detailed></eainfo><mdDateSt Sync="TRUE">20250430</mdDateSt></metadata>
