,Uid,dist2_coast_m
0,-157.13194_21.14422,5113.371334908346
1,-157.25780_21.14791,1866.9878746183929
2,-157.24613_21.19028,223.94608054808845
3,-157.20856_21.15703,5006.257037085926
4,-157.21922_21.17738,3218.207511129388
5,-157.21093_21.17253,4190.60472371182
6,-157.20814_21.16662,4610.8578759431875
7,-157.24633_21.18319,363.6137457111128
8,-157.24587_21.18317,406.36608380173567
9,-157.24543_21.18312,449.3256358704622
10,-157.24389_21.18321,589.9582713693584
11,-157.24301_21.18322,672.2227121318078
12,-157.22836_21.17295,2439.5438200579542
13,-157.22915_21.17232,2377.8569802381962
14,-157.25752_21.16708,320.90290833197486
15,-157.25225_21.17288,259.0790053194804
16,-157.23650_21.18016,1427.6082622183856
17,-157.24170_21.18236,836.3471579551139
18,-157.23469_21.18124,1558.4846838902972
19,-157.23121_21.17582,2085.3770272150596
20,-157.23136_21.17679,2057.4593108625045
21,-157.23181_21.17986,1890.924394314991
22,-157.23348_21.17754,1831.1847178404125
23,-157.23346_21.17572,1856.5967368485155
24,-157.27220_21.15726,224.13603730942776
25,-157.27072_21.15325,675.0376706971949
26,-157.26758_21.15938,250.44008012094898
27,-157.26660_21.15993,261.1387928884906
28,-157.26175_21.16380,288.7985281945343
29,-156.98750_21.07828,241.96217842245323
30,-156.98726_21.07819,240.67692598405517
31,-156.98642_21.07789,242.8485145644648
32,-156.98697_21.07781,212.8579310510914
33,-156.98728_21.07744,163.56084707035126
34,-156.98824_21.07720,103.49503209260328
35,-156.98806_21.07713,101.8682030821232
36,-156.98814_21.07745,132.91559559069486
37,-156.98796_21.07792,188.03942577976937
38,-156.98781_21.07782,182.88966921233344
39,-157.00002_21.08562,636.6937785189676
40,-157.00017_21.08539,608.788727968442
41,-157.00031_21.08518,583.253006556496
42,-157.00043_21.08498,560.0073179273971
43,-157.00078_21.08444,496.63074685506945
44,-157.00089_21.08427,476.72352882361434
45,-156.99628_21.08483,692.138905113834
46,-156.99612_21.08507,722.7498743761778
47,-156.99580_21.08554,784.0997882398749
48,-156.99588_21.08630,853.7067813392065
49,-156.98738_21.07707,121.64472987761442
50,-156.98773_21.07739,141.37360056146463
51,-156.98855_21.07734,106.9628620723016
52,-156.98868_21.07753,121.94048477592804
53,-156.98881_21.07786,153.77463053365577
54,-157.10458_21.16571,3210.800723471737
55,-157.09902_21.16447,3319.092685190972
56,-157.10404_21.14645,4794.0527293416835
57,-157.07005_21.14893,4186.217442763913
58,-157.07164_21.14981,4129.633418969655
59,-157.05835_21.17505,1176.354685349366
60,-157.05894_21.17629,1050.010368180285
61,-157.05935_21.17527,1157.3629569700627
62,-157.05927_21.17575,1105.2945370773127
63,-156.98901_21.07795,159.33749055710746
64,-156.98876_21.07856,230.934987417112
65,-156.98854_21.07856,234.9525338195996
66,-156.99727_21.08526,687.3218404934828
67,-156.99738_21.08476,631.4605506567193
68,-156.99775_21.08421,560.400803174703
69,-156.99801_21.08400,528.4494826818449
70,-156.99819_21.08371,492.3478087858097
71,-157.08150_21.15589,3709.4338067260724
72,-157.08349_21.15446,3910.5389508143116
73,-157.11548_21.17975,1679.9224228116295
74,-157.11353_21.18030,1577.1514807877054
75,-157.08203_21.18424,667.5202144148784
76,-157.08359_21.18458,685.0817150030654
77,-157.08543_21.18104,1120.8556470346996
78,-157.06544_21.15892,3005.5003177529793
79,-156.95489_21.06662,34.82973659619442
80,-156.95508_21.06664,33.26742385215076
81,-156.95531_21.06666,31.160198548875467
82,-156.95592_21.06668,33.21857545522709
83,-156.95629_21.06669,39.6420682995073
84,-156.95462_21.06733,116.59754843265587
85,-156.95265_21.06691,132.5251144875324
86,-156.95364_21.06646,42.77052200943796
87,-157.28756_21.14135,172.35355498456596
88,-157.07443_21.15027,4165.294199771178
89,-157.06373_21.16454,2362.726862655524
90,-157.07261_21.16906,2164.5007667666555
91,-157.07323_21.17329,1696.0750132144883
92,-157.07480_21.17363,1660.9153857709948
93,-157.07637_21.17397,1643.0899877185088
94,-157.07803_21.17374,1702.5064626245935
95,-157.07948_21.17452,1654.6517794943054
96,-157.08099_21.17490,1664.5749823785213
97,-157.08246_21.17534,1642.6795281014822
98,-157.06868_21.17164,1744.8506306135807
99,-157.06922_21.16945,1988.5934102526792
100,-157.07747_21.17752,1281.8678505190953
101,-157.07009_21.16708,2264.5701146143674
102,-157.07035_21.16475,2513.3771637038817
103,-157.07058_21.16381,2619.709321424966
104,-157.07134_21.16069,2970.334989202548
105,-157.07103_21.15953,3080.7929598562246
106,-157.07140_21.15960,3085.5616015502446
107,-157.07178_21.15969,3090.5839306448133
108,-157.07216_21.15976,3096.310868471872
109,-157.07218_21.16387,2677.4894464933254
110,-157.07375_21.16420,2701.4558530819572
111,-157.07646_21.16490,2639.134520299678
112,-157.07593_21.16877,2207.6393952920807
113,-157.07941_21.16132,3077.4735809994104
114,-157.08003_21.16555,2633.3392061387203
115,-157.08252_21.16217,3057.086233301702
116,-157.08066_21.16978,2193.240111320305
117,-157.08318_21.16622,2646.135115184876
118,-156.86999_21.05081,58.11272765304336
119,-156.87096_21.05074,32.160997657397026
120,-157.00100_21.08410,457.57104652937835
121,-157.00110_21.08394,439.150817817808
122,-157.00130_21.08364,403.98627532038887
123,-157.00150_21.08333,369.228684298476
124,-157.00160_21.08317,352.01758123183953
125,-157.00170_21.08302,334.979379511366
126,-157.00180_21.08287,318.03776393669835
127,-157.00210_21.08241,269.7565021903011
128,-157.00220_21.08225,254.64760594483897
129,-157.00227_21.08189,215.98483386675846
130,-157.00318_21.08174,182.5672993654848
131,-157.00341_21.08185,189.30616382690044
132,-157.00309_21.08224,238.32148000543748
133,-157.09556_21.14667,4767.634538767802
134,-157.12755_21.14364,4978.612980657396
135,-157.11619_21.15212,4705.962211334741
136,-157.09711_21.16406,3288.051782578649
137,-157.10089_21.16492,3300.2776081734924
138,-157.07593_21.15079,4164.419501428583
139,-157.07827_21.15148,4136.676815588468
140,-157.06701_21.15771,3167.7605756179755
141,-157.06861_21.15797,3176.646161992965
142,-157.07200_21.15066,4049.225382559039
143,-157.07194_21.15851,3218.377832077209
144,-157.07360_21.15888,3242.691876111054
145,-157.07527_21.15923,3256.1459291550805
146,-157.07867_21.15249,4030.856661434976
147,-157.08341_21.15778,3550.708289010924
148,-157.08080_21.15855,3406.675665697252
149,-157.08163_21.16030,3237.2579774767023
150,-157.08261_21.16087,3198.285594638796
151,-157.09087_21.16281,3205.286659896896
152,-157.09301_21.16322,3237.520986355356
153,-157.09674_21.15794,3909.238588379565
154,-157.08416_21.16128,3198.835661679542
155,-157.08933_21.16006,3449.017749679488
156,-157.09575_21.15778,3895.2651243897276
157,-157.08719_21.15855,3561.292952827794
158,-157.08086_21.15942,3313.6475648152827
159,-157.08181_21.15376,3947.209757027707
160,-157.08184_21.15496,3817.588442999271
161,-156.95257_21.06707,151.16300676176647
162,-156.95249_21.06722,169.94875092308487
163,-156.95242_21.06738,189.0460933153249
164,-156.95232_21.06753,208.3984669890388
165,-156.95223_21.06776,236.18229751306598
166,-156.95193_21.06780,253.48658009046684
167,-156.95166_21.06782,267.39467313857614
168,-156.95161_21.06765,251.1149746161369
169,-156.95186_21.06738,214.59882696647549
170,-156.95204_21.06722,190.61297061760726
171,-156.95180_21.06721,199.27182938397476
172,-156.95155_21.06727,214.94972822598262
173,-156.95156_21.06707,194.3654929564794
174,-156.95165_21.06681,164.13520511813087
175,-156.95186_21.06677,151.6263394214397
176,-156.95207_21.06684,150.9288286285239
177,-156.95225_21.06609,66.0399486105852
178,-156.95207_21.06601,65.1916189627081
179,-156.95362_21.06737,139.97340351822595
180,-156.94586_21.07134,890.6079367024183
181,-156.93975_21.07173,1022.9588734962113
182,-156.76197_21.09679,207.10221992051132
183,-156.76287_21.09747,318.5804914973008
184,-156.76363_21.09848,454.38743566065835
185,-157.00741_21.16127,2101.647110227982
186,-157.00769_21.16119,2119.4505437020252
187,-157.05891_21.17517,1173.7595434792145
188,-157.06179_21.17893,757.1492010137732
189,-157.06326_21.18022,652.6755487209214
190,-157.06483_21.18059,681.123107385507
191,-157.05941_21.17631,1042.6213036194195
192,-157.05985_21.17731,927.8571172208476
193,-157.06076_21.17765,888.5057980552243
194,-157.06090_21.17688,973.8675957379596
195,-157.06107_21.17648,1018.6620724524793
196,-157.06031_21.17636,1030.5611773991438
197,-157.05991_21.17547,1131.7787668101187
198,-157.00697_21.16215,1994.5430008428332
199,-157.00687_21.16186,2021.3493209532273
200,-157.00669_21.16195,2005.377656394629
201,-157.00653_21.16204,1990.7884630867047
202,-157.00676_21.16228,1973.3988552681888
203,-157.00675_21.16256,1944.181948262717
204,-157.00607_21.16231,1947.495534344872
205,-157.00554_21.16218,1944.8287411165345
206,-157.00556_21.16198,1966.3321450558124
207,-157.00579_21.16191,1981.1227096038288
208,-157.00597_21.16181,1997.0031697428478
209,-156.97902_21.07264,85.0700842103448
210,-156.97856_21.07244,104.09837525715312
211,-156.97779_21.07208,139.69166884111755
212,-156.97743_21.07189,114.70541684825136
213,-156.98923_21.07688,38.03279255152269
214,-156.98888_21.07686,44.60434496527439
215,-157.06210_21.16463,2334.7835198503103
216,-157.06519_21.16514,2323.9150551408065
217,-157.06656_21.16647,2211.8264705724505
218,-157.06882_21.16369,2571.6028873797877
219,-157.04613_21.16245,2616.64303979793
220,-157.06121_21.17479,1206.4667540105395
221,-157.06346_21.17201,1542.9509995473566
222,-157.06472_21.17397,1360.528733924821
223,-157.06586_21.17588,1196.6921756911124
224,-157.04328_21.16448,2454.022389758221
225,-157.00406_21.16160,1970.2956381340152
226,-157.00311_21.16169,1942.4330502807682
227,-157.00333_21.16198,1914.7116639434003
228,-157.00368_21.16239,1877.1043105629135
229,-157.00388_21.16229,1891.480239495131
230,-157.00425_21.16210,1920.1575451447518
231,-157.00443_21.16201,1934.3767507631005
232,-157.00631_21.16162,2027.20276744162
233,-157.00647_21.16153,2041.9626214984196
234,-157.00520_21.16214,1939.6012207037702
235,-157.00529_21.16230,1924.8716060483166
236,-157.00547_21.16261,1896.9292316453127
237,-157.00556_21.16277,1883.02925313832
238,-156.99814_21.08295,416.4507806278229
239,-157.00460_21.16186,1953.7872880603338
240,-157.00488_21.16254,1887.4216526975367
241,-157.00408_21.16278,1842.8628332759808
242,-157.00419_21.16303,1818.2157475784286
243,-157.00376_21.16340,1768.704170650309
244,-157.00434_21.16375,1744.1120545738534
245,-157.00416_21.16344,1773.4546315968473
246,-157.00483_21.16353,1780.098118267682
247,-157.00476_21.16333,1799.9257948303473
248,-157.00469_21.16316,1816.3567167144947
249,-157.00555_21.16355,1799.540153061039
250,-157.00567_21.16376,1781.5063146861664
251,-157.00578_21.16396,1763.9641432406847
252,-157.00556_21.16401,1751.5857665799408
253,-157.00538_21.16370,1779.049468902409
254,-157.00522_21.16378,1765.963308422397
255,-157.00540_21.16409,1738.3658987912709
256,-157.00491_21.16393,1740.3256534658947
257,-157.00509_21.16424,1712.2866576319077
258,-157.00481_21.16418,1711.107625461411
259,-157.00414_21.16427,1683.5368089591295
260,-157.00435_21.16454,1660.2873063004974
261,-157.00459_21.16481,1638.148208816315
262,-157.00489_21.16479,1648.3142741446848
263,-157.00547_21.16464,1682.729516098489
264,-157.00592_21.16462,1700.0600087032985
265,-157.00575_21.16438,1719.6563530657095
266,-157.00603_21.16426,1742.0566693064013
267,-157.00616_21.16454,1717.2009102716675
268,-157.00505_21.16292,1852.1281001829766
269,-157.05414_21.17199,1505.0960652454746
270,-157.06280_21.16713,2066.2595652987716
271,-157.06308_21.16722,2060.2443669713575
272,-157.06338_21.16727,2058.2077929348525
273,-157.06367_21.16735,2054.6172235677245
274,-157.05438_21.17224,1475.2599347767587
275,-157.05462_21.17249,1445.7043228046343
276,-157.05489_21.17273,1416.8854068193232
277,-157.05513_21.17299,1386.45600053158
278,-157.03023_21.09296,232.37757738609017
279,-157.03305_21.09458,63.70570645526872
280,-157.03387_21.09496,64.94948834115871
281,-157.07721_21.18321,665.9246072686027
282,-157.07877_21.18354,689.4363516486903
283,-157.07478_21.17968,993.4499709100556
284,-157.06762_21.17599,1266.8679348673516
285,-157.07008_21.17262,1718.134208803931
286,-157.07129_21.17273,1760.0499161765085
287,-157.07016_21.17654,1347.9097070954663
288,-157.07045_21.17660,1340.76535079714
289,-157.07074_21.17666,1330.334786659256
290,-157.07104_21.17672,1320.6247410435942
291,-157.07133_21.17679,1310.6158273505741
292,-157.08469_21.16657,2639.148714661062
293,-157.08606_21.16793,2520.8780102152987
294,-157.08786_21.16719,2647.2730787965875
295,-157.08844_21.17135,2230.202416733213
296,-157.09097_21.16782,2691.513557201547
297,-157.09252_21.16821,2692.47684687357
298,-157.09504_21.16464,3151.1251996494793
299,-157.07518_21.16508,2608.171404551562
300,-157.03453_21.09521,57.09503692332871
301,-157.02861_21.09604,542.7162923275351
302,-157.03177_21.09674,335.5498654175895
303,-157.03387_21.09658,222.86461066010654
304,-157.04190_21.09985,424.1335284067082
305,-157.04395_21.10145,617.9367378985108
306,-157.04702_21.10328,791.8466024433247
307,-157.04836_21.10315,723.6122005527486
308,-157.04870_21.10500,896.4682499815835
309,-157.04969_21.10587,949.7013956243239
310,-157.04145_21.10320,797.2564268952942
311,-157.04297_21.10333,812.9306257592444
312,-157.04397_21.10364,859.1428159268455
313,-157.04511_21.10404,898.9974888188225
314,-157.04587_21.10469,975.9307540112469
315,-157.04715_21.10509,970.0947196576607
316,-156.99801_21.08314,440.8991714067003
317,-156.99752_21.08390,539.0703015715271
318,-156.99739_21.08409,563.5063916635195
319,-156.99713_21.08446,612.4121267638246
320,-156.99701_21.08465,636.8304052255704
321,-156.99687_21.08485,662.8431584797378
322,-156.99658_21.08527,718.0749458081432
323,-156.99621_21.08582,789.9583415933789
324,-156.99862_21.08139,240.39398602793548
325,-156.99822_21.08195,314.8754533863785
326,-156.99810_21.08214,339.26606929198084
327,-156.99797_21.08233,363.86346014133204
328,-156.99784_21.08252,388.3588318250845
329,-156.99772_21.08271,412.9971766371982
330,-156.99747_21.08308,462.1961854833296
331,-156.99735_21.08327,486.6085494144277
332,-156.99704_21.08340,514.7313559591049
333,-156.99692_21.08357,538.1120015482916
334,-156.99669_21.08381,571.9149357762304
335,-156.99684_21.08402,584.6084451891496
336,-156.99671_21.08420,609.1835341950664
337,-156.99658_21.08439,633.7026602244879
338,-156.98834_21.07849,233.72462933597683
339,-156.98783_21.07813,214.61438291167954
340,-156.98773_21.07839,244.87735830253084
341,-156.98755_21.07805,216.4476330736683
342,-156.98738_21.07798,214.65513189131372
343,-156.98685_21.07802,239.0247212767093
344,-156.98655_21.07763,210.237423761162
345,-156.98645_21.07850,303.72955925210795
346,-156.98667_21.07856,301.86801126904527
347,-156.98688_21.07864,301.55231909613565
348,-156.98735_21.07867,287.8954473853544
349,-157.00588_21.16273,1897.0012690183225
350,-157.00612_21.16270,1907.5544226208224
351,-157.00625_21.16290,1890.7586402408194
352,-157.06633_21.18101,728.3770229129152
353,-157.06786_21.18123,776.292665555
354,-157.06942_21.18156,792.4746220904547
355,-157.07098_21.18190,751.4183747261114
356,-157.07255_21.18223,707.5917626695441
357,-157.07566_21.18292,657.0447083671777
358,-156.85161_21.05797,69.42934862231812
359,-156.87697_21.04899,232.8000964830649
360,-156.87755_21.04803,134.63761573486894
361,-156.87726_21.04898,232.02117219291458
362,-156.76117_21.09520,13.065890036837185
363,-156.76187_21.09609,135.32188778994473
364,-156.76199_21.09639,170.2613210919585
365,-156.98789_21.07911,314.1323241877702
366,-156.98706_21.07882,313.30432205542706
367,-157.00248_21.08288,325.96776522821636
368,-157.00237_21.08303,342.361756812422
369,-157.00226_21.08318,356.59176247348046
370,-157.00215_21.08333,371.32679717592805
371,-157.00204_21.08347,386.4752422698797
372,-157.00193_21.08362,402.11254096048737
373,-157.00161_21.08407,450.82059089307165
374,-157.00138_21.08437,484.3352819830631
375,-157.00115_21.08468,520.6810163473366
376,-157.00103_21.08485,539.8846076414811
377,-157.00090_21.08503,560.4525291941625
378,-157.00076_21.08522,582.1974407356473
379,-157.00061_21.08541,605.4490203538884
380,-157.00046_21.08562,630.2809120834111
381,-157.00030_21.08585,656.9081841861987
382,-157.00013_21.08608,684.70771755599
383,-156.95339_21.06640,47.802155411508714
384,-156.95436_21.06659,39.6138762567128
385,-156.95454_21.06661,38.924798696805546
386,-156.95471_21.06662,37.30549662696047
387,-156.79584_21.07375,232.84377791451655
388,-157.09732_21.16916,2771.46674793436
389,-157.09888_21.16950,2774.9699813900197
390,-157.08724_21.16317,3062.5350094831883
391,-157.08664_21.17198,2102.88217187954
392,-157.08726_21.17619,1687.4350685035554
393,-156.76241_21.09543,100.61148387764273
394,-156.77030_21.09000,67.99807949837911
395,-156.77278_21.08783,126.46549553298657
396,-156.77363_21.08723,95.52767922877372
397,-156.77535_21.08943,396.671392500939
398,-156.77466_21.08658,146.3660759577409
399,-156.79158_21.07644,280.18135991693254
400,-156.79130_21.07665,252.26557153944253
401,-156.78955_21.07762,102.15102159355577
402,-156.78581_21.08057,101.98851562760623
403,-156.79344_21.07649,409.6560032834254
404,-157.00011_21.16149,1942.413718801771
405,-157.00730_21.16189,2033.2306300190514
406,-157.00744_21.16210,2015.9639157786844
407,-157.00755_21.16234,1995.4369292982117
408,-157.00739_21.16247,1976.4702365025655
409,-157.00715_21.16255,1958.9333248427279
410,-157.08975_21.17270,2137.037490591752
411,-157.09102_21.17271,2170.5858746633776
412,-157.09193_21.17720,1739.303434800978
413,-157.09363_21.17756,1765.6790890604404
414,-157.09675_21.17823,1800.2837243486877
415,-157.09919_21.17482,2190.7528522444027
416,-157.09778_21.18070,1529.8569913796678
417,-157.10038_21.17677,1995.5670723536252
418,-157.10051_21.18298,1329.0145416223656
419,-157.10779_21.18060,1547.6740645765612
420,-157.10935_21.18094,1489.4546220504417
421,-157.11091_21.18127,1446.2142748573349
422,-157.10076_21.16599,3180.992210482743
423,-157.10105_21.16606,3178.0830286546966
424,-157.10134_21.16612,3175.516644391353
425,-157.10163_21.16618,3173.245919471878
426,-157.10192_21.16624,3168.3233087601916
427,-157.10011_21.17367,2329.6495867639583
428,-157.09982_21.17361,2332.2614667521375
429,-157.09953_21.17355,2335.3500539390075
430,-157.09895_21.17342,2342.801629450996
431,-157.10407_21.16835,2919.6744641312257
432,-157.10525_21.17087,2640.203094122261
433,-157.10681_21.17120,2592.363817396131
434,-157.10837_21.17153,2535.622759546499
435,-157.10992_21.17187,2488.6752684142098
436,-157.11139_21.17218,2453.1762573213236
437,-157.11328_21.17635,2006.2935801819842
438,-157.11397_21.17349,2329.652353009168
439,-156.97155_21.07065,59.34956291028725
440,-156.96346_21.06887,78.35507238333265
441,-156.96478_21.06915,81.71294351699014
442,-156.96024_21.06768,69.50670210192354
443,-156.75801_21.10079,334.89621939170917
444,-156.75281_21.10168,59.646068485748046
445,-156.75338_21.10124,70.82478771611953
446,-157.00697_21.16247,1961.2089022570249
447,-156.98841_21.07668,42.70515323521866
448,-156.98821_21.07658,39.75820815082575
449,-156.98719_21.07612,30.721648094948524
450,-156.98801_21.07649,37.33892870441853
451,-156.97832_21.07236,116.47596467132117
452,-156.97811_21.07225,125.8199975471015
453,-156.98953_21.07709,55.51494350254753
454,-156.98861_21.07676,43.8720662413982
455,-156.98921_21.07709,61.04534146897538
456,-156.98747_21.07630,38.73267526003538
457,-156.98760_21.07619,22.576378046696387
458,-156.98250_21.07395,40.490524334154685
459,-156.98223_21.07383,42.197068893396505
460,-156.98197_21.07368,29.32871406336473
461,-156.98025_21.07313,45.61371006898767
462,-156.97987_21.07299,57.399986613220214
463,-157.01101_21.08273,56.61799899286189
464,-157.01126_21.08286,57.040269673805895
465,-157.01151_21.08300,51.096143167761895
466,-157.01206_21.08326,48.38929712388918
467,-157.01233_21.08334,51.82253771875197
468,-157.01263_21.08345,59.44109560394761
469,-157.01290_21.08353,65.81301903850985
470,-157.01242_21.08416,140.9366266264384
471,-157.01203_21.08385,112.54262562407577
472,-157.01178_21.08374,107.79946962382579
473,-157.01152_21.08362,107.25599051885806
474,-157.01126_21.08350,109.54882045941879
475,-157.01074_21.08326,120.00080966287977
476,-157.01049_21.08375,178.14703935394337
477,-157.01075_21.08388,175.7160188406735
478,-157.01101_21.08400,169.89648657309561
479,-157.01126_21.08412,168.94419913463597
480,-157.01152_21.08424,169.48818019039197
481,-157.01177_21.08436,173.225023295968
482,-157.01230_21.08440,168.21378478636402
483,-157.01216_21.08467,199.6341281621149
484,-157.00911_21.08191,54.00437509630188
485,-157.00945_21.08203,49.395322981989935
486,-157.00970_21.08213,49.532778400087224
487,-157.00996_21.08225,51.059304070150176
488,-157.01021_21.08236,49.51947678546362
489,-157.01049_21.08251,48.71346073754052
490,-157.01075_21.08262,50.76629902849001
491,-157.01048_21.08314,114.07324398038106
492,-157.01022_21.08302,111.63685347344123
493,-157.00996_21.08290,114.23670468044024
494,-157.00970_21.08278,115.83365262565394
495,-157.00945_21.08266,114.17189941894445
496,-157.00919_21.08255,112.64243188035576
497,-157.00883_21.08237,113.17619341850248
498,-157.00856_21.08282,170.01265599019828
499,-157.00895_21.08300,168.89500195847418
500,-157.00921_21.08313,171.07838220214788
501,-157.00946_21.08325,173.3607983596084
502,-157.00971_21.08337,172.07399712326614
503,-157.00997_21.08350,170.51804370136534
504,-157.01022_21.08362,173.2796004272629
505,-156.99849_21.08352,462.5172395978704
506,-156.99829_21.08336,452.0495084602389
507,-156.99868_21.08323,426.30490001252434
508,-156.99886_21.08296,392.1458214452052
509,-156.79552_21.07381,218.95064848770255
510,-156.79419_21.07601,380.8417201736086
511,-156.79606_21.07158,51.36322907581508
512,-156.80277_21.07127,296.3537177610534
513,-156.79589_21.07464,318.03743495004045
514,-156.79631_21.07147,51.464731380574605
515,-156.80188_21.07240,281.0096585365335
516,-156.79894_21.07317,172.24728185836614
517,-156.79790_21.07365,205.78052887751625
518,-156.79687_21.07364,236.5278734902203
519,-156.80129_21.07051,126.83156491417736
520,-156.80416_21.06856,205.4534750414619
521,-156.81570_21.06772,283.30902836920006
522,-156.81191_21.06909,270.77959275669656
523,-156.80615_21.07114,514.2147828827349
524,-157.08974_21.18197,1164.92184267159
525,-157.08573_21.18110,1127.266849868302
526,-157.08944_21.18190,1158.493277914764
527,-157.08603_21.18117,1133.6447616069133
528,-157.08633_21.18123,1140.8375068747146
529,-157.08662_21.18131,1137.6759910869166
530,-156.81677_21.06774,291.23912312669336
531,-156.81913_21.06789,297.4063251745867
532,-156.82418_21.06447,190.87576506780772
533,-157.08914_21.18184,1152.8441308818335
534,-157.08884_21.18177,1148.0576454763998
535,-157.08854_21.18171,1144.1446846520007
536,-157.05218_21.16225,2596.7067550424003
537,-157.05414_21.16241,2561.690955233304
538,-157.05584_21.16296,2494.1763378718865
539,-157.05893_21.16416,2378.42386620008
540,-157.06051_21.16435,2360.3533000496773
541,-157.04439_21.16764,2086.3887893515134
542,-157.04822_21.16631,2167.3091893947385
543,-157.04833_21.16978,1783.4457262856229
544,-157.04908_21.17296,1427.413532884488
545,-157.05332_21.17131,1586.506084941762
546,-157.05252_21.17614,1061.8492684113764
547,-157.05238_21.17824,833.3836677692636
548,-157.05504_21.17902,721.8821192520143
549,-157.05141_21.16901,1859.2305381983688
550,-157.04883_21.17107,1637.4345501501853
551,-157.05693_21.16391,2391.499410564735
552,-157.06987_21.15940,3057.9414991256162
553,-157.06251_21.16710,2066.5159234109124
554,-156.95460_21.07414,862.6829506606152
555,-156.95216_21.07581,1084.3866679208995
556,-156.97114_21.07420,452.29413119133034
557,-156.97017_21.07985,1073.8787476778446
558,-157.04770_21.10623,1063.486688031709
559,-157.02962_21.09637,468.5788829564365
560,-157.04635_21.10278,771.2515259597265
561,-157.04608_21.10267,755.4028488312538
562,-157.04583_21.10256,739.9991642265056
563,-157.04557_21.10244,724.8630163934076
564,-157.04597_21.10339,833.8141660966755
565,-157.04570_21.10329,819.4085768466493
566,-157.04545_21.10318,804.8952162871755
567,-157.04518_21.10306,791.2518673203971
568,-157.04488_21.10293,776.6684036410733
569,-157.04464_21.10283,764.8800577683767
570,-157.04413_21.10261,744.158911127236
571,-157.04383_21.10248,733.2440016140528
572,-157.04358_21.10238,718.6514764246755
573,-157.04332_21.10227,701.7538421680687
574,-157.04308_21.10216,686.1200708446873
575,-157.03017_21.09661,436.7471642072338
576,-157.02930_21.09873,666.0260749546533
577,-157.04001_21.10254,737.7013257242717
578,-157.04677_21.10579,1056.892988245259
579,-157.04750_21.10254,697.0169063254763
580,-157.04660_21.10606,1091.2860495582897
581,-157.04645_21.10637,1129.1780111016628
582,-157.04719_21.10118,576.1007278629161
583,-157.04016_21.09616,33.18453852495305
584,-157.03982_21.09696,119.9910350467715
585,-157.04010_21.09697,123.53176943695172
586,-157.04035_21.09707,134.55964030205135
587,-157.04063_21.09715,146.57099196773075
588,-157.04093_21.09725,159.33343329801912
589,-157.04188_21.09765,181.7857225710812
590,-157.04052_21.09612,32.14618202108498
591,-157.03809_21.09753,204.68141686805427
592,-157.03582_21.10003,542.9318664657459
593,-157.03526_21.09955,500.85127474144167
594,-157.00020_21.08451,512.2245313961103
595,-156.99968_21.08148,208.05001833169646
596,-156.99986_21.08156,209.9240659225856
597,-157.00027_21.08333,383.8808250154447
598,-156.99951_21.08204,272.33679780515683
599,-157.00076_21.08209,238.52439974091598
600,-156.99868_21.08279,380.1158634234976
601,-156.99990_21.08364,427.1582865659848
602,-156.99902_21.08221,307.3911061520521
603,-156.99990_21.08390,454.759668184004
604,-156.99847_21.08307,416.3815787120855
605,-157.00151_21.08258,286.3279860265611
606,-157.00160_21.08241,267.4516923056668
607,-157.00140_21.08227,252.45885370009896
608,-157.00167_21.08206,228.25327496439556
609,-157.00152_21.08197,219.31537918782428
610,-157.00115_21.08197,220.62201937973114
611,-157.05291_21.11069,1335.860710268989
612,-157.05337_21.13140,3488.941862082247
613,-157.05361_21.12899,3225.2276686314954
614,-157.01722_21.15426,3154.6418324303004
615,-157.01594_21.15427,3124.861134986769
616,-157.01490_21.15391,3143.998500616004
617,-157.01373_21.15409,3075.504082596316
618,-157.03017_21.17766,945.1450873261368
619,-157.01318_21.14995,3481.8201699007027
620,-157.05153_21.10787,1075.1308311223327
621,-157.08379_21.10696,563.3695547539007
622,-156.94407_21.06611,339.2130011007266
623,-156.95134_21.06563,63.236071623085905
624,-156.95038_21.06695,239.62090263886574
625,-156.94530_21.06399,98.43986845148727
626,-156.99674_21.07877,76.48746522385093
627,-157.03532_21.10127,686.3487839107302
628,-157.03601_21.09966,500.5122833119104
629,-157.01803_21.16028,2538.470915558649
630,-157.01516_21.15509,3020.4312075656944
631,-157.01420_21.15524,2980.3917151042824
632,-157.01370_21.15546,2936.3764398693183
633,-157.01332_21.15578,2887.703442918061
634,-157.02095_21.16035,2595.628031361218
635,-157.01953_21.16052,2564.2175270934217
636,-157.01181_21.16460,1923.7160923585873
637,-157.05674_21.16611,2146.2866101669247
638,-157.00672_21.16418,1774.2031344747272
639,-157.00980_21.15840,2482.946731750677
640,-157.05498_21.16531,2236.2499437267825
641,-157.05597_21.16574,2186.509247629605
642,-157.05613_21.16715,2030.5650132724218
643,-157.05181_21.16436,2366.983592621437
644,-157.05167_21.16492,2306.1368164516566
645,-157.05153_21.16549,2245.5041621405476
646,-157.05146_21.16577,2215.3060463556685
647,-157.05123_21.16661,2124.6538895220347
648,-157.05105_21.16696,2085.8502050400502
649,-157.05113_21.16732,2045.9190263944515
650,-156.96368_21.06961,152.9167948986396
651,-156.99968_21.08112,173.26445140417874
652,-156.99468_21.07822,59.19573974394931
653,-156.99405_21.07814,54.271029607744936
654,-157.05592_21.16802,1933.7290914155499
655,-157.05570_21.16889,1837.6548402847022
656,-157.05542_21.16998,1717.470570120554
657,-157.05568_21.17138,1562.4871417797165
658,-157.05483_21.17087,1622.292030209544
659,-157.05309_21.16934,1805.586861461632
660,-157.05360_21.16853,1891.1976117247768
661,-157.05397_21.16705,2051.383761649453
662,-157.05416_21.16629,2133.7097286501466
663,-157.05784_21.16642,2119.27059071948
664,-157.05865_21.16660,2107.0179078283004
665,-157.05943_21.16680,2091.9615118176366
666,-157.06032_21.16647,2125.542878396183
667,-157.05942_21.16846,1909.3140562069375
668,-157.05914_21.16957,1788.303995878448
669,-157.05879_21.17096,1630.4938531957587
670,-157.05852_21.17208,1503.640425568867
671,-157.05856_21.17350,1348.6945719977932
672,-157.05781_21.17332,1357.8484028614762
673,-157.05716_21.17278,1411.3997155006741
674,-157.05642_21.17236,1454.0568532775062
675,-157.05710_21.17112,1594.7404261332538
676,-157.05761_21.16909,1822.6606353066318
677,-157.05787_21.16805,1939.9089077404678
678,-157.06102_21.16725,2039.8974908443527
679,-157.06179_21.16743,2023.9228520069848
680,-157.06107_21.16868,1881.97653017544
681,-157.06020_21.17020,1712.9847823051782
682,-157.06047_21.17111,1611.5621210560148
683,-157.06021_21.17219,1493.1094829149072
684,-157.06020_21.17387,1306.5192245419194
685,-157.05941_21.17370,1330.0214653525888
686,-157.05893_21.17041,1693.6137596722326
687,-157.05865_21.17153,1566.4854942820227
688,-157.05178_21.16832,1931.0828669639566
689,-157.06094_21.16922,1822.2702019919548
690,-157.06006_21.16748,2014.3167871544226
691,-157.05726_21.16548,2219.0199484623154
692,-157.05711_21.16607,2153.0096372125477
693,-157.05696_21.17007,1710.2059847716926
694,-157.00466_21.16135,2010.2775372259134
695,-157.00495_21.16122,2031.675886373997
696,-157.00549_21.16100,2069.0698333323417
697,-157.00921_21.16030,2263.3938390054195
698,-157.00850_21.16071,2197.100349132957
699,-157.00737_21.16095,2133.073664543585
700,-157.00787_21.16023,2226.3805855212563
701,-157.00732_21.16045,2183.8666394268043
702,-157.00521_21.16160,1997.457557368699
703,-157.00672_21.16086,2121.132905234752
704,-157.00763_21.16033,2207.9152960096926
705,-157.00662_21.16062,2143.1634241262577
706,-157.04886_21.16546,2257.9692388039675
707,-157.04944_21.16545,2256.471594320906
708,-157.05002_21.16673,2113.8942396466173
709,-157.04994_21.16620,2171.845732227978
710,-157.04985_21.16603,2191.2497434441984
711,-157.05041_21.16600,2192.8139287786207
712,-157.05066_21.16597,2195.5015852679057
713,-157.00708_21.08155,98.42860633344635
714,-157.05083_21.16626,2163.3420058166985
715,-157.05051_21.16631,2158.381470033829
716,-157.05055_21.16658,2128.8173074527745
717,-157.05070_21.16699,2082.539559071818
718,-157.05049_21.16691,2092.479279969314
719,-157.05096_21.16554,2242.90030094671
720,-157.05310_21.16421,2371.143843917541
721,-157.05294_21.16487,2300.4097114372703
722,-157.05286_21.16519,2265.551444739777
723,-157.05277_21.16551,2230.890496470748
724,-157.05253_21.16648,2126.6235215147294
725,-157.05244_21.16681,2091.9650223806493
726,-157.05233_21.16722,2047.031412314879
727,-157.05211_21.16806,1956.6213234917914
728,-157.05260_21.16408,2390.076613279677
729,-157.05251_21.16443,2353.0714003260323
730,-157.05243_21.16475,2318.267463662598
731,-157.05234_21.16507,2283.6486563695003
732,-157.05226_21.16540,2249.228036129429
733,-157.05218_21.16572,2214.199264398481
734,-157.05210_21.16604,2179.0210115862683
735,-157.05201_21.16637,2143.979656835353
736,-157.05193_21.16669,2108.957570154245
737,-157.05191_21.16708,2066.6384129918733
738,-157.05165_21.16730,2045.0394138527295
739,-156.75043_21.13161,2186.9008593009535
740,-156.74406_21.14693,1494.3547045105663
741,-156.95895_21.06726,60.73487728116892
742,-156.95723_21.06685,50.52673378595428
743,-156.95702_21.06678,50.65019879621116
744,-156.98756_21.07875,288.51059441081594
745,-156.98771_21.07889,298.0313167027257
746,-156.98794_21.07889,289.55993516386417
747,-156.98846_21.07757,134.28627903161922
748,-156.98828_21.07804,189.22652841998902
749,-156.99793_21.08438,570.8166709758204
750,-156.99855_21.08422,533.5799071801837
751,-156.99853_21.08458,571.1920542986459
752,-156.99834_21.08485,606.4567931579774
753,-156.99826_21.08511,635.611481486604
754,-156.99801_21.08552,687.6399767109365
755,-156.99785_21.08578,720.7432544893284
756,-156.99775_21.08614,761.2456778939743
757,-156.99907_21.08500,597.4501011864153
758,-156.99951_21.08459,539.3788150153196
759,-157.00003_21.08480,547.5014081431476
760,-156.99969_21.08538,618.6029897798968
761,-156.99951_21.08567,654.2442483194877
762,-156.99934_21.08596,689.8767934658233
763,-156.99851_21.08685,809.9918743625992
764,-156.99782_21.08665,811.5827101620787
765,-156.99748_21.08656,815.2991252470372
766,-156.99721_21.08635,801.7735004962989
767,-156.99709_21.08656,828.2769382862978
768,-156.99679_21.08649,831.4878083492462
769,-156.99758_21.08496,644.0111365438376
770,-156.99818_21.08530,658.2775600066901
771,-156.99871_21.08399,503.45375630756683
772,-156.99780_21.08596,741.4120183981751
773,-156.99825_21.08559,686.6027834262529
774,-156.99853_21.08568,685.895303076749
775,-156.99776_21.08467,607.8397371443556
776,-157.00132_21.08101,113.51316707038923
777,-157.00118_21.08098,111.11772135429173
778,-157.00106_21.08086,99.4956020300938
779,-157.00021_21.08062,99.31307634333523
780,-157.00220_21.08164,188.06294678687655
781,-157.00170_21.08168,187.06915952987927
782,-157.00141_21.08157,175.43663088592487
783,-157.00127_21.08158,176.7146751028532
784,-157.00098_21.08151,171.7875231101513
785,-157.00083_21.08148,170.3230736973858
786,-157.00069_21.08144,169.84345643430032
787,-157.00044_21.08139,173.69028849754193
788,-157.00003_21.08123,169.80771846319212
789,-156.96307_21.06845,42.15010767261743
790,-156.96425_21.06893,65.71487519703014
791,-156.96581_21.06936,88.22221183225378
792,-156.96632_21.06943,60.2092129997012
793,-156.96717_21.06980,42.82134377105126
794,-156.96738_21.06987,40.22499780931352
795,-156.96759_21.06996,38.683675563573054
796,-156.96784_21.07005,35.18582898803897
797,-156.96974_21.07047,35.08090839551315
798,-156.96997_21.07051,39.75636475707034
799,-156.97043_21.07056,47.86357377193986
800,-156.97063_21.07059,51.30263304284798
801,-156.97106_21.07062,55.12029982047046
802,-156.99962_21.08011,67.2325142655494
803,-156.99918_21.08005,83.53885232314995
804,-156.99904_21.08021,106.16876821958859
805,-156.99843_21.07981,107.26116918059843
806,-156.99795_21.08050,196.3865964740863
807,-156.99626_21.07979,192.31214231161925
808,-156.99587_21.07932,147.26768911975677
809,-156.99552_21.07919,139.46664692074506
810,-156.99528_21.07909,135.2951672537308
811,-156.99522_21.07951,181.367803446664
812,-156.99500_21.07997,236.70082605781778
813,-156.99579_21.07974,194.67906072104546
814,-156.99846_21.08058,170.34645025550518
815,-156.98174_21.07726,358.57416897584665
816,-156.95647_21.08495,1982.663625212769
817,-156.99340_21.07803,57.55906613925453
818,-156.99247_21.07777,66.96619871425665
819,-156.99183_21.07759,82.74842940956216
820,-156.99148_21.07758,83.12400493095053
821,-156.99107_21.07754,81.98137402093202
822,-156.99062_21.07743,77.02789544544126
823,-156.99016_21.07729,74.71528155571343
824,-156.98979_21.07717,65.32057541366169
825,-156.98628_21.07653,105.40362992039495
826,-156.98576_21.07630,93.75319047871616
827,-156.98524_21.07607,74.75567689113677
828,-156.98472_21.07584,66.47568644024375
829,-156.98119_21.07335,41.81947288932493
830,-156.98059_21.07324,39.329830640527696
831,-156.99920_21.08236,318.163183386589
832,-156.99926_21.08201,279.6162928635991
833,-156.99949_21.08143,211.18302357427999
834,-157.00035_21.08178,217.58287378418117
835,-156.99976_21.08268,330.6548486009647
836,-156.99958_21.08296,366.3802792369369
837,-156.99900_21.08353,445.340648013478
838,-156.99930_21.08371,454.16166318184924
839,-156.99956_21.08387,462.34280017877364
840,-156.99974_21.08414,484.07558667499154
841,-156.99999_21.08350,409.11635140896226
842,-157.00000_21.08321,378.347752305855
843,-157.00029_21.08299,346.42740781938005
844,-157.00047_21.08270,310.87474275946875
845,-157.00096_21.08225,252.72909258729484
846,-157.00090_21.08184,209.21659585226672
847,-157.00128_21.08248,276.94585881521454
848,-157.00125_21.08277,309.0018711693285
849,-157.00108_21.08306,342.2258950636663
850,-157.00064_21.08378,425.76718252236395
851,-156.78131_21.08396,173.05716108879176
852,-156.78033_21.08577,355.14200247256974
853,-156.77076_21.08973,82.20406188927265
854,-156.77526_21.08830,295.4809984686296
855,-156.77555_21.08872,349.15229995952177
856,-156.77115_21.08855,55.23174469549708
857,-156.77363_21.08627,49.68489802812204
858,-156.77925_21.08441,189.24005582452807
859,-156.82654_21.06278,219.40980834801488
860,-156.82679_21.06266,212.37714521228543
861,-156.82732_21.06204,155.28512029122987
862,-156.82823_21.06556,555.6560140939949
863,-156.82436_21.06436,198.35173744120914
864,-156.82459_21.06417,205.26866393071904
865,-156.82483_21.06419,228.20970788455304
866,-156.82497_21.06443,254.27320709704182
867,-156.82506_21.06466,276.03588448076636
868,-156.82476_21.06462,248.65836109674026
869,-156.82484_21.06481,268.01750547380914
870,-156.82466_21.06493,261.3523973921117
871,-156.82449_21.06477,236.93605719422484
872,-156.82442_21.06509,240.43003972891384
873,-156.82431_21.06489,226.704926352998
874,-156.82423_21.06521,223.3370869931593
875,-156.82407_21.06505,203.60526151061578
876,-156.82399_21.06539,204.7027745706612
877,-156.82392_21.06519,191.1004288247465
878,-156.82378_21.06552,189.3538375850813
879,-156.96624_21.07800,923.4622931046383
880,-156.82364_21.06531,167.15761511874518
881,-157.03540_21.09861,395.4556259152243
882,-157.03562_21.10168,726.8578664438446
883,-156.99877_21.08200,293.89644047635363
884,-156.99864_21.08220,319.4023166033964
885,-156.99839_21.08257,367.68364864726175
886,-156.98870_21.07881,258.4196215365519
887,-156.93544_21.06899,835.0824740045668
888,-156.94107_21.06730,515.0639144375157
889,-156.94365_21.06874,633.8246010543951
890,-156.95900_21.06897,236.9040883570469
891,-156.96197_21.07107,351.46002268574136
892,-156.95973_21.07109,428.30698976886634
893,-156.96866_21.07170,185.77938078646199
894,-156.95649_21.06670,42.89189356297013
895,-156.91193_21.05762,121.30844467395669
896,-156.91103_21.05740,96.63097068767077
897,-156.87937_21.04852,143.33424927208358
898,-156.88181_21.05436,683.3891380937025
899,-156.83282_21.05990,32.86266895181897
900,-156.82926_21.06196,233.59334691626853
901,-156.83022_21.06174,185.2872266222123
902,-156.82946_21.06325,362.5130838508722
903,-156.82936_21.06316,348.009594633461
904,-156.83011_21.06311,336.00180845224634
905,-156.83435_21.05995,168.84708198446378
906,-156.83406_21.06138,228.78089410274836
907,-156.83353_21.06139,191.03019224803256
908,-156.83218_21.06284,301.1802676015623
909,-156.83431_21.06270,355.35649671964075
910,-156.77553_21.08477,102.02952285871685
911,-156.77942_21.08554,315.31639954384474
912,-156.77884_21.08481,233.21526470445306
913,-156.77127_21.08811,51.72914030611589
914,-156.79577_21.09391,1866.2201241439395
915,-156.78673_21.08673,675.1559909357372
916,-157.02108_21.15203,3505.3220416519525
917,-156.75997_21.09642,94.39444237731009
918,-157.03537_21.10404,978.6437422790674
919,-157.03355_21.10447,1071.4192707670873
920,-156.83348_21.05817,21.591608047860007
921,-156.83428_21.05743,29.67961574541941
922,-156.83478_21.05724,55.30604929341019
923,-156.79791_21.07324,160.28911606298087
924,-156.83592_21.05691,156.42432750418968
925,-156.83521_21.05665,77.14210187378781
926,-156.83572_21.05744,152.81548827461197
927,-156.83468_21.05801,102.4852250766257
928,-156.83428_21.05772,49.64392558891539
929,-156.83346_21.05925,59.0709832313127
930,-156.83517_21.05610,44.089489705237725
931,-156.83429_21.05851,100.89336666676355
932,-156.83413_21.05861,97.14593442716878
933,-156.83560_21.05709,130.3833432872621
934,-156.87769_21.05513,842.1064927790303
935,-156.87784_21.05506,834.5209443949906
936,-156.86385_21.05237,9.974157873722037
937,-156.86770_21.05406,406.8328266909975
938,-156.87210_21.05260,256.26966247970614
939,-156.87376_21.05151,279.13486803142945
940,-156.87401_21.05152,301.6905926432574
941,-156.87428_21.05149,310.78129564918123
942,-156.87754_21.04718,50.84444336092261
943,-156.86732_21.05414,391.99591360684974
944,-156.86697_21.05428,383.2404976301574
945,-156.87024_21.05222,194.6996442150597
946,-156.86753_21.05187,221.5599069187536
947,-156.76151_21.09647,154.80532031460586
948,-156.76128_21.09991,490.92505460637426
949,-156.76061_21.09769,247.2059054946986
950,-156.75922_21.09619,27.702504681687838
951,-156.75816_21.09690,39.00326457932781
952,-156.75778_21.09714,21.178904370924453
953,-156.75732_21.09758,23.886415991971685
954,-156.75753_21.09739,19.158471103655028
955,-156.75631_21.09844,22.004794647266177
956,-156.75642_21.09834,23.38924846359388
957,-156.75699_21.09861,86.1026970662393
958,-156.83557_21.05680,117.9679092343614
959,-156.84625_21.06354,837.2021321605366
960,-156.84255_21.05923,551.2547121490286
961,-156.84298_21.05842,460.1535465924911
962,-156.84317_21.05653,251.82932245584348
963,-156.84209_21.05558,153.06374780934166
964,-156.84100_21.05574,176.88871043741835
965,-156.84102_21.05687,289.0489064333816
966,-156.84090_21.05953,560.2275038949796
967,-156.83968_21.05599,151.71063995644025
968,-156.83658_21.05680,178.60828119441436
969,-156.84142_21.05490,97.07247509208037
970,-156.84254_21.05839,458.9379718630605
971,-156.84999_21.05402,207.68276736868873
972,-156.87246_21.05419,434.68859371849953
973,-156.87446_21.05543,648.1297337257274
974,-156.87501_21.05579,712.5423735828996
975,-156.87597_21.05560,757.0360288023343
976,-156.87612_21.05554,762.2205076447758
977,-156.87644_21.05548,780.4496025156695
978,-156.87683_21.05543,804.5739458165609
979,-156.80976_21.07162,524.9578134110812
980,-156.79221_21.07581,322.4673009509662
981,-156.75605_21.09864,25.837850110024604
982,-156.76194_21.09547,77.93732354458191
983,-156.76289_21.09567,153.4331866831666
984,-156.78576_21.08215,209.5889342206896
985,-156.78391_21.08285,178.0473380463365
986,-156.78247_21.08440,232.8535379271352
987,-156.78808_21.07858,3.57247238403983
988,-156.78225_21.08353,134.14168595650378
989,-156.79083_21.07754,227.63560099685313
990,-156.79450_21.07283,72.34558006917906
991,-156.79519_21.07271,102.07106232912012
992,-156.79556_21.07301,153.07365271732408
993,-156.79582_21.07203,87.94030014392362
994,-156.79629_21.07283,188.6000677194464
995,-156.80970_21.06999,345.05907223015777
996,-156.81078_21.06951,291.23379606711023
997,-156.81143_21.06938,284.42720973497336
998,-156.80378_21.06925,238.1668081633011
999,-156.80431_21.06894,248.66781372171943
1000,-156.81286_21.06899,309.49017163874777
1001,-156.81993_21.06486,27.023869397307998
1002,-156.82321_21.06349,44.769487263119544
1003,-156.82563_21.06120,27.781491161335016
1004,-156.82305_21.06368,44.7486323154704
1005,-156.82474_21.06367,193.10559015172927
1006,-156.82464_21.06374,188.8610122352486
1007,-156.84465_21.05541,162.16267124129456
1008,-156.82774_21.06521,508.85805427235624
1009,-156.82759_21.06180,135.70428924225158
1010,-156.82664_21.06246,186.05711399866607
1011,-156.82349_21.06514,146.1438758086487
1012,-156.82344_21.06493,136.57187357588109
1013,-156.82368_21.06479,159.81366065432957
1014,-156.82389_21.06467,180.02208665172998
1015,-156.75120_21.10822,494.79286947497076
1016,-156.74635_21.10810,163.38153223708352
1017,-156.74631_21.10668,74.02455347126006
1018,-156.74298_21.11116,38.34436198315488
1019,-156.74345_21.11100,2.692405061562155
1020,-156.74516_21.11107,44.70570125147069
1021,-156.74624_21.11182,183.47721771350413
1022,-156.74505_21.11221,123.41916642574888
1023,-156.74184_21.11192,104.02484175069213
1024,-156.74602_21.11277,230.53873619388276
1025,-157.06475_21.15857,3032.1895671582733
1026,-157.05774_21.17020,1701.0405038217295
1027,-157.07494_21.17926,1042.0848203832627
1028,-157.07508_21.17866,1108.9962016463135
1029,-157.09508_21.17833,1756.9988433428687
1030,-157.09613_21.17405,2227.780064551163
1031,-157.10656_21.15182,4726.042531807017
1032,-157.11225_21.16589,3152.50243540895
1033,-156.82251_21.06446,37.13204781483685
1034,-157.03969_21.09892,336.24628455957526
1035,-157.04062_21.09970,427.42447891986575
1036,-157.03703_21.10359,882.0845713930185
1037,-156.74036_21.11454,29.67614692456676
1038,-156.74299_21.11151,71.6083237870569
1039,-156.86385_21.07320,2021.8489988625158
1040,-156.74165_21.11497,153.25742089036248
1041,-156.73776_21.14266,1692.3910783936426
1042,-156.74678_21.15476,1082.1813779411086
1043,-157.11558_21.16664,3104.253721057466
1044,-157.08272_21.15407,3934.834947924727
1045,-157.08008_21.15401,3885.7684338684417
1046,-157.08029_21.15301,3998.8160634460687
1047,-157.04975_21.16044,2810.110426521712
1048,-157.09653_21.16566,3101.4585062754604
1049,-157.08320_21.17928,1230.183132192054
1050,-157.09952_21.18213,1395.369092804689
1051,-156.78201_21.08369,144.93605088754686
1052,-156.79166_21.07992,400.41546360364197
1053,-156.80936_21.06865,200.24378689320983
1054,-157.03914_21.10090,557.8796294084372
1055,-157.03828_21.10091,569.8873170407817
1056,-157.03710_21.09969,464.4113498577523
1057,-157.03746_21.10065,555.3109914871051
1058,-157.03774_21.10006,484.4866881482502
1059,-157.03316_21.10436,1068.808647097096
1060,-157.03231_21.10347,999.897386218711
1061,-157.03193_21.10285,945.4285729627811
1062,-157.03188_21.10249,909.2296592932423
1063,-157.03230_21.10121,760.720483593347
1064,-157.03345_21.10023,622.9784761285138
1065,-157.03310_21.10184,803.2065368203696
1066,-157.03300_21.10251,876.5944246919777
1067,-157.03783_21.10322,829.3034489064041
1068,-157.03918_21.10312,802.3847220620781
1069,-157.25215_21.17288,267.44546475319845
1070,-157.27062_21.15325,676.9309657798824
1071,-157.26650_21.15993,267.97398500578845
1072,-156.98632_21.07789,246.7004937779361
1073,-157.10448_21.16571,3210.96378426717
1074,-157.07154_21.14981,4126.9841202254565
1075,-157.07433_21.15027,4161.945338466781
1076,-157.06363_21.16454,2361.292462976743
1077,-157.07470_21.17363,1660.280774039102
1078,-157.07627_21.17397,1641.4129515835116
1079,-157.07793_21.17374,1700.177787636971
1080,-157.08089_21.17490,1660.809530937182
1081,-157.08236_21.17534,1641.0410190945793
1082,-157.07583_21.16877,2206.6065702442575
1083,-157.08308_21.16622,2642.8751300876443
1084,-157.09546_21.14667,4767.917253031528
1085,-157.09565_21.15778,3892.2632268270117
1086,-157.06316_21.18022,649.765801368655
1087,-156.98878_21.07686,48.16783368952512
1088,-157.06646_21.16647,2209.3605060695186
1089,-157.06111_21.17479,1205.9137123975165
1090,-157.04318_21.16448,2456.687683207417
1091,-157.06270_21.16713,2065.109709433328
1092,-157.06998_21.17262,1712.7422855892762
1093,-157.08596_21.16793,2518.6065669771265
1094,-157.07508_21.16508,2607.609379324581
1095,-157.03377_21.09658,226.29927063873
1096,-157.04287_21.10333,811.9031277354022
1097,-156.99729_21.08409,568.1945848209633
1098,-156.99703_21.08446,617.1752750598262
1099,-157.07088_21.18190,753.0902724512372
1100,-156.87745_21.04803,131.26267709208955
1101,-156.79574_21.07375,226.4746330732484
1102,-157.09722_21.16916,2767.4011342991844
1103,-157.08716_21.17619,1683.2736193159612
1104,-156.77020_21.09000,61.52978951030744
1105,-157.11081_21.18127,1446.2528197081133
1106,-156.97145_21.07065,59.33823624947386
1107,-156.75328_21.10124,64.1344804733758
1108,-156.98851_21.07676,47.43557391290776
1109,-157.00986_21.08225,55.10948741842328
1110,-157.05404_21.16241,2562.4382674953695
1111,-157.06041_21.16435,2360.3922506132935
1112,-157.05322_21.17131,1587.5349155456295
1113,-156.97007_21.07985,1073.4894191104338
1114,-156.99976_21.08156,213.54380335674546
1115,-157.05281_21.11069,1338.3505119217443
1116,-157.03007_21.17766,943.9660415927119
1117,-157.01308_21.14995,3478.3557073388847
1118,-157.08369_21.10696,564.217715400264
1119,-156.94397_21.06611,340.22741968898447
1120,-156.95028_21.06695,244.95453274464717
1121,-157.01322_21.15578,2883.4725238296714
1122,-157.02085_21.16035,2594.45369036536
1123,-156.96358_21.06961,155.39292613293924
1124,-157.05473_21.17087,1623.015730224654
1125,-157.05387_21.16705,2052.4045846577887
1126,-157.05855_21.16660,2105.8676663620568
1127,-157.05932_21.16846,1909.979297315905
1128,-157.00456_21.16135,2007.949764853934
1129,-157.00662_21.16086,2117.8783666269173
1130,-156.99843_21.08458,575.0171371567887
1131,-156.99941_21.08459,542.7735762901555
1132,-156.99993_21.08480,549.8215213439562
1133,-156.99941_21.08567,657.0421790474409
1134,-157.00073_21.08148,172.72551994388058
1135,-156.96622_21.06943,66.53474583331236
1136,-156.99237_21.07777,72.77319370685997
1137,-156.99173_21.07759,83.47882602451459
1138,-156.99138_21.07758,83.85442418315347
1139,-156.98109_21.07335,52.110343408269365
1140,-157.00019_21.08299,349.2744309613508
1141,-156.83272_21.05990,23.295047050393425
1142,-156.83001_21.06311,337.8243500484787
1143,-156.77932_21.08554,314.62928813852926
1144,-156.87774_21.05506,838.256652848915
1145,-156.86760_21.05406,400.6008679649272
1146,-156.87200_21.05260,252.56542443559354
1147,-156.84307_21.05653,251.26283918920663
1148,-156.87587_21.05560,750.2309961079299
1149,-156.79440_21.07283,67.1486248070893
1150,-156.79619_21.07283,184.5364605393046
1151,-156.81983_21.06486,24.135146195970194
1152,-156.82295_21.06368,36.519851713760254
1153,-156.82654_21.06246,183.81194906826943
1154,-156.75110_21.10822,488.57676878554093
1155,-157.05764_21.17020,1700.1914341221197
1156,-157.11215_21.16589,3152.062350055722
1157,-156.74155_21.11497,144.50320889106183
1158,-156.78191_21.08369,142.6197086664113
1159,-157.00425_21.16454,1657.6712611106573
1160,-157.00445_21.16454,1662.9640914631225
1161,-157.04692_21.10328,796.2799637888519
1162,-157.04712_21.10328,787.5253717169937
1163,-157.10515_21.17087,2640.1261882800313
1164,-157.10535_21.17087,2640.3208393978407
1165,-157.11129_21.17218,2452.991086127204
1166,-157.11149_21.17218,2453.4053675578307
1167,-156.98164_21.07726,364.84303568516816
1168,-156.98184_21.07726,352.45784072465017
1169,-156.82749_21.06180,133.3524752604576
1170,-156.82769_21.06180,138.133213306138
1171,-156.73766_21.14266,1690.7598761814204
1172,-156.73786_21.14266,1694.084392400664
1173,-156.73776_21.14276,1681.4628223761981
1174,-157.01793_21.16028,2535.0790958312955
1175,-157.01813_21.16028,2541.9006390090217
1176,-157.01803_21.16038,2528.015705903878
1177,-157.01803_21.16018,2548.9313334817507
1178,-157.01793_21.16038,2524.609841904256
1179,-157.01793_21.16018,2545.553449493029
1180,-157.01813_21.16038,2531.459592221006
1181,-157.01813_21.16018,2552.347003048425
1182,-156.99964_21.07987,41.24370989007959
1183,-156.99957_21.07999,56.28412343955878
1184,-156.99953_21.08009,68.1008786172591
1185,-156.99946_21.08021,83.29565778421326
1186,-156.99943_21.08034,97.18151613311916
1187,-156.99954_21.08044,104.57144805069734
1188,-156.99969_21.08039,94.44119766994562
1189,-156.99976_21.08027,80.31008431083067
1190,-156.99982_21.08015,65.85800974538417
1191,-156.99991_21.08003,50.28817341803407
1192,-157.00953_21.15913,2396.9103437501035
1193,-157.00970_21.15900,2416.348357431211
1194,-157.00983_21.15883,2438.4376480318397
1195,-157.00994_21.15866,2460.538322147083
1196,-157.01014_21.15851,2482.586784519646
1197,-157.01039_21.15823,2521.215343097158
1198,-157.01023_21.15818,2521.1612424505647
1199,-157.01002_21.15810,2521.9791558585916
1200,-157.00982_21.15803,2522.6288549156166
1201,-157.00961_21.15795,2523.264116437947
1202,-157.00961_21.15847,2469.068230198145
1203,-157.00950_21.15865,2445.91600506723
1204,-157.24228_21.18518,673.9465785709546
1205,-157.24245_21.18519,656.4193460287222
1206,-157.24257_21.18534,640.706730615213
1207,-157.24270_21.18541,625.1558245681829
1208,-157.24288_21.18546,605.5196798649515
1209,-157.24307_21.18549,585.6030447896408
1210,-157.24339_21.18526,561.1127935725458
1211,-157.24357_21.18539,539.0258441376842
1212,-157.24373_21.18540,523.1755121520575
1213,-157.24402_21.18545,492.56358589982653
1214,-157.24401_21.18582,482.3952873679492
1215,-157.24415_21.18595,464.96728573917375
1216,-157.24428_21.18603,449.6716284865549
1217,-157.24314_21.18592,567.9017898927335
1218,-157.24331_21.18597,550.4243197846507
1219,-157.24354_21.18602,525.1722250253011
1220,-157.24360_21.18615,517.3029324037126
1221,-157.24353_21.18636,521.2578766124217
1222,-157.24345_21.18658,527.6349630670406
1223,-157.24331_21.18661,541.7701140917425
1224,-157.24323_21.18671,550.1891817908339
1225,-157.24376_21.18721,495.3670544621133
1226,-157.24390_21.18736,476.38265892513596
1227,-157.24406_21.18732,462.17469142117454
1228,-157.24419_21.18728,450.33128863644595
1229,-157.24411_21.18683,458.5382624392748
1230,-157.24402_21.18668,468.31957189866995
1231,-157.24393_21.18657,477.3955720315943
1232,-157.24441_21.18725,428.11747072434395
1233,-157.24457_21.18727,411.48251516195234
1234,-157.24488_21.18542,410.25422414495284
1235,-157.24528_21.18555,366.2483811107858
1236,-157.24556_21.18543,344.25237360305834
1237,-157.24583_21.18529,321.3067103311768
1238,-157.24604_21.18507,306.7805038682654
1239,-157.24606_21.18551,292.00142397940607
1240,-157.24618_21.18589,265.89676747903803
1241,-157.24620_21.18605,256.9821202989113
1242,-157.24640_21.18651,223.25985394615586
1243,-157.24568_21.18646,298.73604759236963
1244,-157.24540_21.18644,327.89084373184494
1245,-157.24518_21.18612,356.4325353098432
1246,-157.24513_21.18581,370.53199722392793
1247,-157.24551_21.18667,313.451709117338
1248,-157.24543_21.18694,321.2162860929004
1249,-157.24563_21.18727,301.80721101655547
1250,-157.24588_21.18741,275.83042583184675
1251,-157.24618_21.18743,245.29821418440352
1252,-157.24656_21.18743,205.90239349587802
1253,-157.24670_21.18678,188.89608335706947
1254,-157.24720_21.18703,137.81643272227578
1255,-157.24745_21.18729,116.45266102376058
1256,-157.24761_21.18750,97.21306989204572
1257,-157.24700_21.18833,137.50931947321635
1258,-157.24668_21.18827,172.3405342878326
1259,-157.24640_21.18819,202.4254980226663
1260,-157.24608_21.18819,235.11492546360242
1261,-157.24574_21.18831,267.3532404076172
1262,-157.24573_21.18863,263.33317414310994
1263,-157.24586_21.18897,244.8408180515707
1264,-157.24624_21.18894,205.80986620288888
1265,-157.24647_21.18889,182.85829305047
1266,-157.24497_21.19040,344.29537386716606
1267,-157.24511_21.19016,325.39541967603265
1268,-157.24527_21.18996,306.08827646501123
1269,-157.24557_21.19001,276.3162285378619
1270,-157.24604_21.18990,226.47498921100026
1271,-157.24574_21.19052,264.53331587232526
1272,-157.24564_21.19118,282.8474663190998
1273,-157.24606_21.19119,241.11631178981528
1274,-157.24666_21.19105,177.24614024685147
1275,-157.24700_21.19098,140.61567437612058
1276,-157.24714_21.19077,121.90718353971852
1277,-157.24704_21.19050,129.2307809791753
1278,-157.24672_21.19041,162.39543408370443
1279,-157.24683_21.19016,150.13443646886543
