,Uid,Coral_rank
0,-157.13194_21.14422,2
1,-157.25780_21.14791,3
2,-157.24613_21.19028,2
3,-157.20856_21.15703,2
4,-157.21922_21.17738,1
5,-157.21093_21.17253,1
6,-157.20814_21.16662,1
7,-157.24633_21.18319,1
8,-157.24587_21.18317,1
9,-157.24543_21.18312,1
10,-157.24389_21.18321,1
11,-157.24301_21.18322,1
12,-157.22836_21.17295,1
13,-157.22915_21.17232,1
14,-157.25752_21.16708,4
15,-157.25225_21.17288,2
16,-157.23650_21.18016,1
17,-157.24170_21.18236,1
18,-157.23469_21.18124,1
19,-157.23121_21.17582,1
20,-157.23136_21.17679,1
21,-157.23181_21.17986,1
22,-157.23348_21.17754,1
23,-157.23346_21.17572,1
24,-157.27220_21.15726,3
25,-157.27072_21.15325,3
26,-157.26758_21.15938,4
27,-157.26660_21.15993,4
28,-157.26175_21.16380,4
29,-156.98750_21.07828,3
30,-156.98726_21.07819,3
31,-156.98642_21.07789,3
32,-156.98697_21.07781,3
33,-156.98728_21.07744,3
34,-156.98824_21.07720,3
35,-156.98806_21.07713,3
36,-156.98814_21.07745,3
37,-156.98796_21.07792,3
38,-156.98781_21.07782,3
39,-157.00002_21.08562,2
40,-157.00017_21.08539,2
41,-157.00031_21.08518,2
42,-157.00043_21.08498,2
43,-157.00078_21.08444,2
44,-157.00089_21.08427,2
45,-156.99628_21.08483,2
46,-156.99612_21.08507,2
47,-156.99580_21.08554,2
48,-156.99588_21.08630,2
49,-156.98738_21.07707,3
50,-156.98773_21.07739,3
51,-156.98855_21.07734,3
52,-156.98868_21.07753,3
53,-156.98881_21.07786,3
54,-157.10458_21.16571,2
55,-157.09902_21.16447,2
56,-157.10404_21.14645,2
57,-157.07005_21.14893,2
58,-157.07164_21.14981,2
59,-157.05835_21.17505,2
60,-157.05894_21.17629,2
61,-157.05935_21.17527,2
62,-157.05927_21.17575,2
63,-156.98901_21.07795,3
64,-156.98876_21.07856,3
65,-156.98854_21.07856,3
66,-156.99727_21.08526,2
67,-156.99738_21.08476,2
68,-156.99775_21.08421,2
69,-156.99801_21.08400,2
70,-156.99819_21.08371,2
71,-157.08150_21.15589,2
72,-157.08349_21.15446,2
73,-157.11548_21.17975,2
74,-157.11353_21.18030,2
75,-157.08203_21.18424,3
76,-157.08359_21.18458,3
77,-157.08543_21.18104,3
78,-157.06544_21.15892,3
79,-156.95489_21.06662,2
80,-156.95508_21.06664,2
81,-156.95531_21.06666,2
82,-156.95592_21.06668,2
83,-156.95629_21.06669,2
84,-156.95462_21.06733,2
85,-156.95265_21.06691,2
86,-156.95364_21.06646,2
87,-157.28756_21.14135,4
88,-157.07443_21.15027,2
89,-157.06373_21.16454,3
90,-157.07261_21.16906,3
91,-157.07323_21.17329,3
92,-157.07480_21.17363,3
93,-157.07637_21.17397,3
94,-157.07803_21.17374,3
95,-157.07948_21.17452,3
96,-157.08099_21.17490,3
97,-157.08246_21.17534,3
98,-157.06868_21.17164,3
99,-157.06922_21.16945,3
100,-157.07747_21.17752,3
101,-157.07009_21.16708,3
102,-157.07035_21.16475,3
103,-157.07058_21.16381,3
104,-157.07134_21.16069,3
105,-157.07103_21.15953,3
106,-157.07140_21.15960,3
107,-157.07178_21.15969,3
108,-157.07216_21.15976,3
109,-157.07218_21.16387,3
110,-157.07375_21.16420,3
111,-157.07646_21.16490,3
112,-157.07593_21.16877,3
113,-157.07941_21.16132,3
114,-157.08003_21.16555,3
115,-157.08252_21.16217,3
116,-157.08066_21.16978,3
117,-157.08318_21.16622,3
118,-156.86999_21.05081,1
119,-156.87096_21.05074,1
120,-157.00100_21.08410,2
121,-157.00110_21.08394,2
122,-157.00130_21.08364,2
123,-157.00150_21.08333,2
124,-157.00160_21.08317,2
125,-157.00170_21.08302,2
126,-157.00180_21.08287,2
127,-157.00210_21.08241,2
128,-157.00220_21.08225,2
129,-157.00227_21.08189,2
130,-157.00318_21.08174,2
131,-157.00341_21.08185,2
132,-157.00309_21.08224,2
133,-157.09556_21.14667,2
134,-157.12755_21.14364,2
135,-157.11619_21.15212,2
136,-157.09711_21.16406,2
137,-157.10089_21.16492,2
138,-157.07593_21.15079,2
139,-157.07827_21.15148,3
140,-157.06701_21.15771,3
141,-157.06861_21.15797,3
142,-157.07200_21.15066,2
143,-157.07194_21.15851,3
144,-157.07360_21.15888,3
145,-157.07527_21.15923,3
146,-157.07867_21.15249,2
147,-157.08341_21.15778,2
148,-157.08080_21.15855,3
149,-157.08163_21.16030,3
150,-157.08261_21.16087,3
151,-157.09087_21.16281,3
152,-157.09301_21.16322,2
153,-157.09674_21.15794,2
154,-157.08416_21.16128,3
155,-157.08933_21.16006,2
156,-157.09575_21.15778,2
157,-157.08719_21.15855,2
158,-157.08086_21.15942,3
159,-157.08181_21.15376,2
160,-157.08184_21.15496,2
161,-156.95257_21.06707,2
162,-156.95249_21.06722,2
163,-156.95242_21.06738,2
164,-156.95232_21.06753,2
165,-156.95223_21.06776,2
166,-156.95193_21.06780,2
167,-156.95166_21.06782,2
168,-156.95161_21.06765,2
169,-156.95186_21.06738,2
170,-156.95204_21.06722,2
171,-156.95180_21.06721,2
172,-156.95155_21.06727,2
173,-156.95156_21.06707,2
174,-156.95165_21.06681,2
175,-156.95186_21.06677,2
176,-156.95207_21.06684,2
177,-156.95225_21.06609,2
178,-156.95207_21.06601,2
179,-156.95362_21.06737,2
180,-156.94586_21.07134,2
181,-156.93975_21.07173,1
182,-156.76197_21.09679,2
183,-156.76287_21.09747,2
184,-156.76363_21.09848,2
185,-157.00741_21.16127,3
186,-157.00769_21.16119,3
187,-157.05891_21.17517,2
188,-157.06179_21.17893,2
189,-157.06326_21.18022,2
190,-157.06483_21.18059,2
191,-157.05941_21.17631,2
192,-157.05985_21.17731,2
193,-157.06076_21.17765,2
194,-157.06090_21.17688,2
195,-157.06107_21.17648,2
196,-157.06031_21.17636,2
197,-157.05991_21.17547,2
198,-157.00697_21.16215,3
199,-157.00687_21.16186,3
200,-157.00669_21.16195,3
201,-157.00653_21.16204,3
202,-157.00676_21.16228,3
203,-157.00675_21.16256,2
204,-157.00607_21.16231,3
205,-157.00554_21.16218,3
206,-157.00556_21.16198,3
207,-157.00579_21.16191,3
208,-157.00597_21.16181,3
209,-156.97902_21.07264,3
210,-156.97856_21.07244,3
211,-156.97779_21.07208,3
212,-156.97743_21.07189,3
213,-156.98923_21.07688,3
214,-156.98888_21.07686,3
215,-157.06210_21.16463,3
216,-157.06519_21.16514,3
217,-157.06656_21.16647,3
218,-157.06882_21.16369,3
219,-157.04613_21.16245,3
220,-157.06121_21.17479,2
221,-157.06346_21.17201,3
222,-157.06472_21.17397,2
223,-157.06586_21.17588,2
224,-157.04328_21.16448,3
225,-157.00406_21.16160,2
226,-157.00311_21.16169,2
227,-157.00333_21.16198,2
228,-157.00368_21.16239,2
229,-157.00388_21.16229,2
230,-157.00425_21.16210,2
231,-157.00443_21.16201,2
232,-157.00631_21.16162,3
233,-157.00647_21.16153,2
234,-157.00520_21.16214,2
235,-157.00529_21.16230,2
236,-157.00547_21.16261,3
237,-157.00556_21.16277,3
238,-156.99814_21.08295,2
239,-157.00460_21.16186,2
240,-157.00488_21.16254,3
241,-157.00408_21.16278,2
242,-157.00419_21.16303,2
243,-157.00376_21.16340,3
244,-157.00434_21.16375,3
245,-157.00416_21.16344,3
246,-157.00483_21.16353,3
247,-157.00476_21.16333,3
248,-157.00469_21.16316,3
249,-157.00555_21.16355,2
250,-157.00567_21.16376,2
251,-157.00578_21.16396,2
252,-157.00556_21.16401,3
253,-157.00538_21.16370,3
254,-157.00522_21.16378,3
255,-157.00540_21.16409,2
256,-157.00491_21.16393,3
257,-157.00509_21.16424,2
258,-157.00481_21.16418,2
259,-157.00414_21.16427,2
260,-157.00435_21.16454,2
261,-157.00459_21.16481,3
262,-157.00489_21.16479,3
263,-157.00547_21.16464,3
264,-157.00592_21.16462,3
265,-157.00575_21.16438,3
266,-157.00603_21.16426,3
267,-157.00616_21.16454,3
268,-157.00505_21.16292,3
269,-157.05414_21.17199,2
270,-157.06280_21.16713,3
271,-157.06308_21.16722,3
272,-157.06338_21.16727,3
273,-157.06367_21.16735,3
274,-157.05438_21.17224,2
275,-157.05462_21.17249,2
276,-157.05489_21.17273,2
277,-157.05513_21.17299,2
278,-157.03023_21.09296,2
279,-157.03305_21.09458,2
280,-157.03387_21.09496,2
281,-157.07721_21.18321,3
282,-157.07877_21.18354,3
283,-157.07478_21.17968,3
284,-157.06762_21.17599,2
285,-157.07008_21.17262,3
286,-157.07129_21.17273,3
287,-157.07016_21.17654,3
288,-157.07045_21.17660,3
289,-157.07074_21.17666,3
290,-157.07104_21.17672,3
291,-157.07133_21.17679,3
292,-157.08469_21.16657,3
293,-157.08606_21.16793,3
294,-157.08786_21.16719,3
295,-157.08844_21.17135,3
296,-157.09097_21.16782,3
297,-157.09252_21.16821,3
298,-157.09504_21.16464,3
299,-157.07518_21.16508,3
300,-157.03453_21.09521,2
301,-157.02861_21.09604,2
302,-157.03177_21.09674,2
303,-157.03387_21.09658,2
304,-157.04190_21.09985,3
305,-157.04395_21.10145,3
306,-157.04702_21.10328,3
307,-157.04836_21.10315,3
308,-157.04870_21.10500,3
309,-157.04969_21.10587,3
310,-157.04145_21.10320,3
311,-157.04297_21.10333,3
312,-157.04397_21.10364,3
313,-157.04511_21.10404,3
314,-157.04587_21.10469,3
315,-157.04715_21.10509,3
316,-156.99801_21.08314,2
317,-156.99752_21.08390,2
318,-156.99739_21.08409,2
319,-156.99713_21.08446,2
320,-156.99701_21.08465,2
321,-156.99687_21.08485,2
322,-156.99658_21.08527,2
323,-156.99621_21.08582,2
324,-156.99862_21.08139,2
325,-156.99822_21.08195,2
326,-156.99810_21.08214,2
327,-156.99797_21.08233,2
328,-156.99784_21.08252,2
329,-156.99772_21.08271,2
330,-156.99747_21.08308,2
331,-156.99735_21.08327,2
332,-156.99704_21.08340,2
333,-156.99692_21.08357,2
334,-156.99669_21.08381,2
335,-156.99684_21.08402,2
336,-156.99671_21.08420,2
337,-156.99658_21.08439,2
338,-156.98834_21.07849,3
339,-156.98783_21.07813,3
340,-156.98773_21.07839,3
341,-156.98755_21.07805,3
342,-156.98738_21.07798,3
343,-156.98685_21.07802,3
344,-156.98655_21.07763,3
345,-156.98645_21.07850,3
346,-156.98667_21.07856,3
347,-156.98688_21.07864,3
348,-156.98735_21.07867,3
349,-157.00588_21.16273,3
350,-157.00612_21.16270,3
351,-157.00625_21.16290,3
352,-157.06633_21.18101,2
353,-157.06786_21.18123,2
354,-157.06942_21.18156,2
355,-157.07098_21.18190,2
356,-157.07255_21.18223,3
357,-157.07566_21.18292,3
358,-156.85161_21.05797,2
359,-156.87697_21.04899,1
360,-156.87755_21.04803,1
361,-156.87726_21.04898,1
362,-156.76117_21.09520,2
363,-156.76187_21.09609,2
364,-156.76199_21.09639,2
365,-156.98789_21.07911,3
366,-156.98706_21.07882,3
367,-157.00248_21.08288,2
368,-157.00237_21.08303,2
369,-157.00226_21.08318,2
370,-157.00215_21.08333,2
371,-157.00204_21.08347,2
372,-157.00193_21.08362,2
373,-157.00161_21.08407,2
374,-157.00138_21.08437,2
375,-157.00115_21.08468,2
376,-157.00103_21.08485,2
377,-157.00090_21.08503,2
378,-157.00076_21.08522,2
379,-157.00061_21.08541,2
380,-157.00046_21.08562,2
381,-157.00030_21.08585,2
382,-157.00013_21.08608,2
383,-156.95339_21.06640,2
384,-156.95436_21.06659,2
385,-156.95454_21.06661,2
386,-156.95471_21.06662,2
387,-156.79584_21.07375,3
388,-157.09732_21.16916,3
389,-157.09888_21.16950,2
390,-157.08724_21.16317,3
391,-157.08664_21.17198,3
392,-157.08726_21.17619,3
393,-156.76241_21.09543,2
394,-156.77030_21.09000,2
395,-156.77278_21.08783,2
396,-156.77363_21.08723,3
397,-156.77535_21.08943,3
398,-156.77466_21.08658,3
399,-156.79158_21.07644,3
400,-156.79130_21.07665,3
401,-156.78955_21.07762,3
402,-156.78581_21.08057,3
403,-156.79344_21.07649,3
404,-157.00011_21.16149,2
405,-157.00730_21.16189,3
406,-157.00744_21.16210,3
407,-157.00755_21.16234,3
408,-157.00739_21.16247,3
409,-157.00715_21.16255,2
410,-157.08975_21.17270,3
411,-157.09102_21.17271,3
412,-157.09193_21.17720,3
413,-157.09363_21.17756,3
414,-157.09675_21.17823,3
415,-157.09919_21.17482,3
416,-157.09778_21.18070,3
417,-157.10038_21.17677,3
418,-157.10051_21.18298,3
419,-157.10779_21.18060,2
420,-157.10935_21.18094,2
421,-157.11091_21.18127,2
422,-157.10076_21.16599,2
423,-157.10105_21.16606,2
424,-157.10134_21.16612,2
425,-157.10163_21.16618,2
426,-157.10192_21.16624,2
427,-157.10011_21.17367,3
428,-157.09982_21.17361,3
429,-157.09953_21.17355,3
430,-157.09895_21.17342,3
431,-157.10407_21.16835,2
432,-157.10525_21.17087,2
433,-157.10681_21.17120,2
434,-157.10837_21.17153,2
435,-157.10992_21.17187,2
436,-157.11139_21.17218,2
437,-157.11328_21.17635,2
438,-157.11397_21.17349,2
439,-156.97155_21.07065,3
440,-156.96346_21.06887,2
441,-156.96478_21.06915,2
442,-156.96024_21.06768,2
443,-156.75801_21.10079,2
444,-156.75281_21.10168,2
445,-156.75338_21.10124,2
446,-157.00697_21.16247,2
447,-156.98841_21.07668,3
448,-156.98821_21.07658,3
449,-156.98719_21.07612,3
450,-156.98801_21.07649,3
451,-156.97832_21.07236,3
452,-156.97811_21.07225,3
453,-156.98953_21.07709,3
454,-156.98861_21.07676,3
455,-156.98921_21.07709,3
456,-156.98747_21.07630,3
457,-156.98760_21.07619,3
458,-156.98250_21.07395,3
459,-156.98223_21.07383,3
460,-156.98197_21.07368,3
461,-156.98025_21.07313,3
462,-156.97987_21.07299,3
463,-157.01101_21.08273,3
464,-157.01126_21.08286,3
465,-157.01151_21.08300,3
466,-157.01206_21.08326,3
467,-157.01233_21.08334,3
468,-157.01263_21.08345,3
469,-157.01290_21.08353,3
470,-157.01242_21.08416,3
471,-157.01203_21.08385,3
472,-157.01178_21.08374,3
473,-157.01152_21.08362,3
474,-157.01126_21.08350,3
475,-157.01074_21.08326,3
476,-157.01049_21.08375,3
477,-157.01075_21.08388,3
478,-157.01101_21.08400,3
479,-157.01126_21.08412,3
480,-157.01152_21.08424,3
481,-157.01177_21.08436,3
482,-157.01230_21.08440,3
483,-157.01216_21.08467,3
484,-157.00911_21.08191,3
485,-157.00945_21.08203,3
486,-157.00970_21.08213,3
487,-157.00996_21.08225,3
488,-157.01021_21.08236,3
489,-157.01049_21.08251,3
490,-157.01075_21.08262,3
491,-157.01048_21.08314,3
492,-157.01022_21.08302,3
493,-157.00996_21.08290,3
494,-157.00970_21.08278,3
495,-157.00945_21.08266,3
496,-157.00919_21.08255,3
497,-157.00883_21.08237,3
498,-157.00856_21.08282,3
499,-157.00895_21.08300,3
500,-157.00921_21.08313,3
501,-157.00946_21.08325,3
502,-157.00971_21.08337,3
503,-157.00997_21.08350,3
504,-157.01022_21.08362,3
505,-156.99849_21.08352,2
506,-156.99829_21.08336,2
507,-156.99868_21.08323,2
508,-156.99886_21.08296,2
509,-156.79552_21.07381,3
510,-156.79419_21.07601,3
511,-156.79606_21.07158,3
512,-156.80277_21.07127,3
513,-156.79589_21.07464,3
514,-156.79631_21.07147,3
515,-156.80188_21.07240,3
516,-156.79894_21.07317,3
517,-156.79790_21.07365,3
518,-156.79687_21.07364,3
519,-156.80129_21.07051,3
520,-156.80416_21.06856,3
521,-156.81570_21.06772,3
522,-156.81191_21.06909,3
523,-156.80615_21.07114,3
524,-157.08974_21.18197,3
525,-157.08573_21.18110,3
526,-157.08944_21.18190,3
527,-157.08603_21.18117,3
528,-157.08633_21.18123,3
529,-157.08662_21.18131,3
530,-156.81677_21.06774,3
531,-156.81913_21.06789,3
532,-156.82418_21.06447,3
533,-157.08914_21.18184,3
534,-157.08884_21.18177,3
535,-157.08854_21.18171,3
536,-157.05218_21.16225,3
537,-157.05414_21.16241,3
538,-157.05584_21.16296,3
539,-157.05893_21.16416,3
540,-157.06051_21.16435,3
541,-157.04439_21.16764,2
542,-157.04822_21.16631,2
543,-157.04833_21.16978,2
544,-157.04908_21.17296,2
545,-157.05332_21.17131,2
546,-157.05252_21.17614,2
547,-157.05238_21.17824,2
548,-157.05504_21.17902,2
549,-157.05141_21.16901,2
550,-157.04883_21.17107,2
551,-157.05693_21.16391,3
552,-157.06987_21.15940,3
553,-157.06251_21.16710,3
554,-156.95460_21.07414,2
555,-156.95216_21.07581,2
556,-156.97114_21.07420,3
557,-156.97017_21.07985,3
558,-157.04770_21.10623,3
559,-157.02962_21.09637,2
560,-157.04635_21.10278,3
561,-157.04608_21.10267,3
562,-157.04583_21.10256,3
563,-157.04557_21.10244,3
564,-157.04597_21.10339,3
565,-157.04570_21.10329,3
566,-157.04545_21.10318,3
567,-157.04518_21.10306,3
568,-157.04488_21.10293,3
569,-157.04464_21.10283,3
570,-157.04413_21.10261,3
571,-157.04383_21.10248,3
572,-157.04358_21.10238,3
573,-157.04332_21.10227,3
574,-157.04308_21.10216,3
575,-157.03017_21.09661,2
576,-157.02930_21.09873,2
577,-157.04001_21.10254,3
578,-157.04677_21.10579,3
579,-157.04750_21.10254,3
580,-157.04660_21.10606,3
581,-157.04645_21.10637,3
582,-157.04719_21.10118,3
583,-157.04016_21.09616,2
584,-157.03982_21.09696,2
585,-157.04010_21.09697,2
586,-157.04035_21.09707,2
587,-157.04063_21.09715,2
588,-157.04093_21.09725,3
589,-157.04188_21.09765,3
590,-157.04052_21.09612,3
591,-157.03809_21.09753,2
592,-157.03582_21.10003,2
593,-157.03526_21.09955,2
594,-157.00020_21.08451,2
595,-156.99968_21.08148,2
596,-156.99986_21.08156,2
597,-157.00027_21.08333,2
598,-156.99951_21.08204,2
599,-157.00076_21.08209,2
600,-156.99868_21.08279,2
601,-156.99990_21.08364,2
602,-156.99902_21.08221,2
603,-156.99990_21.08390,2
604,-156.99847_21.08307,2
605,-157.00151_21.08258,2
606,-157.00160_21.08241,2
607,-157.00140_21.08227,2
608,-157.00167_21.08206,2
609,-157.00152_21.08197,2
610,-157.00115_21.08197,2
611,-157.05291_21.11069,2
612,-157.05337_21.13140,2
613,-157.05361_21.12899,2
614,-157.01722_21.15426,2
615,-157.01594_21.15427,2
616,-157.01490_21.15391,2
617,-157.01373_21.15409,2
618,-157.03017_21.17766,2
619,-157.01318_21.14995,2
620,-157.05153_21.10787,2
621,-157.08379_21.10696,2
622,-156.94407_21.06611,2
623,-156.95134_21.06563,2
624,-156.95038_21.06695,2
625,-156.94530_21.06399,2
626,-156.99674_21.07877,3
627,-157.03532_21.10127,2
628,-157.03601_21.09966,2
629,-157.01803_21.16028,3
630,-157.01516_21.15509,2
631,-157.01420_21.15524,2
632,-157.01370_21.15546,2
633,-157.01332_21.15578,2
634,-157.02095_21.16035,3
635,-157.01953_21.16052,3
636,-157.01181_21.16460,2
637,-157.05674_21.16611,3
638,-157.00672_21.16418,3
639,-157.00980_21.15840,2
640,-157.05498_21.16531,3
641,-157.05597_21.16574,3
642,-157.05613_21.16715,3
643,-157.05181_21.16436,3
644,-157.05167_21.16492,3
645,-157.05153_21.16549,3
646,-157.05146_21.16577,3
647,-157.05123_21.16661,3
648,-157.05105_21.16696,2
649,-157.05113_21.16732,2
650,-156.96368_21.06961,2
651,-156.99968_21.08112,2
652,-156.99468_21.07822,3
653,-156.99405_21.07814,3
654,-157.05592_21.16802,3
655,-157.05570_21.16889,2
656,-157.05542_21.16998,2
657,-157.05568_21.17138,2
658,-157.05483_21.17087,2
659,-157.05309_21.16934,2
660,-157.05360_21.16853,2
661,-157.05397_21.16705,3
662,-157.05416_21.16629,3
663,-157.05784_21.16642,3
664,-157.05865_21.16660,3
665,-157.05943_21.16680,3
666,-157.06032_21.16647,3
667,-157.05942_21.16846,3
668,-157.05914_21.16957,3
669,-157.05879_21.17096,2
670,-157.05852_21.17208,2
671,-157.05856_21.17350,2
672,-157.05781_21.17332,2
673,-157.05716_21.17278,2
674,-157.05642_21.17236,2
675,-157.05710_21.17112,2
676,-157.05761_21.16909,2
677,-157.05787_21.16805,3
678,-157.06102_21.16725,3
679,-157.06179_21.16743,3
680,-157.06107_21.16868,3
681,-157.06020_21.17020,2
682,-157.06047_21.17111,2
683,-157.06021_21.17219,2
684,-157.06020_21.17387,2
685,-157.05941_21.17370,2
686,-157.05893_21.17041,2
687,-157.05865_21.17153,2
688,-157.05178_21.16832,2
689,-157.06094_21.16922,3
690,-157.06006_21.16748,3
691,-157.05726_21.16548,3
692,-157.05711_21.16607,3
693,-157.05696_21.17007,2
694,-157.00466_21.16135,2
695,-157.00495_21.16122,2
696,-157.00549_21.16100,2
697,-157.00921_21.16030,3
698,-157.00850_21.16071,3
699,-157.00737_21.16095,3
700,-157.00787_21.16023,2
701,-157.00732_21.16045,2
702,-157.00521_21.16160,2
703,-157.00672_21.16086,3
704,-157.00763_21.16033,2
705,-157.00662_21.16062,2
706,-157.04886_21.16546,3
707,-157.04944_21.16545,3
708,-157.05002_21.16673,3
709,-157.04994_21.16620,3
710,-157.04985_21.16603,3
711,-157.05041_21.16600,3
712,-157.05066_21.16597,3
713,-157.00708_21.08155,3
714,-157.05083_21.16626,3
715,-157.05051_21.16631,3
716,-157.05055_21.16658,3
717,-157.05070_21.16699,2
718,-157.05049_21.16691,2
719,-157.05096_21.16554,3
720,-157.05310_21.16421,3
721,-157.05294_21.16487,3
722,-157.05286_21.16519,3
723,-157.05277_21.16551,3
724,-157.05253_21.16648,3
725,-157.05244_21.16681,3
726,-157.05233_21.16722,3
727,-157.05211_21.16806,2
728,-157.05260_21.16408,3
729,-157.05251_21.16443,3
730,-157.05243_21.16475,3
731,-157.05234_21.16507,3
732,-157.05226_21.16540,3
733,-157.05218_21.16572,3
734,-157.05210_21.16604,3
735,-157.05201_21.16637,3
736,-157.05193_21.16669,3
737,-157.05191_21.16708,2
738,-157.05165_21.16730,2
739,-156.75043_21.13161,3
740,-156.74406_21.14693,3
741,-156.95895_21.06726,2
742,-156.95723_21.06685,2
743,-156.95702_21.06678,2
744,-156.98756_21.07875,3
745,-156.98771_21.07889,3
746,-156.98794_21.07889,3
747,-156.98846_21.07757,3
748,-156.98828_21.07804,3
749,-156.99793_21.08438,2
750,-156.99855_21.08422,2
751,-156.99853_21.08458,2
752,-156.99834_21.08485,2
753,-156.99826_21.08511,2
754,-156.99801_21.08552,2
755,-156.99785_21.08578,2
756,-156.99775_21.08614,2
757,-156.99907_21.08500,2
758,-156.99951_21.08459,2
759,-157.00003_21.08480,2
760,-156.99969_21.08538,2
761,-156.99951_21.08567,2
762,-156.99934_21.08596,2
763,-156.99851_21.08685,2
764,-156.99782_21.08665,2
765,-156.99748_21.08656,2
766,-156.99721_21.08635,2
767,-156.99709_21.08656,2
768,-156.99679_21.08649,2
769,-156.99758_21.08496,2
770,-156.99818_21.08530,2
771,-156.99871_21.08399,2
772,-156.99780_21.08596,2
773,-156.99825_21.08559,2
774,-156.99853_21.08568,2
775,-156.99776_21.08467,2
776,-157.00132_21.08101,2
777,-157.00118_21.08098,2
778,-157.00106_21.08086,2
779,-157.00021_21.08062,2
780,-157.00220_21.08164,2
781,-157.00170_21.08168,2
782,-157.00141_21.08157,2
783,-157.00127_21.08158,2
784,-157.00098_21.08151,2
785,-157.00083_21.08148,2
786,-157.00069_21.08144,2
787,-157.00044_21.08139,2
788,-157.00003_21.08123,2
789,-156.96307_21.06845,2
790,-156.96425_21.06893,2
791,-156.96581_21.06936,2
792,-156.96632_21.06943,2
793,-156.96717_21.06980,2
794,-156.96738_21.06987,2
795,-156.96759_21.06996,2
796,-156.96784_21.07005,2
797,-156.96974_21.07047,3
798,-156.96997_21.07051,3
799,-156.97043_21.07056,3
800,-156.97063_21.07059,3
801,-156.97106_21.07062,3
802,-156.99962_21.08011,2
803,-156.99918_21.08005,2
804,-156.99904_21.08021,2
805,-156.99843_21.07981,2
806,-156.99795_21.08050,2
807,-156.99626_21.07979,3
808,-156.99587_21.07932,3
809,-156.99552_21.07919,3
810,-156.99528_21.07909,3
811,-156.99522_21.07951,3
812,-156.99500_21.07997,3
813,-156.99579_21.07974,3
814,-156.99846_21.08058,2
815,-156.98174_21.07726,3
816,-156.95647_21.08495,2
817,-156.99340_21.07803,3
818,-156.99247_21.07777,3
819,-156.99183_21.07759,3
820,-156.99148_21.07758,3
821,-156.99107_21.07754,3
822,-156.99062_21.07743,3
823,-156.99016_21.07729,3
824,-156.98979_21.07717,3
825,-156.98628_21.07653,3
826,-156.98576_21.07630,3
827,-156.98524_21.07607,3
828,-156.98472_21.07584,3
829,-156.98119_21.07335,3
830,-156.98059_21.07324,3
831,-156.99920_21.08236,2
832,-156.99926_21.08201,2
833,-156.99949_21.08143,2
834,-157.00035_21.08178,2
835,-156.99976_21.08268,2
836,-156.99958_21.08296,2
837,-156.99900_21.08353,2
838,-156.99930_21.08371,2
839,-156.99956_21.08387,2
840,-156.99974_21.08414,2
841,-156.99999_21.08350,2
842,-157.00000_21.08321,2
843,-157.00029_21.08299,2
844,-157.00047_21.08270,2
845,-157.00096_21.08225,2
846,-157.00090_21.08184,2
847,-157.00128_21.08248,2
848,-157.00125_21.08277,2
849,-157.00108_21.08306,2
850,-157.00064_21.08378,2
851,-156.78131_21.08396,3
852,-156.78033_21.08577,3
853,-156.77076_21.08973,2
854,-156.77526_21.08830,3
855,-156.77555_21.08872,3
856,-156.77115_21.08855,2
857,-156.77363_21.08627,3
858,-156.77925_21.08441,3
859,-156.82654_21.06278,3
860,-156.82679_21.06266,3
861,-156.82732_21.06204,3
862,-156.82823_21.06556,3
863,-156.82436_21.06436,3
864,-156.82459_21.06417,3
865,-156.82483_21.06419,3
866,-156.82497_21.06443,3
867,-156.82506_21.06466,3
868,-156.82476_21.06462,3
869,-156.82484_21.06481,3
870,-156.82466_21.06493,3
871,-156.82449_21.06477,3
872,-156.82442_21.06509,3
873,-156.82431_21.06489,3
874,-156.82423_21.06521,3
875,-156.82407_21.06505,3
876,-156.82399_21.06539,3
877,-156.82392_21.06519,3
878,-156.82378_21.06552,3
879,-156.96624_21.07800,3
880,-156.82364_21.06531,3
881,-157.03540_21.09861,2
882,-157.03562_21.10168,2
883,-156.99877_21.08200,2
884,-156.99864_21.08220,2
885,-156.99839_21.08257,2
886,-156.98870_21.07881,3
887,-156.93544_21.06899,1
888,-156.94107_21.06730,1
889,-156.94365_21.06874,2
890,-156.95900_21.06897,2
891,-156.96197_21.07107,2
892,-156.95973_21.07109,2
893,-156.96866_21.07170,3
894,-156.95649_21.06670,2
895,-156.91193_21.05762,1
896,-156.91103_21.05740,1
897,-156.87937_21.04852,1
898,-156.88181_21.05436,1
899,-156.83282_21.05990,3
900,-156.82926_21.06196,3
901,-156.83022_21.06174,3
902,-156.82946_21.06325,3
903,-156.82936_21.06316,3
904,-156.83011_21.06311,3
905,-156.83435_21.05995,3
906,-156.83406_21.06138,3
907,-156.83353_21.06139,3
908,-156.83218_21.06284,3
909,-156.83431_21.06270,3
910,-156.77553_21.08477,3
911,-156.77942_21.08554,3
912,-156.77884_21.08481,3
913,-156.77127_21.08811,2
914,-156.79577_21.09391,3
915,-156.78673_21.08673,3
916,-157.02108_21.15203,2
917,-156.75997_21.09642,2
918,-157.03537_21.10404,2
919,-157.03355_21.10447,2
920,-156.83348_21.05817,3
921,-156.83428_21.05743,3
922,-156.83478_21.05724,3
923,-156.79791_21.07324,3
924,-156.83592_21.05691,3
925,-156.83521_21.05665,3
926,-156.83572_21.05744,3
927,-156.83468_21.05801,3
928,-156.83428_21.05772,3
929,-156.83346_21.05925,3
930,-156.83517_21.05610,3
931,-156.83429_21.05851,3
932,-156.83413_21.05861,3
933,-156.83560_21.05709,3
934,-156.87769_21.05513,1
935,-156.87784_21.05506,1
936,-156.86385_21.05237,2
937,-156.86770_21.05406,2
938,-156.87210_21.05260,1
939,-156.87376_21.05151,1
940,-156.87401_21.05152,1
941,-156.87428_21.05149,1
942,-156.87754_21.04718,1
943,-156.86732_21.05414,2
944,-156.86697_21.05428,2
945,-156.87024_21.05222,1
946,-156.86753_21.05187,2
947,-156.76151_21.09647,2
948,-156.76128_21.09991,2
949,-156.76061_21.09769,2
950,-156.75922_21.09619,2
951,-156.75816_21.09690,2
952,-156.75778_21.09714,2
953,-156.75732_21.09758,2
954,-156.75753_21.09739,2
955,-156.75631_21.09844,2
956,-156.75642_21.09834,2
957,-156.75699_21.09861,2
958,-156.83557_21.05680,3
959,-156.84625_21.06354,2
960,-156.84255_21.05923,3
961,-156.84298_21.05842,3
962,-156.84317_21.05653,2
963,-156.84209_21.05558,3
964,-156.84100_21.05574,3
965,-156.84102_21.05687,3
966,-156.84090_21.05953,3
967,-156.83968_21.05599,3
968,-156.83658_21.05680,3
969,-156.84142_21.05490,3
970,-156.84254_21.05839,3
971,-156.84924_21.05773,2
972,-156.87246_21.05419,1
973,-156.87446_21.05543,1
974,-156.87501_21.05579,1
975,-156.87597_21.05560,1
976,-156.87612_21.05554,1
977,-156.87644_21.05548,1
978,-156.87683_21.05543,1
979,-156.80976_21.07162,3
980,-156.79221_21.07581,3
981,-156.75605_21.09864,2
982,-156.76194_21.09547,2
983,-156.76289_21.09567,2
984,-156.78576_21.08215,3
985,-156.78391_21.08285,3
986,-156.78247_21.08440,3
987,-156.78812_21.07860,3
988,-156.78225_21.08353,3
989,-156.79083_21.07754,3
990,-156.79450_21.07283,3
991,-156.79519_21.07271,3
992,-156.79556_21.07301,3
993,-156.79582_21.07203,3
994,-156.79629_21.07283,3
995,-156.80970_21.06999,3
996,-156.81078_21.06951,3
997,-156.81143_21.06938,3
998,-156.80378_21.06925,3
999,-156.80431_21.06894,3
1000,-156.81286_21.06899,3
1001,-156.81993_21.06486,3
1002,-156.82321_21.06349,3
1003,-156.82563_21.06120,3
1004,-156.82305_21.06368,3
1005,-156.82474_21.06367,3
1006,-156.82464_21.06374,3
1007,-156.84465_21.05541,2
1008,-156.82774_21.06521,3
1009,-156.82759_21.06180,3
1010,-156.82664_21.06246,3
1011,-156.82349_21.06514,3
1012,-156.82344_21.06493,3
1013,-156.82368_21.06479,3
1014,-156.82389_21.06467,3
1015,-156.75120_21.10822,2
1016,-156.74635_21.10810,2
1017,-156.74631_21.10668,2
1018,-156.74298_21.11116,2
1019,-156.74345_21.11100,2
1020,-156.74516_21.11107,2
1021,-156.74624_21.11182,2
1022,-156.74505_21.11221,2
1023,-156.74184_21.11192,2
1024,-156.74602_21.11277,2
1025,-157.06475_21.15857,3
1026,-157.05774_21.17020,2
1027,-157.07494_21.17926,3
1028,-157.07508_21.17866,3
1029,-157.09508_21.17833,3
1030,-157.09613_21.17405,3
1031,-157.10656_21.15182,2
1032,-157.11225_21.16589,2
1033,-156.82251_21.06446,3
1034,-157.03969_21.09892,2
1035,-157.04062_21.09970,2
1036,-157.03703_21.10359,2
1037,-156.74036_21.11454,2
1038,-156.74299_21.11151,2
1039,-156.86385_21.07320,2
1040,-156.74165_21.11497,2
1041,-156.73776_21.14266,3
1042,-156.74678_21.15476,2
1043,-157.11558_21.16664,2
1044,-157.08272_21.15407,2
1045,-157.08008_21.15401,2
1046,-157.08029_21.15301,2
1047,-157.04975_21.16044,3
1048,-157.09653_21.16566,2
1049,-157.08320_21.17928,3
1050,-157.09952_21.18213,3
1051,-156.78201_21.08369,3
1052,-156.79166_21.07992,3
1053,-156.80936_21.06865,3
1054,-157.03914_21.10090,2
1055,-157.03828_21.10091,2
1056,-157.03710_21.09969,2
1057,-157.03746_21.10065,2
1058,-157.03774_21.10006,2
1059,-157.03316_21.10436,2
1060,-157.03231_21.10347,2
1061,-157.03193_21.10285,2
1062,-157.03188_21.10249,2
1063,-157.03230_21.10121,2
1064,-157.03345_21.10023,2
1065,-157.03310_21.10184,2
1066,-157.03300_21.10251,2
1067,-157.03783_21.10322,2
1068,-157.03918_21.10312,3
1069,-157.25215_21.17288,2
1070,-157.27062_21.15325,3
1071,-157.26650_21.15993,4
1072,-156.98632_21.07789,3
1073,-157.10448_21.16571,2
1074,-157.07154_21.14981,2
1075,-157.07433_21.15027,2
1076,-157.06363_21.16454,3
1077,-157.07470_21.17363,3
1078,-157.07627_21.17397,3
1079,-157.07793_21.17374,3
1080,-157.08089_21.17490,3
1081,-157.08236_21.17534,3
1082,-157.07583_21.16877,3
1083,-157.08308_21.16622,3
1084,-157.09546_21.14667,2
1085,-157.09565_21.15778,2
1086,-157.06316_21.18022,2
1087,-156.98878_21.07686,3
1088,-157.06646_21.16647,3
1089,-157.06111_21.17479,2
1090,-157.04318_21.16448,3
1091,-157.06270_21.16713,3
1092,-157.06998_21.17262,3
1093,-157.08596_21.16793,3
1094,-157.07508_21.16508,3
1095,-157.03377_21.09658,2
1096,-157.04287_21.10333,3
1097,-156.99729_21.08409,2
1098,-156.99703_21.08446,2
1099,-157.07088_21.18190,2
1100,-156.87745_21.04803,1
1101,-156.79574_21.07375,3
1102,-157.09722_21.16916,3
1103,-157.08716_21.17619,3
1104,-156.77020_21.09000,2
1105,-157.11081_21.18127,2
1106,-156.97145_21.07065,3
1107,-156.75328_21.10124,2
1108,-156.98851_21.07676,3
1109,-157.00986_21.08225,3
1110,-157.05404_21.16241,3
1111,-157.06041_21.16435,3
1112,-157.05322_21.17131,2
1113,-156.97007_21.07985,3
1114,-156.99976_21.08156,2
1115,-157.05281_21.11069,2
1116,-157.03007_21.17766,2
1117,-157.01308_21.14995,2
1118,-157.08369_21.10696,2
1119,-156.94397_21.06611,2
1120,-156.95028_21.06695,2
1121,-157.01322_21.15578,2
1122,-157.02085_21.16035,3
1123,-156.96358_21.06961,2
1124,-157.05473_21.17087,2
1125,-157.05387_21.16705,3
1126,-157.05855_21.16660,3
1127,-157.05932_21.16846,3
1128,-157.00456_21.16135,2
1129,-157.00662_21.16086,2
1130,-156.99843_21.08458,2
1131,-156.99941_21.08459,2
1132,-156.99993_21.08480,2
1133,-156.99941_21.08567,2
1134,-157.00073_21.08148,2
1135,-156.96622_21.06943,2
1136,-156.99237_21.07777,3
1137,-156.99173_21.07759,3
1138,-156.99138_21.07758,3
1139,-156.98109_21.07335,3
1140,-157.00019_21.08299,2
1141,-156.83272_21.05990,3
1142,-156.83001_21.06311,3
1143,-156.77932_21.08554,3
1144,-156.87774_21.05506,1
1145,-156.86760_21.05406,2
1146,-156.87200_21.05260,1
1147,-156.84307_21.05653,2
1148,-156.87587_21.05560,1
1149,-156.79440_21.07283,3
1150,-156.79619_21.07283,3
1151,-156.81983_21.06486,3
1152,-156.82295_21.06368,3
1153,-156.82654_21.06246,3
1154,-156.75110_21.10822,2
1155,-157.05764_21.17020,2
1156,-157.11215_21.16589,2
1157,-156.74155_21.11497,2
1158,-156.78191_21.08369,3
1159,-157.00425_21.16454,2
1160,-157.00445_21.16454,2
1161,-157.04692_21.10328,3
1162,-157.04712_21.10328,3
1163,-157.10515_21.17087,2
1164,-157.10535_21.17087,2
1165,-157.11129_21.17218,2
1166,-157.11149_21.17218,2
1167,-156.98164_21.07726,3
1168,-156.98184_21.07726,3
1169,-156.82749_21.06180,3
1170,-156.82769_21.06180,3
1171,-156.73766_21.14266,3
1172,-156.73786_21.14266,3
1173,-156.73776_21.14276,4
1174,-157.01793_21.16028,3
1175,-157.01813_21.16028,3
1176,-157.01803_21.16038,3
1177,-157.01803_21.16018,3
1178,-157.01793_21.16038,3
1179,-157.01793_21.16018,3
1180,-157.01813_21.16038,3
1181,-157.01813_21.16018,3
1182,-156.99964_21.07987,2
1183,-156.99957_21.07999,2
1184,-156.99953_21.08009,2
1185,-156.99946_21.08021,2
1186,-156.99943_21.08034,2
1187,-156.99954_21.08044,2
1188,-156.99969_21.08039,2
1189,-156.99976_21.08027,2
1190,-156.99982_21.08015,2
1191,-156.99991_21.08003,2
1192,-157.00953_21.15913,2
1193,-157.00970_21.15900,2
1194,-157.00983_21.15883,2
1195,-157.00994_21.15866,2
1196,-157.01014_21.15851,2
1197,-157.01039_21.15823,2
1198,-157.01023_21.15818,2
1199,-157.01002_21.15810,2
1200,-157.00982_21.15803,2
1201,-157.00961_21.15795,2
1202,-157.00961_21.15847,2
1203,-157.00950_21.15865,2
1204,-157.24228_21.18518,1
1205,-157.24245_21.18519,1
1206,-157.24257_21.18534,1
1207,-157.24270_21.18541,1
1208,-157.24288_21.18546,1
1209,-157.24307_21.18549,1
1210,-157.24339_21.18526,1
1211,-157.24357_21.18539,1
1212,-157.24373_21.18540,1
1213,-157.24402_21.18545,1
1214,-157.24401_21.18582,1
1215,-157.24415_21.18595,1
1216,-157.24428_21.18603,1
1217,-157.24314_21.18592,1
1218,-157.24331_21.18597,1
1219,-157.24354_21.18602,1
1220,-157.24360_21.18615,1
1221,-157.24353_21.18636,1
1222,-157.24345_21.18658,1
1223,-157.24331_21.18661,1
1224,-157.24323_21.18671,1
1225,-157.24376_21.18721,1
1226,-157.24390_21.18736,1
1227,-157.24406_21.18732,1
1228,-157.24419_21.18728,1
1229,-157.24411_21.18683,1
1230,-157.24402_21.18668,1
1231,-157.24393_21.18657,1
1232,-157.24441_21.18725,1
1233,-157.24457_21.18727,1
1234,-157.24488_21.18542,1
1235,-157.24528_21.18555,1
1236,-157.24556_21.18543,1
1237,-157.24583_21.18529,1
1238,-157.24604_21.18507,1
1239,-157.24606_21.18551,1
1240,-157.24618_21.18589,1
1241,-157.24620_21.18605,1
1242,-157.24640_21.18651,1
1243,-157.24568_21.18646,1
1244,-157.24540_21.18644,1
1245,-157.24518_21.18612,1
1246,-157.24513_21.18581,1
1247,-157.24551_21.18667,1
1248,-157.24543_21.18694,1
1249,-157.24563_21.18727,1
1250,-157.24588_21.18741,1
1251,-157.24618_21.18743,1
1252,-157.24656_21.18743,1
1253,-157.24670_21.18678,1
1254,-157.24720_21.18703,1
1255,-157.24745_21.18729,1
1256,-157.24761_21.18750,1
1257,-157.24700_21.18833,1
1258,-157.24668_21.18827,1
1259,-157.24640_21.18819,1
1260,-157.24608_21.18819,1
1261,-157.24574_21.18831,1
1262,-157.24573_21.18863,1
1263,-157.24586_21.18897,1
1264,-157.24624_21.18894,1
1265,-157.24647_21.18889,1
1266,-157.24497_21.19040,2
1267,-157.24511_21.19016,2
1268,-157.24527_21.18996,2
1269,-157.24557_21.19001,2
1270,-157.24604_21.18990,2
1271,-157.24574_21.19052,2
1272,-157.24564_21.19118,2
1273,-157.24606_21.19119,2
1274,-157.24666_21.19105,2
1275,-157.24700_21.19098,2
1276,-157.24714_21.19077,2
1277,-157.24704_21.19050,2
1278,-157.24672_21.19041,2
1279,-157.24683_21.19016,2
