,Uid,dist2_DomWells_m
0,-157.13194_21.14422,21243.97246486712
1,-157.25780_21.14791,33740.799488384495
2,-157.24613_21.19028,34153.045879898746
3,-157.20856_21.15703,29165.71776798924
4,-157.21922_21.17738,31021.898020580848
5,-157.21093_21.17253,30019.743127333688
6,-157.20814_21.16662,29502.780734852855
7,-157.24633_21.18319,33866.96427034736
8,-157.24587_21.18317,33822.26291967812
9,-157.24543_21.18312,33778.419008427896
10,-157.24389_21.18321,33633.9338795761
11,-157.24301_21.18322,33549.88573983947
12,-157.22836_21.17295,31712.84735639796
13,-157.22915_21.17232,31764.18456486865
14,-157.25752_21.16708,34333.67085860606
15,-157.25225_21.17288,34029.77868045304
16,-157.23650_21.18016,32796.203761756566
17,-157.24170_21.18236,33387.23146376509
18,-157.23469_21.18124,32667.46723269389
19,-157.23121_21.17582,32106.03875687189
20,-157.23136_21.17679,32160.033170028528
21,-157.23181_21.17986,32332.865793694647
22,-157.23348_21.17754,32395.296779095457
23,-157.23346_21.17572,32318.879775574867
24,-157.27220_21.15726,35460.81424899743
25,-157.27072_21.15325,35191.8871660532
26,-157.26758_21.15938,35067.77991097152
27,-157.26660_21.15993,34988.316236610844
28,-157.26175_21.16380,34636.560828803245
29,-156.98750_21.07828,4619.936900654885
30,-156.98726_21.07819,4593.298186036843
31,-156.98642_21.07789,4500.043571044243
32,-156.98697_21.07781,4552.971409179633
33,-156.98728_21.07744,4573.730963905569
34,-156.98824_21.07720,4664.437128536388
35,-156.98806_21.07713,4644.439215082281
36,-156.98814_21.07745,4660.734705470413
37,-156.98796_21.07792,4655.236763361937
38,-156.98781_21.07782,4638.336892204722
39,-157.00002_21.08562,6104.547721382835
40,-157.00017_21.08539,6110.613696411478
41,-157.00031_21.08518,6116.355264882639
42,-157.00043_21.08498,6121.73681431517
43,-157.00078_21.08444,6137.230340851301
44,-157.00089_21.08427,6142.528356688706
45,-156.99628_21.08483,5708.846118738849
46,-156.99612_21.08507,5702.075963707259
47,-156.99580_21.08554,5689.359739462474
48,-156.99588_21.08630,5726.988669543677
49,-156.98738_21.07707,4574.132212147276
50,-156.98773_21.07739,4618.6403557194635
51,-156.98855_21.07734,4699.19168652989
52,-156.98868_21.07753,4718.1478905052645
53,-156.98881_21.07786,4739.74470739986
54,-157.10458_21.16571,19870.76193136703
55,-157.09902_21.16447,19313.683935684992
56,-157.10404_21.14645,18738.43616787964
57,-157.07005_21.14893,15857.659048338872
58,-157.07164_21.14981,16049.837827545376
59,-157.05835_21.17505,16788.133726982396
60,-157.05894_21.17629,16929.40484912553
61,-157.05935_21.17527,16878.906366883595
62,-157.05927_21.17575,16911.137233313933
63,-156.98901_21.07795,4762.236831884529
64,-156.98876_21.07856,4754.436585398748
65,-156.98854_21.07856,4732.168720353506
66,-156.99727_21.08526,5822.021636431271
67,-156.99738_21.08476,5814.203133218216
68,-156.99775_21.08421,5829.946530913658
69,-156.99801_21.08400,5848.771272306361
70,-156.99819_21.08371,5856.743620553384
71,-157.08150_21.15589,17274.49270785575
72,-157.08349_21.15446,17356.94049375465
73,-157.11548_21.17975,21680.49608578642
74,-157.11353_21.18030,21549.85009507768
75,-157.08203_21.18424,19270.08752945255
76,-157.08359_21.18458,19415.02512975438
77,-157.08543_21.18104,19300.12194296815
78,-157.06544_21.15892,16137.559953608668
79,-156.95489_21.06662,1072.2506898494232
80,-156.95508_21.06664,1091.7147818956007
81,-156.95531_21.06666,1115.4041228448502
82,-156.95592_21.06668,1178.4888101877348
83,-156.95629_21.06669,1217.609464018029
84,-156.95462_21.06733,1040.957638780107
85,-156.95265_21.06691,837.9848543099051
86,-156.95364_21.06646,944.6753946957086
87,-157.28756_21.14135,36562.9600721132
88,-157.07443_21.15027,16317.180945882224
89,-157.06373_21.16454,16401.266192452484
90,-157.07261_21.16906,17427.041264460633
91,-157.07323_21.17329,17781.29046006462
92,-157.07480_21.17363,17928.58236519816
93,-157.07637_21.17397,18076.475992794323
94,-157.07803_21.17374,18191.12714153678
95,-157.07948_21.17452,18361.811431488197
96,-157.08099_21.17490,18509.37583395434
97,-157.08246_21.17534,18657.70147927804
98,-157.06868_21.17164,17306.311631204928
99,-157.06922_21.16945,17187.589158485553
100,-157.07747_21.17752,18421.01925930906
101,-157.07009_21.16708,17085.306093618758
102,-157.07035_21.16475,16940.610345803823
103,-157.07058_21.16381,16892.632858310764
104,-157.07134_21.16069,16738.724938546988
105,-157.07103_21.15953,16634.080819002906
106,-157.07140_21.15960,16669.81840134435
107,-157.07178_21.15969,16706.523503508062
108,-157.07216_21.15976,16743.088903460128
109,-157.07218_21.16387,17026.496397024526
110,-157.07375_21.16420,17176.33575422539
111,-157.07646_21.16490,17444.703731085458
112,-157.07593_21.16877,17670.868710209048
113,-157.07941_21.16132,17447.25751782797
114,-157.08003_21.16555,17781.846190025117
115,-157.08252_21.16217,17763.305707518273
116,-157.08066_21.16978,18122.944170610685
117,-157.08318_21.16622,18086.772671577164
118,-156.86999_21.05081,572.9312463522209
119,-156.87096_21.05074,474.32620392619725
120,-157.00100_21.08410,6147.701728003815
121,-157.00110_21.08394,6152.715901598716
122,-157.00130_21.08364,6162.589125885526
123,-157.00150_21.08333,6172.460482852208
124,-157.00160_21.08317,6177.480852661426
125,-157.00170_21.08302,6182.74003573973
126,-157.00180_21.08287,6188.075816756889
127,-157.00210_21.08241,6204.195456359035
128,-157.00220_21.08225,6209.600539382265
129,-157.00227_21.08189,6205.325965102988
130,-157.00318_21.08174,6292.794268845308
131,-157.00341_21.08185,6318.756565392065
132,-157.00309_21.08224,6297.844386123278
133,-157.09556_21.14667,17976.247516033305
134,-157.12755_21.14364,20800.288819466776
135,-157.11619_21.15212,20146.848448363908
136,-157.09711_21.16406,19123.72063944062
137,-157.10089_21.16492,19502.933661763225
138,-157.07593_21.15079,16478.710774859133
139,-157.07827_21.15148,16722.615204824873
140,-157.06701_21.15771,16181.764350780795
141,-157.06861_21.15797,16330.152530442523
142,-157.07200_21.15066,16133.702616928163
143,-157.07194_21.15851,16640.43769771265
144,-157.07360_21.15888,16802.57772998533
145,-157.07527_21.15923,16964.78137727093
146,-157.07867_21.15249,16819.3125928516
147,-157.08341_21.15778,17556.654234175003
148,-157.08080_21.15855,17384.387672866753
149,-157.08163_21.16030,17567.072677782427
150,-157.08261_21.16087,17686.58582804885
151,-157.09087_21.16281,18510.230507247423
152,-157.09301_21.16322,18719.893112716723
153,-157.09674_21.15794,18720.22682266765
154,-157.08416_21.16128,17843.582171578582
155,-157.08933_21.16006,18206.60107976983
156,-157.09575_21.15778,18623.939951380507
157,-157.08719_21.15855,17928.603705778354
158,-157.08086_21.15942,17445.13997844907
159,-157.08181_21.15376,17168.37104234965
160,-157.08184_21.15496,17245.560739562647
161,-156.95257_21.06707,829.0479038545304
162,-156.95249_21.06722,820.5379094546644
163,-156.95242_21.06738,812.8196581218201
164,-156.95232_21.06753,803.0513058890035
165,-156.95223_21.06776,794.1184657245764
166,-156.95193_21.06780,763.0824256340569
167,-156.95166_21.06782,735.6925993675945
168,-156.95161_21.06765,729.5106898794061
169,-156.95186_21.06738,754.5906511793462
170,-156.95204_21.06722,773.8423413134989
171,-156.95180_21.06721,748.5508404358128
172,-156.95155_21.06727,722.6963690768602
173,-156.95156_21.06707,723.6023770278989
174,-156.95165_21.06681,734.6931623598011
175,-156.95186_21.06677,756.717101455261
176,-156.95207_21.06684,778.0823077918631
177,-156.95225_21.06609,807.6549386254796
178,-156.95207_21.06601,790.670868304765
179,-156.95362_21.06737,936.9929876748622
180,-156.94586_21.07134,459.4941720552862
181,-156.93975_21.07173,651.4108658162672
182,-156.76197_21.09679,2959.299577672775
183,-156.76287_21.09747,2981.886221347884
184,-156.76363_21.09848,2974.6032368624337
185,-157.00741_21.16127,12277.436570340738
186,-157.00769_21.16119,12285.26586526714
187,-157.05891_21.17517,16838.776546436504
188,-157.06179_21.17893,17345.424049650654
189,-157.06326_21.18022,17554.104166704044
190,-157.06483_21.18059,17697.591617058344
191,-157.05941_21.17631,16964.64285442219
192,-157.05985_21.17731,17076.646058906714
193,-157.06076_21.17765,17168.921223282385
194,-157.06090_21.17688,17119.227119158888
195,-157.06107_21.17648,17099.882175191215
196,-157.06031_21.17636,17034.85756051546
197,-157.05991_21.17547,16935.732902798896
198,-157.00697_21.16215,12335.742414663548
199,-157.00687_21.16186,12302.865168932354
200,-157.00669_21.16195,12302.144479716311
201,-157.00653_21.16204,12301.263335158152
202,-157.00676_21.16228,12336.506442657803
203,-157.00675_21.16256,12362.789285049084
204,-157.00607_21.16231,12301.900668470595
205,-157.00554_21.16218,12261.37230840852
206,-157.00556_21.16198,12243.391821529196
207,-157.00579_21.16191,12248.834928832011
208,-157.00597_21.16181,12248.977508551052
209,-156.97902_21.07264,3625.204547519599
210,-156.97856_21.07244,3574.5320486333367
211,-156.97779_21.07208,3488.874083624005
212,-156.97743_21.07189,3448.764583177652
213,-156.98923_21.07688,4756.43505859325
214,-156.98888_21.07686,4720.572015847638
215,-157.06210_21.16463,16280.18312655594
216,-157.06519_21.16514,16559.061829293278
217,-157.06656_21.16647,16762.84504228436
218,-157.06882_21.16369,16743.246738301474
219,-157.04613_21.16245,14903.980791790922
220,-157.06121_21.17479,16978.99886727422
221,-157.06346_21.17201,16934.262013022635
222,-157.06472_21.17397,17178.18606678651
223,-157.06586_21.17588,17409.26874777521
224,-157.04328_21.16448,14858.143445178526
225,-157.00406_21.16160,12126.923219552164
226,-157.00311_21.16169,12086.031359578556
227,-157.00333_21.16198,12125.439476879921
228,-157.00368_21.16239,12182.277451504497
229,-157.00388_21.16229,12183.23905750052
230,-157.00425_21.16210,12184.47879779514
231,-157.00443_21.16201,12185.616161116228
232,-157.00631_21.16162,12249.935220122132
233,-157.00647_21.16153,12250.567312617704
234,-157.00520_21.16214,12238.93699166896
235,-157.00529_21.16230,12258.930491622856
236,-157.00547_21.16261,12298.049926254156
237,-157.00556_21.16277,12317.706833852482
238,-156.99814_21.08295,5825.6810477178415
239,-157.00460_21.16186,12180.47971570046
240,-157.00488_21.16254,12260.456317023047
241,-157.00408_21.16278,12240.628532669556
242,-157.00419_21.16303,12270.465361422976
243,-157.00376_21.16340,12283.716122222871
244,-157.00434_21.16375,12347.134853678845
245,-157.00416_21.16344,12307.931078349557
246,-157.00483_21.16353,12352.130770198955
247,-157.00476_21.16333,12329.374725347623
248,-157.00469_21.16316,12309.305546083144
249,-157.00555_21.16355,12392.152357739336
250,-157.00567_21.16376,12418.006103472644
251,-157.00578_21.16396,12443.593671560038
252,-157.00556_21.16401,12436.35237926884
253,-157.00538_21.16370,12396.979980316479
254,-157.00522_21.16378,12396.218987787792
255,-157.00540_21.16409,12435.48693976606
256,-157.00491_21.16393,12394.65930972593
257,-157.00509_21.16424,12433.901345092554
258,-157.00481_21.16418,12413.134199380076
259,-157.00414_21.16427,12386.533546430812
260,-157.00435_21.16454,12422.87074682943
261,-157.00459_21.16481,12461.602090276594
262,-157.00489_21.16479,12476.030031888347
263,-157.00547_21.16464,12491.601845441384
264,-157.00592_21.16462,12513.853421747035
265,-157.00575_21.16438,12481.179032613849
266,-157.00603_21.16426,12484.780339456784
267,-157.00616_21.16454,12518.144109404819
268,-157.00505_21.16292,12304.904748834622
269,-157.05414_21.17199,16240.251221466331
270,-157.06280_21.16713,16517.84946538253
271,-157.06308_21.16722,16546.554203236723
272,-157.06338_21.16727,16573.793372314405
273,-157.06367_21.16735,16601.524464442566
274,-157.05438_21.17224,16277.785471104247
275,-157.05462_21.17249,16314.557542689692
276,-157.05489_21.17273,16353.039007853335
277,-157.05513_21.17299,16391.473896757914
278,-157.03023_21.09296,9339.65073507935
279,-157.03305_21.09458,9673.461295818806
280,-157.03387_21.09496,9767.124806946464
281,-157.07721_21.18321,18824.16209918292
282,-157.07877_21.18354,18968.01743638872
283,-157.07478_21.17968,18374.077137453205
284,-157.06762_21.17599,17550.584686524544
285,-157.07008_21.17262,17487.47121804119
286,-157.07129_21.17273,17588.77795803724
287,-157.07016_21.17654,17784.974891005204
288,-157.07045_21.17660,17811.27024139358
289,-157.07074_21.17666,17838.317249761338
290,-157.07104_21.17672,17865.874595981284
291,-157.07133_21.17679,17893.639950697318
292,-157.08469_21.16657,18234.951412714887
293,-157.08606_21.16793,18439.391232756792
294,-157.08786_21.16719,18539.651886576376
295,-157.08844_21.17135,18865.28840916532
296,-157.09097_21.16782,18841.315763500428
297,-157.09252_21.16821,18996.64834908821
298,-157.09504_21.16464,18981.695019258743
299,-157.07518_21.16508,17353.277885363328
300,-157.03453_21.09521,9841.535502511104
301,-157.02861_21.09604,9290.479970923649
302,-157.03177_21.09674,9625.592620819776
303,-157.03387_21.09658,9825.156050791964
304,-157.04190_21.09985,10732.171222777475
305,-157.04395_21.10145,10992.24450155316
306,-157.04702_21.10328,11361.789382964103
307,-157.04836_21.10315,11487.55987632779
308,-157.04870_21.10500,11592.508460271163
309,-157.04969_21.10587,11723.777385989377
310,-157.04145_21.10320,10818.176218883904
311,-157.04297_21.10333,10970.634809609523
312,-157.04397_21.10364,11080.564163402056
313,-157.04511_21.10404,11206.49466258566
314,-157.04587_21.10469,11306.93243535439
315,-157.04715_21.10509,11446.201251892977
316,-156.99801_21.08314,5819.5498471958335
317,-156.99752_21.08390,5796.344060328932
318,-156.99739_21.08409,5790.376884806094
319,-156.99713_21.08446,5778.704376410751
320,-156.99701_21.08465,5773.063844642065
321,-156.99687_21.08485,5767.121868297056
322,-156.99658_21.08527,5754.977950359225
323,-156.99621_21.08582,5740.353816630975
324,-156.99862_21.08139,5824.958125959857
325,-156.99822_21.08195,5802.120036326729
326,-156.99810_21.08214,5795.653728160411
327,-156.99797_21.08233,5789.127522714338
328,-156.99784_21.08252,5782.630734406963
329,-156.99772_21.08271,5776.287029880048
330,-156.99747_21.08308,5764.080329662696
331,-156.99735_21.08327,5758.1340292693185
332,-156.99704_21.08340,5732.3693358522
333,-156.99692_21.08357,5726.150897638047
334,-156.99669_21.08381,5711.2881412551005
335,-156.99684_21.08402,5733.66690264175
336,-156.99671_21.08420,5727.838635165962
337,-156.99658_21.08439,5722.0138970375165
338,-156.98834_21.07849,4709.885211603292
339,-156.98783_21.07813,4648.447723478606
340,-156.98773_21.07839,4645.776635464121
341,-156.98755_21.07805,4618.410273143748
342,-156.98738_21.07798,4598.74528347829
343,-156.98685_21.07802,4547.226754709292
344,-156.98655_21.07763,4505.509774842803
345,-156.98645_21.07850,4521.330092671247
346,-156.98667_21.07856,4544.74347872199
347,-156.98688_21.07864,4567.767073096246
348,-156.98735_21.07867,4616.568737438228
349,-157.00588_21.16273,12331.702065827174
350,-157.00612_21.16270,12341.59760077108
351,-157.00625_21.16290,12367.612189395491
352,-157.06633_21.18101,17840.24665441242
353,-157.06786_21.18123,17970.846813472104
354,-157.06942_21.18156,18112.590143101846
355,-157.07098_21.18190,18255.30686315436
356,-157.07255_21.18223,18398.041320374632
357,-157.07566_21.18292,18684.78038095339
358,-156.85161_21.05797,2509.5467445871777
359,-156.87697_21.04899,36.05205438543508
360,-156.87755_21.04803,155.49639063258937
361,-156.87726_21.04898,64.09282104581115
362,-156.76117_21.09520,3019.5614003822884
363,-156.76187_21.09609,3003.806119954398
364,-156.76199_21.09639,2989.974919809813
365,-156.98789_21.07911,4683.105409367758
366,-156.98706_21.07882,4591.7297862964715
367,-157.00248_21.08288,6255.792252171075
368,-157.00237_21.08303,6249.43055973252
369,-157.00226_21.08318,6243.198191764463
370,-157.00215_21.08333,6236.9580798060815
371,-157.00204_21.08347,6230.797155511988
372,-157.00193_21.08362,6224.521043367475
373,-157.00161_21.08407,6206.506297996605
374,-157.00138_21.08437,6194.590157970145
375,-157.00115_21.08468,6182.073517940188
376,-157.00103_21.08485,6175.767196391117
377,-157.00090_21.08503,6169.2540229307615
378,-157.00076_21.08522,6162.305815571112
379,-157.00061_21.08541,6155.099858337521
380,-157.00046_21.08562,6147.646822820972
381,-157.00030_21.08585,6139.904460913475
382,-157.00013_21.08608,6132.182830059238
383,-156.95339_21.06640,919.9479267024302
384,-156.95436_21.06659,1017.7121925927992
385,-156.95454_21.06661,1035.8849367728803
386,-156.95471_21.06662,1054.2678043132971
387,-156.79584_21.07375,3550.407535589575
388,-157.09732_21.16916,19463.029804426
389,-157.09888_21.16950,19616.501814196927
390,-157.08724_21.16317,18225.217873032398
391,-157.08664_21.17198,18761.227297375095
392,-157.08726_21.17619,19101.771422662132
393,-156.76241_21.09543,3094.170559470046
394,-156.77030_21.09000,4105.571257812925
395,-156.77278_21.08783,4458.421483535688
396,-156.77363_21.08723,4567.827864744011
397,-156.77535_21.08943,4550.779919997005
398,-156.77466_21.08658,4695.728437173848
399,-156.79158_21.07644,4057.7979869435
400,-156.79130_21.07665,4091.560253143148
401,-156.78955_21.07762,4298.069054140881
402,-156.78581_21.08057,4771.607979335936
403,-156.79344_21.07649,3875.4979937364737
404,-157.00011_21.16149,11912.945222909964
405,-157.00730_21.16189,12329.689000687495
406,-157.00744_21.16210,12356.837343888188
407,-157.00755_21.16234,12385.536035049709
408,-157.00739_21.16247,12388.297465475764
409,-157.00715_21.16255,12383.351213754784
410,-157.08975_21.17270,19064.247474726955
411,-157.09102_21.17271,19169.554106293872
412,-157.09193_21.17720,19549.76414084282
413,-157.09363_21.17756,19713.39855842949
414,-157.09675_21.17823,20013.969796227528
415,-157.09919_21.17482,19987.943799006855
416,-157.09778_21.18070,20267.15519296921
417,-157.10038_21.17677,20215.577471637007
418,-157.10051_21.18298,20645.37573078248
419,-157.10779_21.18060,21087.14716901141
420,-157.10935_21.18094,21239.364380098366
421,-157.11091_21.18127,21391.785998170675
422,-157.10076_21.16599,19557.78532931661
423,-157.10105_21.16606,19586.547332576953
424,-157.10134_21.16612,19615.25066190458
425,-157.10163_21.16618,19643.960202440332
426,-157.10192_21.16624,19672.702283401282
427,-157.10011_21.17367,19989.25262653268
428,-157.09982_21.17361,19961.02329250888
429,-157.09953_21.17355,19932.77046930004
430,-157.09895_21.17342,19876.25810333145
431,-157.10407_21.16835,19988.76689449744
432,-157.10525_21.17087,20246.46704899537
433,-157.10681_21.17120,20400.906507945543
434,-157.10837_21.17153,20555.52573566435
435,-157.10992_21.17187,20710.320394434984
436,-157.11139_21.17218,20855.59663747744
437,-157.11328_21.17635,21277.320862246856
438,-157.11397_21.17349,21159.481583044904
439,-156.97155_21.07065,2824.7439142385088
440,-156.96346_21.06887,1967.3861210539687
441,-156.96478_21.06915,2106.48125780536
442,-156.96024_21.06768,1626.1294520446904
443,-156.75801_21.10079,2358.421894867676
444,-156.75281_21.10168,1901.4778321202327
445,-156.75338_21.10124,1977.133796577728
446,-157.00697_21.16247,12366.00431519843
447,-156.98841_21.07668,4668.487360309287
448,-156.98821_21.07658,4645.820933343184
449,-156.98719_21.07612,4531.07821612528
450,-156.98801_21.07649,4624.03115664831
451,-156.97832_21.07236,3548.446816168412
452,-156.97811_21.07225,3525.07114298708
453,-156.98953_21.07709,4791.961093998563
454,-156.98861_21.07676,4690.559124440166
455,-156.98921_21.07709,4760.100617356989
456,-156.98747_21.07630,4564.62534216912
457,-156.98760_21.07619,4574.474681403305
458,-156.98250_21.07395,4005.777052132573
459,-156.98223_21.07383,3976.2606083800088
460,-156.98197_21.07368,3946.9749851459032
461,-156.98025_21.07313,3759.982110745085
462,-156.97987_21.07299,3718.1771720319407
463,-157.01101_21.08273,7108.834946069373
464,-157.01126_21.08286,7137.6176972216945
465,-157.01151_21.08300,7166.393415013366
466,-157.01206_21.08326,7228.0185457293155
467,-157.01233_21.08334,7257.85965537683
468,-157.01263_21.08345,7290.788702898093
469,-157.01290_21.08353,7320.343648287283
470,-157.01242_21.08416,7289.688397144135
471,-157.01203_21.08385,7241.832451976609
472,-157.01178_21.08374,7212.847492604643
473,-157.01152_21.08362,7183.882041206461
474,-157.01126_21.08350,7154.791834269601
475,-157.01074_21.08326,7095.428272283428
476,-157.01049_21.08375,7083.69869422495
477,-157.01075_21.08388,7113.831159205704
478,-157.01101_21.08400,7143.000796104398
479,-157.01126_21.08412,7172.089379866224
480,-157.01152_21.08424,7201.125919637875
481,-157.01177_21.08436,7230.085449823099
482,-157.01230_21.08440,7284.205341278543
483,-157.01216_21.08467,7277.620197240669
484,-157.00911_21.08191,6895.1833603640525
485,-157.00945_21.08203,6932.078511935999
486,-157.00970_21.08213,6960.265189889714
487,-157.00996_21.08225,6989.288927656684
488,-157.01021_21.08236,7018.379390114786
489,-157.01049_21.08251,7049.972400880829
490,-157.01075_21.08262,7079.043396797717
491,-157.01048_21.08314,7065.640198099139
492,-157.01022_21.08302,7036.488188986322
493,-157.00996_21.08290,7007.349065695296
494,-157.00970_21.08278,6978.161378436168
495,-157.00945_21.08266,6948.97118784125
496,-157.00919_21.08255,6919.908043723454
497,-157.00883_21.08237,6878.851540191396
498,-157.00856_21.08282,6863.771350482948
499,-157.00895_21.08300,6908.364440370707
500,-157.00921_21.08313,6937.449659225354
501,-157.00946_21.08325,6966.489786134524
502,-157.00971_21.08337,6995.553039759519
503,-157.00997_21.08350,7024.585407390276
504,-157.01022_21.08362,7053.7016976108525
505,-156.99849_21.08352,5879.074201709504
506,-156.99829_21.08336,5854.055641852136
507,-156.99868_21.08323,5888.67581108595
508,-156.99886_21.08296,5897.79667132576
509,-156.79552_21.07381,3584.206999386329
510,-156.79419_21.07601,3784.1801747477193
511,-156.79606_21.07158,3474.3745686806615
512,-156.80277_21.07127,2785.891216126014
513,-156.79589_21.07464,3570.866302425159
514,-156.79631_21.07147,3446.851015220672
515,-156.80188_21.07240,2905.317108411637
516,-156.79894_21.07317,3221.9969069860967
517,-156.79790_21.07365,3340.201115468947
518,-156.79687_21.07364,3443.3197201947864
519,-156.80129_21.07051,2918.499835171407
520,-156.80416_21.06856,2590.4852975010535
521,-156.81570_21.06772,1390.4285855032372
522,-156.81191_21.06909,1805.8248206559388
523,-156.80615_21.07114,2440.0267750869525
524,-157.08974_21.18197,19708.08180092362
525,-157.08573_21.18110,19328.407927093915
526,-157.08944_21.18190,19679.61551538628
527,-157.08603_21.18117,19356.705346761402
528,-157.08633_21.18123,19385.014230939043
529,-157.08662_21.18131,19413.78755097071
530,-156.81677_21.06774,1281.1638157471004
531,-156.81913_21.06789,1044.8321456249157
532,-156.82418_21.06447,508.13208176345694
533,-157.08914_21.18184,19651.191083177582
534,-157.08884_21.18177,19622.77753799764
535,-157.08854_21.18171,19594.37500660988
536,-157.05218_21.16225,15339.991474677527
537,-157.05414_21.16241,15501.987557861175
538,-157.05584_21.16296,15673.06543915754
539,-157.05893_21.16416,15999.94151785966
540,-157.06051_21.16435,16135.81195408778
541,-157.04439_21.16764,15191.664291635305
542,-157.04822_21.16631,15360.84138597876
543,-157.04833_21.16978,15644.899548183235
544,-157.04908_21.17296,15954.412592000288
545,-157.05332_21.17131,16126.703492391733
546,-157.05252_21.17614,16456.14900137684
547,-157.05238_21.17824,16616.77250879398
548,-157.05504_21.17902,16867.91489836523
549,-157.05141_21.16901,15806.225564289516
550,-157.04883_21.17107,15784.089627386296
551,-157.05693_21.16391,15827.186884619421
552,-157.06987_21.15940,16530.46402442364
553,-157.06251_21.16710,16493.366661929686
554,-156.95460_21.07414,1283.3418656325111
555,-156.95216_21.07581,1222.9498059411735
556,-156.97114_21.07420,2861.019689669964
557,-156.97017_21.07985,2996.6274913844363
558,-157.04770_21.10623,11546.359256198491
559,-157.02962_21.09637,9400.876350912324
560,-157.04635_21.10278,11277.08635978453
561,-157.04608_21.10267,11247.033128979068
562,-157.04583_21.10256,11218.162649514992
563,-157.04557_21.10244,11188.225462511293
564,-157.04597_21.10339,11264.371428196522
565,-157.04570_21.10329,11234.13223266641
566,-157.04545_21.10318,11204.92447970895
567,-157.04518_21.10306,11174.962496260887
568,-157.04488_21.10293,11140.456389794166
569,-157.04464_21.10283,11112.546632615971
570,-157.04413_21.10261,11055.129330148804
571,-157.04383_21.10248,11020.707675104211
572,-157.04358_21.10238,10992.208877017623
573,-157.04332_21.10227,10963.015220352743
574,-157.04308_21.10216,10935.20281567009
575,-157.03017_21.09661,9464.033800946254
576,-157.02930_21.09873,9462.346312874062
577,-157.04001_21.10254,10652.467213288168
578,-157.04677_21.10579,11437.590356398096
579,-157.04750_21.10254,11380.05591621662
580,-157.04660_21.10606,11432.76385961526
581,-157.04645_21.10637,11430.9722440835
582,-157.04719_21.10118,11299.053356546632
583,-157.04016_21.09616,10429.495132722945
584,-157.03982_21.09696,10423.94370999181
585,-157.04010_21.09697,10451.756172676294
586,-157.04035_21.09707,10480.037810951768
587,-157.04063_21.09715,10510.414010344322
588,-157.04093_21.09725,10543.244723916161
589,-157.04188_21.09765,10651.25896275298
590,-157.04052_21.09612,10464.28967081768
591,-157.03809_21.09753,10273.551398439107
592,-157.03582_21.10003,10146.097201328786
593,-157.03526_21.09955,10072.665400518956
594,-157.00020_21.08451,6082.849738245544
595,-156.99968_21.08148,5934.021225790821
596,-156.99986_21.08156,5953.982240824138
597,-157.00027_21.08333,6049.79609496478
598,-156.99951_21.08204,5934.098337869773
599,-157.00076_21.08209,6060.2026874593375
600,-156.99868_21.08279,5874.114592047839
601,-156.99990_21.08364,6023.431757488976
602,-156.99902_21.08221,5889.99279239211
603,-156.99990_21.08390,6031.635055789358
604,-156.99847_21.08307,5862.443002647281
605,-157.00151_21.08258,6149.524629199627
606,-157.00160_21.08241,6153.978116568153
607,-157.00140_21.08227,6129.987585567984
608,-157.00167_21.08206,6150.766995533958
609,-157.00152_21.08197,6132.852728204926
610,-157.00115_21.08197,6095.697007760539
611,-157.05291_21.11069,12235.048590725868
612,-157.05337_21.13140,13342.40528432652
613,-157.05361_21.12899,13223.775380949168
614,-157.01722_21.15426,12228.408955405752
615,-157.01594_21.15427,12147.53550284236
616,-157.01490_21.15391,12050.868882396251
617,-157.01373_21.15409,11992.845692651112
618,-157.03017_21.17766,15106.890072043623
619,-157.01318_21.14995,11593.55530902194
620,-157.05153_21.10787,11982.8275515355
621,-157.08379_21.10696,15113.522620988058
622,-156.94407_21.06611,147.65296745961612
623,-156.95134_21.06563,725.8699782047033
624,-156.95038_21.06695,602.8125298836521
625,-156.94530_21.06399,378.745447723645
626,-156.99674_21.07877,5564.03759620157
627,-157.03532_21.10127,10147.390287000017
628,-157.03601_21.09966,10150.427131212564
629,-157.01803_21.16028,12809.354864308483
630,-157.01516_21.15509,12170.611544001868
631,-157.01420_21.15524,12124.003099129952
632,-157.01370_21.15546,12112.811756985948
633,-157.01332_21.15578,12117.821294171203
634,-157.02095_21.16035,12998.334399296768
635,-157.01953_21.16052,12923.883524943187
636,-157.01181_21.16460,12833.874639690888
637,-157.05674_21.16611,15978.74059996739
638,-157.00672_21.16418,12514.588292015203
639,-157.00980_21.15840,12145.416570622876
640,-157.05498_21.16531,15784.99291249416
641,-157.05597_21.16574,15891.76299314141
642,-157.05613_21.16715,16011.499113873191
643,-157.05181_21.16436,15473.839532367843
644,-157.05167_21.16492,15507.082463274563
645,-157.05153_21.16549,15539.867149112695
646,-157.05146_21.16577,15556.270761122414
647,-157.05123_21.16661,15605.03194102543
648,-157.05105_21.16696,15619.147614636864
649,-157.05113_21.16732,15653.334312402363
650,-156.96368_21.06961,1998.3480390069096
651,-156.99968_21.08112,5923.426011243673
652,-156.99468_21.07822,5341.950383271019
653,-156.99405_21.07814,5276.179601941375
654,-157.05592_21.16802,16062.093528527146
655,-157.05570_21.16889,16113.028035880672
656,-157.05542_21.16998,16177.13241434606
657,-157.05568_21.17138,16305.092339532092
658,-157.05483_21.17087,16202.774462451678
659,-157.05309_21.16934,15955.413532830387
660,-157.05360_21.16853,15929.40409868408
661,-157.05397_21.16705,15842.55203297966
662,-157.05416_21.16629,15797.971925709813
663,-157.05784_21.16642,16085.423928387694
664,-157.05865_21.16660,16160.66247723788
665,-157.05943_21.16680,16235.594698241423
666,-157.06032_21.16647,16278.294413796528
667,-157.05942_21.16846,16358.854034437456
668,-157.05914_21.16957,16422.6003046688
669,-157.05879_21.17096,16503.039798398284
670,-157.05852_21.17208,16568.8713567331
671,-157.05856_21.17350,16682.52573262554
672,-157.05781_21.17332,16613.34346237564
673,-157.05716_21.17278,16523.336536448907
674,-157.05642_21.17236,16435.945205254848
675,-157.05710_21.17112,16389.826245221717
676,-157.05761_21.16909,16271.075126096563
677,-157.05787_21.16805,16210.663319298505
678,-157.06102_21.16725,16390.484236095588
679,-157.06179_21.16743,16462.94462105236
680,-157.06107_21.16868,16501.50149357134
681,-157.06020_21.17020,16550.751391747646
682,-157.06047_21.17111,16640.727816199946
683,-157.06021_21.17219,16703.218526815326
684,-157.06020_21.17387,16832.671015388267
685,-157.05941_21.17370,16761.455755900082
686,-157.05893_21.17041,16471.05263509532
687,-157.05865_21.17153,16536.24038037168
688,-157.05178_21.16832,15779.097178748474
689,-157.06094_21.16922,16531.96534557732
690,-157.06006_21.16748,16334.246334786669
691,-157.05726_21.16548,15970.232518016803
692,-157.05711_21.16607,16003.511383969044
693,-157.05696_21.17007,16297.224389674384
694,-157.00466_21.16135,12135.475100809488
695,-157.00495_21.16122,12138.140945237152
696,-157.00549_21.16100,12147.118301170814
697,-157.00921_21.16030,12287.959766804332
698,-157.00850_21.16071,12285.597867802922
699,-157.00737_21.16095,12245.073047799793
700,-157.00787_21.16023,12205.600660808066
701,-157.00732_21.16045,12195.829089305043
702,-157.00521_21.16160,12188.633901177036
703,-157.00672_21.16086,12200.37747413028
704,-157.00763_21.16033,12201.270658005536
705,-157.00662_21.16062,12172.555313080595
706,-157.04886_21.16546,15340.183257503912
707,-157.04944_21.16545,15382.870695286112
708,-157.05002_21.16673,15524.817709831603
709,-157.04994_21.16620,15477.919682656577
710,-157.04985_21.16603,15457.801537295363
711,-157.05041_21.16600,15496.889043669238
712,-157.05066_21.16597,15512.845272689068
713,-157.00708_21.08155,6680.947141285144
714,-157.05083_21.16626,15548.154863271047
715,-157.05051_21.16631,15528.63651753287
716,-157.05055_21.16658,15552.129305220467
717,-157.05070_21.16699,15595.538022621087
718,-157.05049_21.16691,15573.725758279388
719,-157.05096_21.16554,15501.988947592228
720,-157.05310_21.16421,15559.376937235236
721,-157.05294_21.16487,15597.611794588718
722,-157.05286_21.16519,15616.061009601097
723,-157.05277_21.16551,15634.353396344351
724,-157.05253_21.16648,15690.892844805816
725,-157.05244_21.16681,15709.732364044716
726,-157.05233_21.16722,15733.329631348683
727,-157.05211_21.16806,15782.916508656279
728,-157.05260_21.16408,15511.954918466787
729,-157.05251_21.16443,15531.400762313544
730,-157.05243_21.16475,15550.010046800464
731,-157.05234_21.16507,15568.628002252595
732,-157.05226_21.16540,15586.991666886985
733,-157.05218_21.16572,15605.650843573736
734,-157.05210_21.16604,15624.78835191684
735,-157.05201_21.16637,15643.732022495751
736,-157.05193_21.16669,15662.939331891203
737,-157.05191_21.16708,15691.316740251848
738,-157.05165_21.16730,15689.364360369424
739,-156.75043_21.13161,2145.247640160759
740,-156.74406_21.14693,3604.713985040484
741,-156.95895_21.06726,1491.8200216878247
742,-156.95723_21.06685,1314.210834370679
743,-156.95702_21.06678,1292.3356302308243
744,-156.98756_21.07875,4639.2154299083
745,-156.98771_21.07889,4658.9129085183595
746,-156.98794_21.07889,4681.354735698342
747,-156.98846_21.07757,4696.300027763312
748,-156.98828_21.07804,4691.055080973764
749,-156.99793_21.08438,5854.300845801899
750,-156.99855_21.08422,5910.162807643331
751,-156.99853_21.08458,5920.895214804764
752,-156.99834_21.08485,5911.641879786026
753,-156.99826_21.08511,5912.888446324533
754,-156.99801_21.08552,5903.508607767689
755,-156.99785_21.08578,5898.396889875706
756,-156.99775_21.08614,5902.2528787955725
757,-156.99907_21.08500,5988.808277878886
758,-156.99951_21.08459,6017.259357570852
759,-157.00003_21.08480,6076.150916521322
760,-156.99969_21.08538,6062.872926974892
761,-156.99951_21.08567,6056.617567744119
762,-156.99934_21.08596,6050.458583727736
763,-156.99851_21.08685,6003.643136601733
764,-156.99782_21.08665,5929.33900472864
765,-156.99748_21.08656,5892.931724777698
766,-156.99721_21.08635,5858.137611131951
767,-156.99709_21.08656,5855.324969650384
768,-156.99679_21.08649,5823.285351796552
769,-156.99758_21.08496,5840.701455108295
770,-156.99818_21.08530,5911.983092908145
771,-156.99871_21.08399,5917.573828354796
772,-156.99780_21.08596,5900.178838483141
773,-156.99825_21.08559,5929.714122077817
774,-156.99853_21.08568,5960.9445601469615
775,-156.99776_21.08467,5847.547964624402
776,-157.00132_21.08101,6085.402166754803
777,-157.00118_21.08098,6070.517120375756
778,-157.00106_21.08086,6055.381496235856
779,-157.00021_21.08062,5963.059514119047
780,-157.00220_21.08164,6191.37581591564
781,-157.00170_21.08168,6142.640649924172
782,-157.00141_21.08157,6110.709091250688
783,-157.00127_21.08158,6096.319746581878
784,-157.00098_21.08151,6065.124388998921
785,-157.00083_21.08148,6049.351648359534
786,-157.00069_21.08144,6033.7835484227235
787,-157.00044_21.08139,6007.515982696794
788,-157.00003_21.08123,5961.857457752269
789,-156.96307_21.06845,1923.7780984502135
790,-156.96425_21.06893,2050.106144725264
791,-156.96581_21.06936,2215.174503366474
792,-156.96632_21.06943,2269.220208341376
793,-156.96717_21.06980,2361.743851597603
794,-156.96738_21.06987,2384.0437878713647
795,-156.96759_21.06996,2407.2223776373644
796,-156.96784_21.07005,2433.445516782637
797,-156.96974_21.07047,2635.2194407943525
798,-156.96997_21.07051,2659.7679864724014
799,-156.97043_21.07056,2707.5222227514214
800,-156.97063_21.07059,2728.769455508404
801,-156.97106_21.07062,2773.577465621772
802,-156.99962_21.08011,5890.006626717125
803,-156.99918_21.08005,5843.461725587206
804,-156.99904_21.08021,5834.345751788584
805,-156.99843_21.07981,5761.569238529576
806,-156.99795_21.08050,5731.964307421799
807,-156.99626_21.07979,5542.697795665828
808,-156.99587_21.07932,5490.315274850743
809,-156.99552_21.07919,5451.296222672976
810,-156.99528_21.07909,5425.023822146277
811,-156.99522_21.07951,5429.716064081416
812,-156.99500_21.07997,5420.70296909696
813,-156.99579_21.07974,5494.066531182387
814,-156.99846_21.08058,5785.610421133358
815,-156.98174_21.07726,4012.3530852372855
816,-156.95647_21.08495,2306.987391142789
817,-156.99340_21.07803,5207.689151280192
818,-156.99247_21.07777,5106.728411890294
819,-156.99183_21.07759,5038.075930318719
820,-156.99148_21.07758,5002.307175823463
821,-156.99107_21.07754,4959.312828072828
822,-156.99062_21.07743,4911.066692205599
823,-156.99016_21.07729,4861.288316008862
824,-156.98979_21.07717,4821.072715064422
825,-156.98628_21.07653,4449.337181621076
826,-156.98576_21.07630,4391.05143878832
827,-156.98524_21.07607,4332.2080867424565
828,-156.98472_21.07584,4274.164171589525
829,-156.98119_21.07335,3860.3502980960097
830,-156.98059_21.07324,3796.806223900088
831,-156.99920_21.08236,5912.601623989677
832,-156.99926_21.08201,5908.293287617112
833,-156.99949_21.08143,5913.065015117043
834,-157.00035_21.08178,6009.745563997018
835,-156.99976_21.08268,5977.97284322248
836,-156.99958_21.08296,5968.96510638154
837,-156.99900_21.08353,5930.322968631185
838,-156.99930_21.08371,5965.818268290115
839,-156.99956_21.08387,5997.3552004186095
840,-156.99974_21.08414,6024.628661722404
841,-156.99999_21.08350,6027.226415781327
842,-157.00000_21.08321,6018.6879290156785
843,-157.00029_21.08299,6041.523544548992
844,-157.00047_21.08270,6049.834175596714
845,-157.00096_21.08225,6084.686321381063
846,-157.00090_21.08184,6067.142128903392
847,-157.00128_21.08248,6123.604483645538
848,-157.00125_21.08277,6130.041579801179
849,-157.00108_21.08306,6121.719626475768
850,-157.00064_21.08378,6101.595852420976
851,-156.78131_21.08396,5344.171695161254
852,-156.78033_21.08577,5207.991560716226
853,-156.77076_21.08973,4161.204104189141
854,-156.77526_21.08830,4620.939161769044
855,-156.77555_21.08872,4615.151882349622
856,-156.77115_21.08855,4278.355280528832
857,-156.77363_21.08627,4638.725687342828
858,-156.77925_21.08441,5215.065068330162
859,-156.82654_21.06278,402.060302314797
860,-156.82679_21.06266,397.96118811996206
861,-156.82732_21.06204,433.259272928713
862,-156.82823_21.06556,70.58398418915175
863,-156.82436_21.06436,493.2403135618181
864,-156.82459_21.06417,477.6198068919618
865,-156.82483_21.06419,453.21085464828366
866,-156.82497_21.06443,430.65546601235206
867,-156.82506_21.06466,414.5800083864568
868,-156.82476_21.06462,445.4876566155221
869,-156.82484_21.06481,432.6044052404857
870,-156.82466_21.06493,448.2947459075483
871,-156.82449_21.06477,468.3479219054632
872,-156.82442_21.06509,469.53388585919294
873,-156.82431_21.06489,484.23376929843465
874,-156.82423_21.06521,487.48942351383823
875,-156.82407_21.06505,506.3606441302416
876,-156.82399_21.06539,510.54687464377474
877,-156.82392_21.06519,520.0809116034446
878,-156.82378_21.06552,532.1416543843648
879,-156.96624_21.07800,2539.569111677584
880,-156.82364_21.06531,547.8693183133514
881,-157.03540_21.09861,10050.507683967948
882,-157.03562_21.10168,10193.192790695923
883,-156.99877_21.08200,5858.848592798977
884,-156.99864_21.08220,5851.428392943539
885,-156.99839_21.08257,5838.4078439350815
886,-156.98870_21.07881,4755.12669771568
887,-156.93544_21.06899,761.2957253993773
888,-156.94107_21.06730,160.10699282160914
889,-156.94365_21.06874,148.19693772800494
890,-156.95900_21.06897,1507.8788384491008
891,-156.96197_21.07107,1851.4205970871444
892,-156.95973_21.07109,1626.610043299381
893,-156.96866_21.07170,2546.3172860778745
894,-156.95649_21.06670,1237.4541822792712
895,-156.91193_21.05762,488.0766641976722
896,-156.91103_21.05740,395.36809759715976
897,-156.87937_21.04852,288.5256737477308
898,-156.88181_21.05436,732.9524120542688
899,-156.83282_21.05990,757.0675210632864
900,-156.82926_21.06196,411.9583740796364
901,-156.83022_21.06174,455.834637230084
902,-156.82946_21.06325,273.3654035683657
903,-156.82936_21.06316,281.58306109495976
904,-156.83011_21.06311,310.30064363315427
905,-156.83435_21.05995,849.6223551837205
906,-156.83406_21.06138,716.3608955497638
907,-156.83353_21.06139,674.5368868385261
908,-156.83218_21.06284,463.4020394589516
909,-156.83431_21.06270,651.1484454404814
910,-156.77553_21.08477,4896.326577756075
911,-156.77942_21.08554,5149.415079981622
912,-156.77884_21.08481,5153.839337168566
913,-156.77127_21.08811,4320.396938861824
914,-156.79577_21.09391,4650.732575297251
915,-156.78673_21.08673,4963.8818598038615
916,-157.02108_21.15203,12290.546620667876
917,-156.75997_21.09642,2836.298777600847
918,-157.03537_21.10404,10269.74192192938
919,-157.03355_21.10447,10115.197273252707
920,-156.83348_21.05817,957.2557936545555
921,-156.83428_21.05743,1069.4339256305375
922,-156.83478_21.05724,1114.9737433177806
923,-156.79791_21.07324,3327.90553947182
924,-156.83592_21.05691,1213.2941585368487
925,-156.83521_21.05665,1194.7973645821155
926,-156.83572_21.05744,1154.1614872721707
927,-156.83468_21.05801,1038.987460440352
928,-156.83428_21.05772,1042.489605026104
929,-156.83346_21.05925,853.7050936704413
930,-156.83517_21.05610,1242.9816978576223
931,-156.83429_21.05851,970.0880131893581
932,-156.83413_21.05861,952.0742178314492
933,-156.83560_21.05709,1177.10985367717
934,-156.87769_21.05513,469.90775494769355
935,-156.87784_21.05506,471.7884524733345
936,-156.86385_21.05237,1211.15301844667
937,-156.86770_21.05406,856.9943977511158
938,-156.87210_21.05260,372.7567498279256
939,-156.87376_21.05151,176.33023688140665
940,-156.87401_21.05152,150.47885907809936
941,-156.87428_21.05149,122.4018314663026
942,-156.87754_21.04718,237.7594243388856
943,-156.86732_21.05414,897.6745147935969
944,-156.86697_21.05428,936.5804555476496
945,-156.87024_21.05222,549.1686030044369
946,-156.86753_21.05187,825.2687995008349
947,-156.76151_21.09647,2947.885775647888
948,-156.76128_21.09991,2684.921572041704
949,-156.76061_21.09769,2787.723711920353
950,-156.75922_21.09619,2799.4537207452654
951,-156.75816_21.09690,2667.3590274074127
952,-156.75778_21.09714,2620.4821701430287
953,-156.75732_21.09758,2552.228596885109
954,-156.75753_21.09739,2583.1817063512285
955,-156.75631_21.09844,2411.8519856993175
956,-156.75642_21.09834,2427.1058558391
957,-156.75699_21.09861,2445.746883509712
958,-156.83557_21.05680,1201.1600860454444
959,-156.84625_21.06354,1818.2494456988936
960,-156.84255_21.05923,1587.7213835911516
961,-156.84298_21.05842,1668.6651373507448
962,-156.84317_21.05653,1794.8779026923444
963,-156.84209_21.05558,1767.9813805709891
964,-156.84100_21.05574,1669.9315685605568
965,-156.84102_21.05687,1591.6574438799564
966,-156.84090_21.05953,1420.6531382218348
967,-156.83968_21.05599,1549.8302333918116
968,-156.83658_21.05680,1264.8162658552603
969,-156.84142_21.05490,1764.7951526289955
970,-156.84254_21.05839,1630.991628813919
971,-156.84924_21.05773,2289.4345931650105
972,-156.87246_21.05419,436.01543725913547
973,-156.87446_21.05543,454.615837947502
974,-156.87501_21.05579,485.03535655336526
975,-156.87597_21.05560,464.50743835821726
976,-156.87612_21.05554,459.58418990062665
977,-156.87644_21.05548,459.4988352968145
978,-156.87683_21.05543,464.50433830231634
979,-156.80976_21.07162,2095.4665026888
980,-156.79221_21.07581,3974.252076857612
981,-156.75605_21.09864,2377.506592889593
982,-156.76194_21.09547,3055.847329009173
983,-156.76289_21.09567,3112.9885304279296
984,-156.78576_21.08215,4840.1017499751915
985,-156.78391_21.08285,5047.4982434193535
986,-156.78247_21.08440,5251.983260441616
987,-156.78812_21.07860,4472.9960473124565
988,-156.78225_21.08353,5235.86741452683
989,-156.79083_21.07754,4169.049025138416
990,-156.79450_21.07283,3661.5831538245543
991,-156.79519_21.07271,3589.193941444459
992,-156.79556_21.07301,3559.13287018793
993,-156.79582_21.07203,3509.2661305285646
994,-156.79629_21.07283,3480.431293884424
995,-156.80970_21.06999,2051.4576463299745
996,-156.81078_21.06951,1930.1132182847568
997,-156.81143_21.06938,1861.2822884971383
998,-156.80378_21.06925,2640.719394922666
999,-156.80431_21.06894,2580.9542379829472
1000,-156.81286_21.06899,1706.6158548913036
1001,-156.81993_21.06486,936.1109855496077
1002,-156.82321_21.06349,638.3741492334749
1003,-156.82563_21.06120,599.9713170849211
1004,-156.82305_21.06368,645.9928309382451
1005,-156.82474_21.06367,485.1226076615404
1006,-156.82464_21.06374,491.508088921774
1007,-156.84465_21.05541,1992.2377145705475
1008,-156.82774_21.06521,130.6950916634887
1009,-156.82759_21.06180,448.4472901780686
1010,-156.82664_21.06246,425.95526598372976
1011,-156.82349_21.06514,565.2955775395466
1012,-156.82344_21.06493,573.4416651970881
1013,-156.82368_21.06479,551.2757381454433
1014,-156.82389_21.06467,532.5139422553189
1015,-156.75120_21.10822,1298.7618086191535
1016,-156.74635_21.10810,925.2076678322189
1017,-156.74631_21.10668,1048.3822393511618
1018,-156.74298_21.11116,443.889604773318
1019,-156.74345_21.11100,486.2447435464084
1020,-156.74516_21.11107,603.8003180272766
1021,-156.74624_21.11182,652.0697303796248
1022,-156.74505_21.11221,523.0688465843612
1023,-156.74184_21.11192,313.7568093925325
1024,-156.74602_21.11277,589.2635097034249
1025,-157.06475_21.15857,16057.129705223826
1026,-157.05774_21.17020,16366.329757017053
1027,-157.07494_21.17926,18353.943029697257
1028,-157.07508_21.17866,18320.67974892655
1029,-157.09508_21.17833,19884.288263300532
1030,-157.09613_21.17405,19681.80761509949
1031,-157.10656_21.15182,19251.659763502143
1032,-157.11225_21.16589,20552.416642948432
1033,-156.82251_21.06446,676.7671951277146
1034,-157.03969_21.09892,10481.25722527857
1035,-157.04062_21.09970,10601.477218742244
1036,-157.03703_21.10359,10408.978953542708
1037,-156.74036_21.11454,32.43253763593678
1038,-156.74299_21.11151,412.90254706941096
1039,-156.86385_21.07320,2695.4378604185167
1040,-156.74165_21.11497,112.53433289916642
1041,-156.73776_21.14266,3128.8301825853177
1042,-156.74678_21.15476,4498.480020718968
1043,-157.11558_21.16664,20890.150463678077
1044,-157.08272_21.15407,17266.180293262707
1045,-157.08008_21.15401,17034.725300673235
1046,-157.08029_21.15301,16990.94518683489
1047,-157.04975_21.16044,15019.701109357648
1048,-157.09653_21.16566,19173.87565955001
1049,-157.08320_21.17928,18997.87070382013
1050,-157.09952_21.18213,20507.3939248823
1051,-156.78201_21.08369,5265.632492368332
1052,-156.79166_21.07992,4179.566493535943
1053,-156.80936_21.06865,2057.2024976249004
1054,-157.03914_21.10090,10503.50150538787
1055,-157.03828_21.10091,10419.492379959183
1056,-157.03710_21.09969,10257.754980419268
1057,-157.03746_21.10065,10330.484429572263
1058,-157.03774_21.10006,10333.660503848469
1059,-157.03316_21.10436,10073.509241678896
1060,-157.03231_21.10347,9953.455592676357
1061,-157.03193_21.10285,9889.701902154948
1062,-157.03188_21.10249,9869.412251670563
1063,-157.03230_21.10121,9854.085900509008
1064,-157.03345_21.10023,9924.490888813149
1065,-157.03310_21.10184,9957.570002181346
1066,-157.03300_21.10251,9976.660259469523
1067,-157.03783_21.10322,10470.678529396244
1068,-157.03918_21.10312,10596.493757286375
1069,-157.25215_21.17288,34020.021826676995
1070,-157.27062_21.15325,35181.884585581865
1071,-157.26650_21.15993,34978.383102274085
1072,-156.98632_21.07789,4490.008614595676
1073,-157.10448_21.16571,19862.073372888528
1074,-157.07154_21.14981,16041.294594028348
1075,-157.07433_21.15027,16308.593300796843
1076,-157.06363_21.16454,16393.42772065203
1077,-157.07470_21.17363,17920.74626726926
1078,-157.07627_21.17397,18068.609873571007
1079,-157.07793_21.17374,18183.212381865065
1080,-157.08089_21.17490,18501.424228011285
1081,-157.08236_21.17534,18649.72809981055
1082,-157.07583_21.16877,17662.848568498423
1083,-157.08308_21.16622,18078.504075069624
1084,-157.09546_21.14667,17967.18303724858
1085,-157.09565_21.15778,18615.180922006864
1086,-157.06316_21.18022,17546.81057500134
1087,-156.98878_21.07686,4710.4425225235245
1088,-157.06646_21.16647,16754.993898265366
1089,-157.06111_21.17479,16971.58819227026
1090,-157.04318_21.16448,14850.976994938052
1091,-157.06270_21.16713,16510.12786991538
1092,-157.06998_21.17262,17479.728374902654
1093,-157.08596_21.16793,18431.11246739957
1094,-157.07508_21.16508,17345.157656353706
1095,-157.03377_21.09658,9815.34547204549
1096,-157.04287_21.10333,10960.95385329846
1097,-156.99729_21.08409,5780.532975490766
1098,-156.99703_21.08446,5768.888341786606
1099,-157.07088_21.18190,18247.836877603208
1100,-156.87745_21.04803,149.64684156782295
1101,-156.79574_21.07375,3560.464880648408
1102,-157.09722_21.16916,19454.562030200508
1103,-157.08716_21.17619,19093.712663124927
1104,-156.77020_21.09000,4097.784671389219
1105,-157.11081_21.18127,21383.396696592732
1106,-156.97145_21.07065,2814.4398302858535
1107,-156.75328_21.10124,1970.2092703173769
1108,-156.98851_21.07676,4680.427401830116
1109,-157.00986_21.08225,6979.191303882734
1110,-157.05404_21.16241,15494.362316296516
1111,-157.06041_21.16435,16128.060402559284
1112,-157.05322_21.17131,16119.429241632082
1113,-156.97007_21.07985,2987.4148519795294
1114,-156.99976_21.08156,5943.960762080067
1115,-157.05281_21.11069,12225.491280937607
1116,-157.03007_21.17766,15100.779126852296
1117,-157.01308_21.14995,11587.17324953334
1118,-157.08369_21.10696,15103.579078091774
1119,-156.94397_21.06611,151.8493633527905
1120,-156.95028_21.06695,592.4477434331485
1121,-157.01322_21.15578,12111.703126649756
1122,-157.02085_21.16035,12991.997246860476
1123,-156.96358_21.06961,1988.0388022555608
1124,-157.05473_21.17087,16195.433840070737
1125,-157.05387_21.16705,15835.102397419205
1126,-157.05855_21.16660,16153.04699488243
1127,-157.05932_21.16846,16351.28055815788
1128,-157.00456_21.16135,12130.136524328454
1129,-157.00662_21.16086,12194.885011872975
1130,-156.99843_21.08458,5911.059070996253
1131,-156.99941_21.08459,6007.40556562919
1132,-156.99993_21.08480,6066.299840602106
1133,-156.99941_21.08567,6046.8275931000235
1134,-157.00073_21.08148,6039.314078840158
1135,-156.96622_21.06943,2258.882363356918
1136,-156.99237_21.07777,5096.605893364105
1137,-156.99173_21.07759,5027.951620881582
1138,-156.99138_21.07758,4992.185709295585
1139,-156.98109_21.07335,3850.1138757969975
1140,-157.00019_21.08299,6031.568931484551
1141,-156.83272_21.05990,751.5250948632832
1142,-156.83001_21.06311,306.2175056393835
1143,-156.77932_21.08554,5141.295245323652
1144,-156.87774_21.05506,466.4152095739648
1145,-156.86760_21.05406,866.7806989199829
1146,-156.87200_21.05260,382.51994079568055
1147,-156.84307_21.05653,1786.3019088398485
1148,-156.87587_21.05560,463.431532135888
1149,-156.79440_21.07283,3671.729225104868
1150,-156.79619_21.07283,3490.550659511315
1151,-156.81983_21.06486,946.4569909169688
1152,-156.82295_21.06368,655.7745836234557
1153,-156.82654_21.06246,431.77667987456493
1154,-156.75110_21.10822,1290.0186994752887
1155,-157.05764_21.17020,16358.870088179672
1156,-157.11215_21.16589,20543.613266564964
1157,-156.74155_21.11497,103.25627264730046
1158,-156.78191_21.08369,5275.250544551307
1159,-157.00425_21.16454,12417.682973443932
1160,-157.00445_21.16454,12428.065039178991
1161,-157.04692_21.10328,11352.056666087467
1162,-157.04712_21.10328,11371.523264992882
1163,-157.10515_21.17087,20237.90415045374
1164,-157.10535_21.17087,20255.03165591472
1165,-157.11129_21.17218,20846.96644835344
1166,-157.11149_21.17218,20864.228429601342
1167,-156.98164_21.07726,4002.358550893568
1168,-156.98184_21.07726,4022.349634186732
1169,-156.82749_21.06180,451.69624142465057
1170,-156.82769_21.06180,445.4171782814497
1171,-156.73766_21.14266,3129.851162536093
1172,-156.73786_21.14266,3127.8433702592883
1173,-156.73776_21.14276,3139.850421310768
1174,-157.01793_21.16028,12803.170209649936
1175,-157.01813_21.16028,12815.54495644162
1176,-157.01803_21.16038,12818.24920784481
1177,-157.01803_21.16018,12800.463917459607
1178,-157.01793_21.16038,12812.068850819458
1179,-157.01793_21.16018,12794.274960834238
1180,-157.01813_21.16038,12824.435002713204
1181,-157.01813_21.16018,12806.658311182087
1182,-156.99964_21.07987,5885.674783091897
1183,-156.99957_21.07999,5881.585095765479
1184,-156.99953_21.08009,5880.145970634511
1185,-156.99946_21.08021,5876.4252248202365
1186,-156.99943_21.08034,5877.185959785896
1187,-156.99954_21.08044,5890.816041486215
1188,-156.99969_21.08039,5903.952716773846
1189,-156.99976_21.08027,5908.615177799857
1190,-156.99982_21.08015,5911.680654828626
1191,-156.99991_21.08003,5916.7550853601115
1192,-157.00953_21.15913,12197.847455097575
1193,-157.00970_21.15900,12195.120852498216
1194,-157.00983_21.15883,12187.295266222134
1195,-157.00994_21.15866,12177.612084183787
1196,-157.01014_21.15851,12176.301025950423
1197,-157.01039_21.15823,12164.674978307556
1198,-157.01023_21.15818,12150.608809119496
1199,-157.01002_21.15810,12131.143273342808
1200,-157.00982_21.15803,12112.96962887824
1201,-157.00961_21.15795,12093.446163085404
1202,-157.00961_21.15847,12141.220789337627
1203,-157.00950_21.15865,12151.918021429392
1204,-157.24228_21.18518,33563.59007394169
1205,-157.24245_21.18519,33580.60129284292
1206,-157.24257_21.18534,33597.663777865164
1207,-157.24270_21.18541,33613.687598214216
1208,-157.24288_21.18546,33633.243874820975
1209,-157.24307_21.18549,33652.68933989032
1210,-157.24339_21.18526,33673.41748476858
1211,-157.24357_21.18539,33696.03415639886
1212,-157.24373_21.18540,33711.47947364669
1213,-157.24402_21.18545,33741.72352187989
1214,-157.24401_21.18582,33756.317754412645
1215,-157.24415_21.18595,33775.45322048444
1216,-157.24428_21.18603,33791.476931050456
1217,-157.24314_21.18592,33677.938774159826
1218,-157.24331_21.18597,33695.46699353074
1219,-157.24354_21.18602,33720.279973852375
1220,-157.24360_21.18615,33731.23106956914
1221,-157.24353_21.18636,33733.68224782711
1222,-157.24345_21.18658,33735.402189502674
1223,-157.24331_21.18661,33723.44429255494
1224,-157.24323_21.18671,33719.78805551989
1225,-157.24376_21.18721,33792.169403049425
1226,-157.24390_21.18736,33812.62392349559
1227,-157.24406_21.18732,33825.76746777216
1228,-157.24419_21.18728,33836.84728055398
1229,-157.24411_21.18683,33809.08814837868
1230,-157.24402_21.18668,33794.06882289949
1231,-157.24393_21.18657,33781.4012693187
1232,-157.24441_21.18725,33856.527713742486
1233,-157.24457_21.18727,33872.60887890417
1234,-157.24488_21.18542,33822.602757875924
1235,-157.24528_21.18555,33866.591960106445
1236,-157.24556_21.18543,33888.422902600236
1237,-157.24583_21.18529,33908.34510656398
1238,-157.24604_21.18507,33919.120505603845
1239,-157.24606_21.18551,33939.56011969377
1240,-157.24618_21.18589,33966.94028144561
1241,-157.24620_21.18605,33976.130668147365
1242,-157.24640_21.18651,34015.07464020184
1243,-157.24568_21.18646,33943.327657094334
1244,-157.24540_21.18644,33915.63579286685
1245,-157.24518_21.18612,33881.24932077685
1246,-157.24513_21.18581,33863.44311959091
1247,-157.24551_21.18667,33936.383315413026
1248,-157.24543_21.18694,33940.52721647001
1249,-157.24563_21.18727,33974.26240443408
1250,-157.24588_21.18741,34003.883671717194
1251,-157.24618_21.18743,34032.918579037425
1252,-157.24656_21.18743,34069.78354306452
1253,-157.24670_21.18678,34055.61208482684
1254,-157.24720_21.18703,34113.48165953176
1255,-157.24745_21.18729,34148.429265366154
1256,-157.24761_21.18750,34173.34576927224
1257,-157.24700_21.18833,34151.072626387824
1258,-157.24668_21.18827,34116.91188102466
1259,-157.24640_21.18819,34086.907499004265
1260,-157.24608_21.18819,34056.21856006904
1261,-157.24574_21.18831,34029.44520485132
1262,-157.24573_21.18863,34042.06505522785
1263,-157.24586_21.18897,34069.6450559721
1264,-157.24624_21.18894,34104.81624804454
1265,-157.24647_21.18889,34124.13118234405
1266,-157.24497_21.19040,34047.384587850625
1267,-157.24511_21.19016,34050.574959563884
1268,-157.24527_21.18996,34057.246296934485
1269,-157.24557_21.19001,34087.48801390683
1270,-157.24604_21.18990,34127.2069398382
1271,-157.24574_21.19052,34125.967753881065
1272,-157.24564_21.19118,34146.04185941868
1273,-157.24606_21.19119,34186.40831299363
1274,-157.24666_21.19105,34236.82381232916
1275,-157.24700_21.19098,34266.79464969302
1276,-157.24714_21.19077,34270.427720805485
1277,-157.24704_21.19050,34248.96528391579
1278,-157.24672_21.19041,34214.770300326396
1279,-157.24683_21.19016,34214.33437385881
