,Uid,WT_elev_m,Elevation_m,Dep_to_Water_m
0,-156.73766_21.14266,8.3617201,227.6040039,219.2422838
1,-156.73776_21.14266,8.3617201,229.227005,220.8652849
2,-156.73776_21.14276,8.3617201,230.3419952,221.98027510000003
3,-156.73786_21.14266,8.8529396,230.5200043,221.66706470000003
4,-156.74036_21.11454,,10.0,
5,-156.74155_21.11497,0.011818,21.9230003,21.9111823
6,-156.74165_21.11497,0.011818,21.9803009,21.968482899999998
7,-156.74184_21.11192,0.0,32.9550018,32.9550018
8,-156.74298_21.11116,,10.1712999,
9,-156.74299_21.11151,0.0,17.0312004,17.0312004
10,-156.74345_21.11100,,,
11,-156.74406_21.14693,61.9235001,282.769989,220.8464889
12,-156.74505_21.11221,0.0053587,35.6563988,35.651040099999996
13,-156.74516_21.11107,-0.0115104,9.0019503,9.013460700000001
14,-156.74602_21.11277,0.106104,31.0294991,30.9233951
15,-156.74624_21.11182,0.0075146,10.2234001,10.215885499999999
16,-156.74631_21.10668,0.0,11.9889002,11.9889002
17,-156.74635_21.10810,0.0,38.5881004,38.5881004
18,-156.74678_21.15476,85.998703,11.6733999,0.999
19,-156.75043_21.13161,1.33207,283.4859924,282.1539224
20,-156.75110_21.10822,0.173511,99.8395004,99.6659894
21,-156.75120_21.10822,0.173511,101.1350021,100.96149109999999
22,-156.75281_21.10168,0.0,9.4090405,9.4090405
23,-156.75328_21.10124,0.0,6.9786501,6.9786501
24,-156.75338_21.10124,0.0,6.9917102,6.9917102
25,-156.75605_21.09864,0.0,11.7519999,11.7519999
26,-156.75631_21.09844,0.0,12.9202003,12.9202003
27,-156.75642_21.09834,0.0,12.8485003,12.8485003
28,-156.75699_21.09861,0.0,8.9878397,8.9878397
29,-156.75732_21.09758,0.0,13.0183001,13.0183001
30,-156.75753_21.09739,0.0,13.0508003,13.0508003
31,-156.75778_21.09714,0.0,12.4155998,12.4155998
32,-156.75801_21.10079,0.0345347,62.9152985,62.8807638
33,-156.75816_21.09690,,11.9581003,
34,-156.75922_21.09619,,13.967,
35,-156.75997_21.09642,0.0,15.4568996,15.4568996
36,-156.76061_21.09769,0.0,11.5458002,11.5458002
37,-156.76117_21.09520,,13.3158998,
38,-156.76128_21.09991,0.098605,25.0482006,24.949595600000002
39,-156.76151_21.09647,0.0,15.0324001,15.0324001
40,-156.76187_21.09609,0.0,9.8688297,9.8688297
41,-156.76194_21.09547,,8.9899502,
42,-156.76197_21.09679,0.0,13.4727001,13.4727001
43,-156.76199_21.09639,0.0,12.4881001,12.4881001
44,-156.76241_21.09543,0.0,14.4202003,14.4202003
45,-156.76287_21.09747,0.0100746,14.4580002,14.447925600000001
46,-156.76289_21.09567,0.0,25.5217991,25.5217991
47,-156.76363_21.09848,0.180313,17.2080994,17.027786399999997
48,-156.77020_21.09000,0.0,9.0,9.0
49,-156.77030_21.09000,0.0,9.0,9.0
50,-156.77076_21.08973,0.0,9.0,9.0
51,-156.77115_21.08855,0.0,13.9667997,13.9667997
52,-156.77127_21.08811,0.0,14.9927998,14.9927998
53,-156.77278_21.08783,0.0,15.0002003,15.0002003
54,-156.77363_21.08627,0.0,17.0149002,17.0149002
55,-156.77363_21.08723,0.0,14.1830997,14.1830997
56,-156.77466_21.08658,0.0,12.0057001,12.0057001
57,-156.77526_21.08830,0.0004115,12.7180996,12.7176881
58,-156.77535_21.08943,0.0548797,10.0,9.9451203
59,-156.77553_21.08477,0.0,15.2923002,15.2923002
60,-156.77555_21.08872,0.0107878,14.0014,13.990612200000001
61,-156.77884_21.08481,-7.91e-05,11.7578001,11.757879200000001
62,-156.77925_21.08441,0.0,13.0398998,13.0398998
63,-156.77932_21.08554,0.0259321,11.8606005,11.8346684
64,-156.77942_21.08554,0.0259321,11.1141005,11.088168399999999
65,-156.78033_21.08577,0.0684088,13.0170002,12.9485914
66,-156.78131_21.08396,-0.0008225,11.5404997,11.5413222
67,-156.78191_21.08369,-0.0179946,11.0,11.0179946
68,-156.78201_21.08369,-0.0179946,11.0,11.0179946
69,-156.78225_21.08353,-0.0244617,11.0,11.0244617
70,-156.78247_21.08440,0.0656633,14.9180002,14.8523369
71,-156.78391_21.08285,-0.006484,13.1267004,13.133184400000001
72,-156.78576_21.08215,-0.0021598,11.0559998,11.0581596
73,-156.78581_21.08057,0.0,10.6610003,10.6610003
74,-156.78673_21.08673,0.750095,135.2810059,134.5309109
75,-156.78812_21.07860,0.0,9.3641701,9.3641701
76,-156.78955_21.07762,-0.0029206,9.1970901,9.2000107
77,-156.79083_21.07754,-0.0082406,8.9869404,8.995181
78,-156.79130_21.07665,-0.005097,9.5742598,9.5793568
79,-156.79158_21.07644,-0.0076811,8.9978905,9.0055716
80,-156.79166_21.07992,0.343752,43.1747017,42.8309497
81,-156.79221_21.07581,-0.0197144,9.6767702,9.6964846
82,-156.79344_21.07649,0.0759026,32.4002991,32.3243965
83,-156.79419_21.07601,0.0512284,42.6856003,42.6343719
84,-156.79440_21.07283,0.0,18.0,18.0
85,-156.79450_21.07283,0.0,18.0,18.0
86,-156.79519_21.07271,-0.0144245,18.0056992,18.0201237
87,-156.79552_21.07381,-0.0415486,13.0,13.0415486
88,-156.79556_21.07301,-0.0144245,15.5787001,15.593124600000001
89,-156.79574_21.07375,-0.040807,13.0,13.040807
90,-156.79577_21.09391,1.97691,369.7709961,367.7940861
91,-156.79582_21.07203,-2.03e-05,18.8458004,18.8458207
92,-156.79584_21.07375,-0.040807,13.0,13.040807
93,-156.79589_21.07464,0.0087765,21.5268993,21.5181228
94,-156.79606_21.07158,0.0,20.0088997,20.0088997
95,-156.79619_21.07283,-0.0298195,16.0,16.0298195
96,-156.79629_21.07283,-0.0298195,16.0011005,16.03092
97,-156.79631_21.07147,0.0,19.0,19.0
98,-156.79687_21.07364,-0.0157104,13.0,13.0157104
99,-156.79790_21.07365,0.0711414,13.0,12.9288586
100,-156.79791_21.07324,-0.0168188,13.0,13.0168188
101,-156.79894_21.07317,0.0290578,13.0,12.9709422
102,-156.80129_21.07051,-0.0679104,16.0013008,16.069211199999998
103,-156.80188_21.07240,0.146617,13.0,12.853383000000001
104,-156.80277_21.07127,0.0944074,12.8413,12.7468926
105,-156.80378_21.06925,-0.063305,16.0,16.063305
106,-156.80416_21.06856,-0.0755741,16.0,16.0755741
107,-156.80431_21.06894,-0.0817474,16.9988003,17.0805477
108,-156.80615_21.07114,0.323627,12.0,11.676373
109,-156.80936_21.06865,0.0461349,12.0,11.9538651
110,-156.80970_21.06999,0.518274,12.0,11.481726
111,-156.80976_21.07162,0.705385,33.2340012,32.5286162
112,-156.81078_21.06951,0.478057,12.0,11.521943
113,-156.81143_21.06938,0.370167,12.2365999,11.8664329
114,-156.81191_21.06909,0.370167,13.8427,13.472533
115,-156.81286_21.06899,0.258958,12.0,11.741042
116,-156.81570_21.06772,0.169399,15.2025003,15.0331013
117,-156.81677_21.06774,0.211584,14.0832005,13.8716165
118,-156.81913_21.06789,0.32161,12.0,11.67839
119,-156.81983_21.06486,-0.502901,,
120,-156.81993_21.06486,-0.502901,,
121,-156.82251_21.06446,-0.539621,8.8572798,9.396900800000001
122,-156.82295_21.06368,-0.340694,5.0349498,5.3756438
123,-156.82305_21.06368,-0.340694,6.29667,6.637364
124,-156.82321_21.06349,-0.340694,6.0254598,6.3661538
125,-156.82344_21.06493,-0.404712,7.9679999,8.3727119
126,-156.82349_21.06514,-0.404712,7.8647399,8.2694519
127,-156.82364_21.06531,-0.258184,7.7480998,8.0062838
128,-156.82368_21.06479,-0.258184,8.6500301,8.9082141
129,-156.82378_21.06552,0.0109046,7.8903699,7.8794653
130,-156.82389_21.06467,-0.484406,7.5653501,8.0497561
131,-156.82392_21.06519,-0.258184,8.0309601,8.2891441
132,-156.82399_21.06539,-0.258184,8.5302496,8.7884336
133,-156.82407_21.06505,-0.258184,8.0344,8.292584
134,-156.82418_21.06447,-0.484406,8.41646,8.900866
135,-156.82423_21.06521,-0.258184,8.0814695,8.3396535
136,-156.82431_21.06489,-0.100776,8.4266701,8.5274461
137,-156.82436_21.06436,-0.346656,7.0293598,7.3760158
138,-156.82442_21.06509,-0.100776,8.7695904,8.8703664
139,-156.82449_21.06477,-0.100776,8.0219698,8.1227458
140,-156.82459_21.06417,-0.346656,7.1145701,7.4612261
141,-156.82464_21.06374,-0.508516,5.9904199,6.4989359
142,-156.82466_21.06493,-0.100776,10.2004004,10.3011764
143,-156.82474_21.06367,-0.508516,6.8859301,7.394446100000001
144,-156.82476_21.06462,-0.346656,9.8997602,10.246416199999999
145,-156.82483_21.06419,-0.346656,8.0641403,8.4107963
146,-156.82484_21.06481,-0.100776,10.0980997,10.1988757
147,-156.82497_21.06443,-0.346656,9.9311895,10.2778455
148,-156.82506_21.06466,-0.186507,11.9183998,12.1049068
149,-156.82563_21.06120,-1.29e-05,,
150,-156.82654_21.06246,-0.372729,10.1248999,10.4976289
151,-156.82654_21.06278,-0.254373,13.0094004,13.2637734
152,-156.82664_21.06246,-0.372729,10.8332996,11.2060286
153,-156.82679_21.06266,-0.254373,12.9303999,13.184772899999999
154,-156.82732_21.06204,-0.279416,9.9686899,10.248105899999999
155,-156.82749_21.06180,-0.365653,7.3048,7.670453
156,-156.82759_21.06180,-0.365653,7.80546,8.171113
157,-156.82769_21.06180,-0.365653,7.75916,8.124813
158,-156.82774_21.06521,0.45111,30.5382996,30.0871896
159,-156.82823_21.06556,0.699407,34.6811981,33.9817911
160,-156.82926_21.06196,-0.0701863,8.8422499,8.9124362
161,-156.82936_21.06316,0.229845,12.8618002,12.6319552
162,-156.82946_21.06325,0.229845,11.1292,10.899355000000002
163,-156.83001_21.06311,0.313692,8.0626602,7.7489682
164,-156.83011_21.06311,0.313692,7.9946799,7.680987900000001
165,-156.83022_21.06174,-0.113632,7.6034398,7.7170718
166,-156.83218_21.06284,0.524952,8.0,7.475048
167,-156.83272_21.05990,-0.285498,2.2841599,2.5696579
168,-156.83282_21.05990,-0.285498,4.5375099,4.8230078999999995
169,-156.83346_21.05925,-0.185488,7.0,7.185488
170,-156.83348_21.05817,,6.41291,
171,-156.83353_21.06139,0.0356179,15.9903002,15.9546823
172,-156.83406_21.06138,0.133208,19.7427006,19.6094926
173,-156.83413_21.05861,-0.0399392,7.1217599,7.1616991
174,-156.83428_21.05743,0.0,11.9043999,11.9043999
175,-156.83428_21.05772,-0.0068458,11.0094004,11.016246200000001
176,-156.83429_21.05851,-0.119016,7.0369902,7.1560062
177,-156.83431_21.06270,0.709911,26.8939991,26.184088099999997
178,-156.83435_21.05995,-0.103397,12.6610003,12.764397299999999
179,-156.83468_21.05801,-0.0068458,8.2415895,8.2484353
180,-156.83478_21.05724,0.0,13.0108995,13.0108995
181,-156.83517_21.05610,0.0,10.9357996,10.9357996
182,-156.83521_21.05665,0.0,13.9821997,13.9821997
183,-156.83557_21.05680,0.0,13.2093,13.2093
184,-156.83560_21.05709,-0.0009597,12.0184002,12.0193599
185,-156.83572_21.05744,-0.06253,9.8532801,9.9158101
186,-156.83592_21.05691,-0.06253,12.3718996,12.434429600000001
187,-156.83658_21.05680,-0.0360347,11.7845001,11.8205348
188,-156.83968_21.05599,-0.0617598,14.0206003,14.0823601
189,-156.84090_21.05953,0.535563,20.2346992,19.6991362
190,-156.84100_21.05574,-0.0487952,15.0002003,15.0489955
191,-156.84102_21.05687,0.0424677,8.5524998,8.5100321
192,-156.84142_21.05490,-0.132162,15.7181997,15.850361699999999
193,-156.84209_21.05558,-0.0498696,13.0134001,13.0632697
194,-156.84254_21.05839,0.493736,7.0,6.506264
195,-156.84255_21.05923,0.594205,17.8733997,17.2791947
196,-156.84298_21.05842,0.493736,7.5749998,7.081263799999999
197,-156.84307_21.05653,0.101612,11.9637003,11.8620883
198,-156.84317_21.05653,0.101612,12.0010996,11.8994876
199,-156.84465_21.05541,-0.126113,14.2967997,14.4229127
200,-156.84625_21.06354,1.19872,87.8039017,86.6051817
201,-156.84924_21.05773,0.43188,6.3141098,5.8822298
202,-156.85161_21.05797,0.143746,5.0,4.856254
203,-156.86385_21.05237,,0.949632,
204,-156.86385_21.07320,2.6911399,436.0809937,433.3898538
205,-156.86697_21.05428,0.24955,8.0277901,7.7782401000000005
206,-156.86732_21.05414,0.270954,7.9941902,7.7232362000000006
207,-156.86753_21.05187,0.0,3.0,3.0
208,-156.86760_21.05406,0.270954,8.1740398,7.9030857999999995
209,-156.86770_21.05406,0.270954,8.7804499,8.509495900000001
210,-156.86999_21.05081,0.0,11.9938002,11.9938002
211,-156.87024_21.05222,0.0406586,5.6848602,5.6442016
212,-156.87096_21.05074,-0.0242923,13.0240002,13.0482925
213,-156.87200_21.05260,0.120377,7.1536398,7.033262799999999
214,-156.87210_21.05260,0.120377,7.9909902,7.870613199999999
215,-156.87246_21.05419,0.564787,10.3807001,9.8159131
216,-156.87376_21.05151,0.0642357,11.3142004,11.249964700000001
217,-156.87401_21.05152,0.0642357,9.8828201,9.8185844
218,-156.87428_21.05149,0.0642357,8.3433504,8.279114700000001
219,-156.87446_21.05543,0.74689,11.3795996,10.6327096
220,-156.87501_21.05579,0.871463,15.8387003,14.967237299999999
221,-156.87587_21.05560,0.891317,18.2968006,17.4054836
222,-156.87597_21.05560,0.891317,18.3197994,17.4284824
223,-156.87612_21.05554,0.891317,18.2689991,17.377682099999998
224,-156.87644_21.05548,0.91074,18.1853008,17.2745608
225,-156.87683_21.05543,0.812908,18.1037998,17.2908918
226,-156.87697_21.04899,0.00168,12.8157997,12.8141197
227,-156.87726_21.04898,0.0068911,10.6302996,10.6234085
228,-156.87745_21.04803,0.0,8.0,8.0
229,-156.87754_21.04718,0.0,7.7410202,7.7410202
230,-156.87755_21.04803,0.0,8.0,8.0
231,-156.87769_21.05513,0.833029,17.8453999,17.0123709
232,-156.87774_21.05506,0.833029,17.8386002,17.0055712
233,-156.87784_21.05506,0.833029,17.9811001,17.1480711
234,-156.87937_21.04852,0.0061967,8.0,7.9938033
235,-156.88181_21.05436,0.798196,14.0257998,13.227603799999999
236,-156.91103_21.05740,-0.0761205,14.8170004,14.8931209
237,-156.91193_21.05762,0.0193926,13.0234003,13.0040077
238,-156.93544_21.06899,1.76934,86.2129974,84.4436574
239,-156.93975_21.07173,2.05072,93.8488998,91.7981798
240,-156.94107_21.06730,1.25425,17.2805996,16.0263496
241,-156.94365_21.06874,1.40011,31.4724007,30.0722907
242,-156.94397_21.06611,0.707805,12.9921999,12.284394899999999
243,-156.94407_21.06611,0.707805,13.0649996,12.3571946
244,-156.94530_21.06399,-0.326235,13.1267996,13.4530346
245,-156.94586_21.07134,1.77068,65.8893967,64.11871670000001
246,-156.95028_21.06695,0.764558,20.0,19.235442
247,-156.95038_21.06695,0.764558,20.0,19.235442
248,-156.95134_21.06563,0.229937,20.0,19.770063
249,-156.95155_21.06727,0.643491,20.0,19.356509
250,-156.95156_21.06707,0.643491,20.0,19.356509
251,-156.95161_21.06765,0.841633,20.0,19.158367
252,-156.95165_21.06681,0.415121,20.0,19.584879
253,-156.95166_21.06782,0.841633,20.0,19.158367
254,-156.95180_21.06721,0.643491,20.0,19.356509
255,-156.95186_21.06677,0.415121,20.0,19.584879
256,-156.95186_21.06738,0.643491,20.0,19.356509
257,-156.95193_21.06780,0.841633,20.0,19.158367
258,-156.95204_21.06722,0.643491,20.0,19.356509
259,-156.95207_21.06601,0.153656,20.0,19.846344
260,-156.95207_21.06684,0.415121,20.0,19.584879
261,-156.95216_21.07581,2.0959699,128.2510071,126.15503720000001
262,-156.95223_21.06776,0.773948,20.0,19.226052
263,-156.95225_21.06609,0.0572718,20.0,19.9427282
264,-156.95232_21.06753,0.564559,20.0,19.435441
265,-156.95242_21.06738,0.564559,20.0,19.435441
266,-156.95249_21.06722,0.564559,20.0,19.435441
267,-156.95257_21.06707,0.564559,20.0,19.435441
268,-156.95265_21.06691,0.564559,20.0,19.435441
269,-156.95339_21.06640,0.222198,20.0,19.777802
270,-156.95362_21.06737,0.371479,20.0,19.628521
271,-156.95364_21.06646,0.105701,20.0,19.894299
272,-156.95436_21.06659,-0.0217236,20.0,20.0217236
273,-156.95454_21.06661,-0.0217236,20.0,20.0217236
274,-156.95460_21.07414,1.77552,105.7710037,103.9954837
275,-156.95462_21.06733,0.258675,20.0,19.741325
276,-156.95471_21.06662,-0.0217236,20.0,20.0217236
277,-156.95489_21.06662,-0.0217236,20.0,20.0217236
278,-156.95508_21.06664,-0.155349,20.0,20.155349
279,-156.95531_21.06666,-0.155349,20.0,20.155349
280,-156.95592_21.06668,-0.285132,20.0,20.285132
281,-156.95629_21.06669,-0.285132,20.0,20.285132
282,-156.95647_21.08495,3.0165801,254.9170074,251.9004273
283,-156.95649_21.06670,-0.400179,20.0,20.400179
284,-156.95702_21.06678,-0.400179,20.0,20.400179
285,-156.95723_21.06685,-0.497778,20.0,20.497778
286,-156.95895_21.06726,-0.338438,20.0,20.338438
287,-156.95900_21.06897,0.341412,20.0,19.658588
288,-156.95973_21.07109,0.947177,36.2150002,35.267823199999995
289,-156.96024_21.06768,-0.0849328,20.0,20.0849328
290,-156.96197_21.07107,0.821129,20.4106998,19.5895708
291,-156.96307_21.06845,-0.0337089,20.0,20.0337089
292,-156.96346_21.06887,-0.0337089,20.0,20.0337089
293,-156.96358_21.06961,0.267763,20.0,19.732237
294,-156.96368_21.06961,0.207698,20.0,19.792302
295,-156.96425_21.06893,-0.106954,20.0,20.106954
296,-156.96478_21.06915,0.155672,20.0,19.844328
297,-156.96581_21.06936,0.0718919,20.0,19.9281081
298,-156.96622_21.06943,0.0718919,20.0,19.9281081
299,-156.96624_21.07800,1.72155,127.7080002,125.98645020000001
300,-156.96632_21.06943,0.0718919,20.0,19.9281081
301,-156.96717_21.06980,0.313156,20.0,19.686844
302,-156.96738_21.06987,0.261511,20.0,19.738489
303,-156.96759_21.06996,0.261511,20.0,19.738489
304,-156.96784_21.07005,0.261511,20.0,19.738489
305,-156.96866_21.07170,0.556698,23.0238991,22.4672011
306,-156.96974_21.07047,0.232229,20.0,19.767771
307,-156.96997_21.07051,0.232229,20.0,19.767771
308,-156.97007_21.07985,1.7732199,121.9089966,120.1357767
309,-156.97017_21.07985,1.7732199,120.651001,118.87778109999999
310,-156.97043_21.07056,0.106011,20.0,19.893989
311,-156.97063_21.07059,0.106011,20.0,19.893989
312,-156.97106_21.07062,-0.0251362,20.0,20.0251362
313,-156.97114_21.07420,1.01421,39.4963989,38.482188900000004
314,-156.97145_21.07065,-0.0251362,20.0,20.0251362
315,-156.97155_21.07065,-0.148084,20.0,20.148084
316,-156.97743_21.07189,-0.124731,20.0,20.124731
317,-156.97779_21.07208,0.175332,20.0,19.824668
318,-156.97811_21.07225,0.13764,20.0,19.86236
319,-156.97832_21.07236,0.13764,20.0,19.86236
320,-156.97856_21.07244,0.13764,20.0,19.86236
321,-156.97902_21.07264,0.301202,20.0,19.698798
322,-156.97987_21.07299,0.223867,20.0,19.776133
323,-156.98025_21.07313,0.128681,20.0,19.871319
324,-156.98059_21.07324,0.128681,20.0,19.871319
325,-156.98109_21.07335,0.228261,20.0,19.771739
326,-156.98119_21.07335,0.228261,20.0,19.771739
327,-156.98164_21.07726,0.851232,34.8739014,34.0226694
328,-156.98174_21.07726,0.851232,34.7164001,33.8651681
329,-156.98184_21.07726,0.851232,33.8501015,32.9988695
330,-156.98197_21.07368,0.104741,20.0,19.895259
331,-156.98223_21.07383,-0.0486841,20.0,20.0486841
332,-156.98250_21.07395,-0.0486841,20.0,20.0486841
333,-156.98472_21.07584,0.207152,20.0,19.792848
334,-156.98524_21.07607,0.0972004,20.0,19.9027996
335,-156.98576_21.07630,0.307993,20.0,19.692007
336,-156.98628_21.07653,0.204348,20.0,19.795652
337,-156.98632_21.07789,0.564382,19.9981003,19.433718300000002
338,-156.98642_21.07789,0.564382,19.9981995,19.4338175
339,-156.98645_21.07850,0.714873,20.1191998,19.4043268
340,-156.98655_21.07763,0.47454,20.0,19.52546
341,-156.98667_21.07856,0.639171,20.1706009,19.5314299
342,-156.98685_21.07802,0.47454,19.9999008,19.525360799999998
343,-156.98688_21.07864,0.639171,20.2716007,19.6324297
344,-156.98697_21.07781,0.47454,20.0,19.52546
345,-156.98706_21.07882,0.639171,20.9930992,20.3539282
346,-156.98719_21.07612,-0.0974581,19.0977001,19.1951582
347,-156.98726_21.07819,0.385564,20.0125999,19.627035900000003
348,-156.98728_21.07744,0.192134,20.0,19.807866
349,-156.98735_21.07867,0.56431,20.2527008,19.6883908
350,-156.98738_21.07707,0.192134,20.0,19.807866
351,-156.98738_21.07798,0.385564,20.0000992,19.614535200000002
352,-156.98747_21.07630,-0.0011875,19.9613991,19.9625866
353,-156.98750_21.07828,0.385564,20.0221004,19.6365364
354,-156.98755_21.07805,0.385564,20.0000992,19.614535200000002
355,-156.98756_21.07875,0.56431,20.3724003,19.8080903
356,-156.98760_21.07619,-0.0011875,14.8801003,14.8812878
357,-156.98771_21.07889,0.56431,21.9549007,21.3905907
358,-156.98773_21.07739,0.192134,20.0,19.807866
359,-156.98773_21.07839,0.56431,20.0319004,19.467590400000002
360,-156.98781_21.07782,0.385564,20.0,19.614436
361,-156.98783_21.07813,0.385564,20.0020008,19.616436800000002
362,-156.98789_21.07911,0.724527,23.7756004,23.0510734
363,-156.98794_21.07889,0.495108,21.9927998,21.497691800000002
364,-156.98796_21.07792,0.303922,19.9997005,19.6957785
365,-156.98801_21.07649,-0.0912656,19.9155998,20.0068654
366,-156.98806_21.07713,0.0993799,20.0,19.9006201
367,-156.98814_21.07745,0.0993799,20.0,19.9006201
368,-156.98821_21.07658,-0.0912656,19.9545994,20.045865
369,-156.98824_21.07720,0.0993799,20.0,19.9006201
370,-156.98828_21.07804,0.303922,19.9997997,19.6958777
371,-156.98834_21.07849,0.495108,20.0527,19.557592000000003
372,-156.98841_21.07668,-0.0912656,19.8843002,19.9755658
373,-156.98846_21.07757,0.0993799,20.0,19.9006201
374,-156.98851_21.07676,-0.0912656,19.941,20.0322656
375,-156.98854_21.07856,0.495108,20.0979004,19.602792400000002
376,-156.98855_21.07734,0.0993799,20.0,19.9006201
377,-156.98861_21.07676,-0.0912656,19.6674004,19.758665999999998
378,-156.98868_21.07753,0.0227159,20.0,19.9772841
379,-156.98870_21.07881,0.435162,20.3873997,19.9522377
380,-156.98876_21.07856,0.435162,20.0900002,19.6548382
381,-156.98878_21.07686,-0.153772,20.0,20.153772
382,-156.98881_21.07786,0.232774,20.0,19.767226
383,-156.98888_21.07686,-0.153772,20.0,20.153772
384,-156.98901_21.07795,0.232774,19.9993992,19.7666252
385,-156.98921_21.07709,0.0227159,20.0,19.9772841
386,-156.98923_21.07688,-0.153772,19.0685997,19.2223717
387,-156.98953_21.07709,-0.0435925,18.9864998,19.0300923
388,-156.98979_21.07717,-0.0435925,19.0,19.0435925
389,-156.99016_21.07729,-0.103187,19.0,19.103187
390,-156.99062_21.07743,-0.103187,18.9979992,19.101186199999997
391,-156.99107_21.07754,-0.146722,19.0,19.146722
392,-156.99138_21.07758,-0.146722,19.0,19.146722
393,-156.99148_21.07758,-0.146722,19.0,19.146722
394,-156.99173_21.07759,-0.189897,19.0,19.189897
395,-156.99183_21.07759,-0.189897,19.0,19.189897
396,-156.99237_21.07777,-0.0695611,19.0,19.0695611
397,-156.99247_21.07777,-0.0695611,19.0,19.0695611
398,-156.99340_21.07803,-0.124016,17.9104004,18.0344164
399,-156.99405_21.07814,-0.178336,17.8355007,18.013836700000002
400,-156.99468_21.07822,-0.208036,16.7740993,16.9821353
401,-156.99500_21.07997,0.407272,17.4032993,16.9960273
402,-156.99522_21.07951,0.156007,17.0750008,16.918993800000003
403,-156.99528_21.07909,0.156007,16.1928005,16.0367935
404,-156.99552_21.07919,0.156007,15.9898005,15.833793499999999
405,-156.99579_21.07974,0.0875308,15.2834997,15.1959689
406,-156.99580_21.08554,1.16378,60.1721001,59.0083201
407,-156.99587_21.07932,0.0875308,15.1168003,15.0292695
408,-156.99588_21.08630,1.23394,68.9237976,67.6898576
409,-156.99612_21.08507,1.09161,55.3278999,54.236289899999996
410,-156.99621_21.08582,1.16378,62.9995995,61.8358195
411,-156.99626_21.07979,0.285763,14.2138996,13.9281366
412,-156.99628_21.08483,1.09161,53.1515007,52.0598907
413,-156.99658_21.08439,0.987764,44.8251991,43.8374351
414,-156.99658_21.08527,1.0625499,57.1837997,56.1212498
415,-156.99669_21.08381,0.907892,38.6833,37.775408000000006
416,-156.99671_21.08420,0.987764,42.8442993,41.856535300000004
417,-156.99674_21.07877,-0.165724,11.0538998,11.2196238
418,-156.99679_21.08649,1.20465,67.8722,66.66755
419,-156.99684_21.08402,0.907892,39.6959991,38.788107100000005
420,-156.99687_21.08485,1.0625499,51.9328003,50.870250399999996
421,-156.99692_21.08357,0.907892,35.6267014,34.718809400000005
422,-156.99701_21.08465,0.987764,48.8824005,47.894636500000004
423,-156.99703_21.08446,0.987764,45.8209991,44.8332351
424,-156.99704_21.08340,0.907892,33.5579987,32.6501067
425,-156.99709_21.08656,1.20465,69.7970963,68.5924463
426,-156.99713_21.08446,0.987764,45.8415985,44.853834500000005
427,-156.99721_21.08635,1.17567,67.8585968,66.6829268
428,-156.99727_21.08526,1.034,54.3704987,53.3364987
429,-156.99729_21.08409,0.959321,41.7206993,40.7613783
430,-156.99735_21.08327,0.790377,32.4508018,31.6604248
431,-156.99738_21.08476,0.959321,48.9026985,47.9433775
432,-156.99739_21.08409,0.959321,41.6114998,40.652178799999994
433,-156.99747_21.08308,0.790377,30.4251003,29.6347233
434,-156.99748_21.08656,1.17567,69.4355011,68.2598311
435,-156.99752_21.08390,0.879409,40.2524986,39.3730896
436,-156.99758_21.08496,1.034,49.9258003,48.8918003
437,-156.99772_21.08271,0.790377,25.4493008,24.6589238
438,-156.99775_21.08421,0.959321,43.6414986,42.682177599999996
439,-156.99775_21.08614,1.1059,62.2729988,61.167098800000005
440,-156.99776_21.08467,0.959321,48.9238014,47.9644804
441,-156.99780_21.08596,1.1059,60.1433983,59.0374983
442,-156.99782_21.08665,1.17567,66.5269012,65.3512312
443,-156.99784_21.08252,0.682241,22.3306999,21.648458899999998
444,-156.99785_21.08578,1.1059,58.1040001,56.9981001
445,-156.99793_21.08438,0.931591,46.7252998,45.793708800000005
446,-156.99795_21.08050,0.351183,11.4823999,11.1312169
447,-156.99797_21.08233,0.656815,20.2124996,19.5556846
448,-156.99801_21.08314,0.763689,30.8857994,30.1221104
449,-156.99801_21.08400,0.85212,42.6777992,41.8256792
450,-156.99801_21.08552,1.07751,54.9805984,53.9030884
451,-156.99810_21.08214,0.656815,20.0965996,19.4397846
452,-156.99814_21.08295,0.763689,29.6380005,28.8743115
453,-156.99818_21.08530,1.00591,53.4408989,52.4349889
454,-156.99819_21.08371,0.85212,40.5998993,39.7477793
455,-156.99822_21.08195,0.656815,19.1488991,18.4920841
456,-156.99825_21.08559,1.07751,55.4404984,54.362988400000006
457,-156.99826_21.08511,1.00591,52.4668999,51.4609899
458,-156.99829_21.08336,0.85212,37.0013008,36.1491808
459,-156.99834_21.08485,1.00591,50.803299,49.797389
460,-156.99839_21.08257,0.656815,26.2714996,25.614684599999997
461,-156.99843_21.07981,0.148129,9.7438898,9.595760799999999
462,-156.99843_21.08458,0.931591,48.4413986,47.5098076
463,-156.99846_21.08058,0.351183,10.2054996,9.854316599999999
464,-156.99847_21.08307,0.763689,33.3605995,32.5969105
465,-156.99849_21.08352,0.85212,39.4541016,38.6019816
466,-156.99851_21.08685,1.14702,64.9829025,63.8358825
467,-156.99853_21.08458,0.931591,47.7186012,46.787010200000005
468,-156.99853_21.08568,1.07751,55.0098991,53.9323891
469,-156.99855_21.08422,0.931591,44.6677017,43.736110700000005
470,-156.99862_21.08139,0.518894,14.8227997,14.3039057
471,-156.99864_21.08220,0.63302,20.1170006,19.483980600000002
472,-156.99868_21.08279,0.737878,30.2504997,29.5126217
473,-156.99868_21.08323,0.737878,34.3214989,33.5836209
474,-156.99871_21.08399,0.825317,42.8911018,42.0657848
475,-156.99877_21.08200,0.63302,19.0412998,18.408279800000003
476,-156.99886_21.08296,0.737878,31.2523994,30.514521400000003
477,-156.99900_21.08353,0.825317,37.4471016,36.621784600000005
478,-156.99902_21.08221,0.63302,21.8404999,21.207479900000003
479,-156.99904_21.08021,0.134122,9.1240597,8.9899377
480,-156.99907_21.08500,0.978088,49.7942009,48.8161129
481,-156.99918_21.08005,0.134122,8.9368601,8.802738100000001
482,-156.99920_21.08236,0.63302,24.0368004,23.403780400000002
483,-156.99926_21.08201,0.63302,19.9419994,19.308979400000002
484,-156.99930_21.08371,0.825317,37.4303017,36.6049847
485,-156.99934_21.08596,1.0493799,54.9898987,53.9405188
486,-156.99941_21.08459,0.876427,45.6082001,44.7317731
487,-156.99941_21.08567,1.02125,53.0433998,52.0221498
488,-156.99943_21.08034,0.122814,8.9061298,8.7833158
489,-156.99946_21.08021,0.122814,8.8591404,8.7363264
490,-156.99949_21.08143,0.477148,13.5727997,13.0956517
491,-156.99951_21.08204,0.607734,20.9860992,20.3783652
492,-156.99951_21.08459,0.876427,45.5507011,44.6742741
493,-156.99951_21.08567,1.02125,52.9852982,51.9640482
494,-156.99953_21.08009,0.122814,8.8508701,8.7280561
495,-156.99954_21.08044,0.122814,8.2352896,8.1124756
496,-156.99956_21.08387,0.797835,38.3953018,37.5974668
497,-156.99957_21.07999,0.122814,8.4302797,8.3074657
498,-156.99958_21.08296,0.710793,27.9314003,27.2206073
499,-156.99962_21.08011,0.122814,8.9243603,8.8015463
500,-156.99964_21.07987,0.122814,8.7687502,8.6459362
501,-156.99968_21.08112,0.317544,11.0600004,10.7424564
502,-156.99968_21.08148,0.477148,12.8994999,12.4223519
503,-156.99969_21.08039,0.122814,8.3227797,8.1999657
504,-156.99969_21.08538,0.950136,51.0037003,50.0535643
505,-156.99974_21.08414,0.876427,40.5180016,39.6415746
506,-156.99976_21.08027,0.122814,8.408,8.285186
507,-156.99976_21.08156,0.477148,14.0232,13.546052
508,-156.99976_21.08268,0.710793,22.4748993,21.7641063
509,-156.99982_21.08015,0.122814,8.3483801,8.2255661
510,-156.99986_21.08156,0.477148,13.6995001,13.2223521
511,-156.99990_21.08364,0.797835,34.9846992,34.1868642
512,-156.99990_21.08390,0.797835,38.7366982,37.9388632
513,-156.99991_21.08003,0.122814,8.1760702,8.0532562
514,-156.99993_21.08480,0.950136,44.8198013,43.8696653
515,-156.99999_21.08350,0.797835,31.8505001,31.052665100000002
516,-157.00000_21.08321,0.710793,28.7460995,28.0353065
517,-157.00002_21.08562,1.02125,50.1077003,49.086450299999996
518,-157.00003_21.08123,0.477148,10.7058001,10.2286521
519,-157.00003_21.08480,0.950136,44.5784988,43.6283628
520,-157.00011_21.16149,8.7228603,482.2609863,473.53812600000003
521,-157.00013_21.08608,0.992875,53.7961998,52.8033248
522,-157.00017_21.08539,0.921613,48.7914009,47.8697879
523,-157.00019_21.08299,0.679295,26.0496006,25.370305600000002
524,-157.00020_21.08451,0.847544,40.855999,40.008455
525,-157.00021_21.08062,0.28718,7.32585,7.03867
526,-157.00027_21.08333,0.768147,31.5359993,30.7678523
527,-157.00029_21.08299,0.679295,28.8518009,28.1725059
528,-157.00030_21.08585,0.992875,51.8395004,50.8466254
529,-157.00031_21.08518,0.921613,45.6887016,44.7670886
530,-157.00035_21.08178,0.444712,11.9757996,11.5310876
531,-157.00043_21.08498,0.921613,43.7293015,42.8076885
532,-157.00044_21.08139,0.444712,8.9961996,8.551487600000002
533,-157.00046_21.08562,0.992875,48.6248016,47.6319266
534,-157.00047_21.08270,0.679295,24.1751995,23.4959045
535,-157.00061_21.08541,0.921613,46.700901,45.779288
536,-157.00064_21.08378,0.768147,35.0007019,34.232554900000004
537,-157.00069_21.08144,0.444712,6.4870901,6.0423781
538,-157.00073_21.08148,0.444712,6.4870901,6.0423781
539,-157.00076_21.08209,0.574898,17.5209007,16.946002699999998
540,-157.00076_21.08522,0.921613,43.9710999,43.0494869
541,-157.00078_21.08444,0.816641,38.2411003,37.4244593
542,-157.00083_21.08148,0.39847,6.5195599,6.1210899
543,-157.00089_21.08427,0.816641,37.2886009,36.4719599
544,-157.00090_21.08184,0.39847,11.9130001,11.5145301
545,-157.00090_21.08503,0.892065,42.2383003,41.3462353
546,-157.00096_21.08225,0.530034,21.4426994,20.912665399999998
547,-157.00098_21.08151,0.39847,7.5508299,7.1523599
548,-157.00100_21.08410,0.816641,36.2392998,35.4226588
549,-157.00103_21.08485,0.892065,39.8289986,38.936933599999996
550,-157.00106_21.08086,0.244433,6.5560398,6.3116068
551,-157.00108_21.08306,0.639861,30.9925003,30.3526393
552,-157.00110_21.08394,0.734404,35.1240997,34.389695700000004
553,-157.00115_21.08197,0.530034,16.3784008,15.8483668
554,-157.00115_21.08468,0.816641,38.2476997,37.4310587
555,-157.00118_21.08098,0.244433,6.4265599,6.1821269
556,-157.00125_21.08277,0.639861,27.8980007,27.2581397
557,-157.00127_21.08158,0.39847,9.6916399,9.2931699
558,-157.00128_21.08248,0.530034,23.7600002,23.2299662
559,-157.00130_21.08364,0.734404,33.1190987,32.384694700000004
560,-157.00132_21.08101,0.244433,6.4373899,6.1929569
561,-157.00138_21.08437,0.816641,36.9188004,36.102159400000005
562,-157.00140_21.08227,0.530034,19.8395996,19.3095656
563,-157.00141_21.08157,0.39847,9.5715504,9.1730804
564,-157.00150_21.08333,0.590396,30.9876003,30.397204300000002
565,-157.00151_21.08258,0.471859,23.6991005,23.2272415
566,-157.00152_21.08197,0.471859,14.9159002,14.4440412
567,-157.00160_21.08241,0.471859,21.6166992,21.1448402
568,-157.00160_21.08317,0.590396,30.9557991,30.3654031
569,-157.00161_21.08407,0.782906,34.1021004,33.3191944
570,-157.00167_21.08206,0.471859,15.5309,15.059041
571,-157.00170_21.08168,0.339176,9.2067404,8.8675644
572,-157.00170_21.08302,0.590396,28.7933006,28.2029046
573,-157.00180_21.08287,0.590396,26.7110004,26.1206044
574,-157.00193_21.08362,0.694936,33.0032005,32.3082645
575,-157.00204_21.08347,0.694936,31.9782009,31.283264900000002
576,-157.00210_21.08241,0.471859,18.5084991,18.036640100000003
577,-157.00215_21.08333,0.590396,30.9176006,30.3272046
578,-157.00220_21.08164,0.339176,6.5012498,6.1620738
579,-157.00220_21.08225,0.471859,15.0725002,14.6006412
580,-157.00226_21.08318,0.529392,29.8141003,29.2847083
581,-157.00227_21.08189,0.265069,7.1079898,6.8429208
582,-157.00237_21.08303,0.529392,27.7842007,27.254808699999998
583,-157.00248_21.08288,0.529392,26.1338005,25.604408499999998
584,-157.00309_21.08224,0.322577,16.0657005,15.743123499999998
585,-157.00311_21.16169,7.5950799,485.1149902,477.51991030000005
586,-157.00318_21.08174,0.179063,8.0556097,7.8765467
587,-157.00333_21.16198,7.7548099,482.947998,475.1931881
588,-157.00341_21.08185,0.179063,11.6948996,11.5158366
589,-157.00368_21.16239,7.5924301,479.8640137,472.2715836
590,-157.00376_21.16340,10.6129999,471.8399963,461.2269964
591,-157.00388_21.16229,7.5924301,478.8009949,471.2085648
592,-157.00406_21.16160,7.4997902,489.0899963,481.5902061
593,-157.00408_21.16278,8.11271,470.8590088,462.74629880000003
594,-157.00414_21.16427,17.5170002,468.0740051,450.55700490000004
595,-157.00416_21.16344,10.6129999,469.071991,458.45899110000005
596,-157.00419_21.16303,8.11271,467.1749878,459.0622778
597,-157.00425_21.16210,7.5924301,478.5469971,470.954567
598,-157.00425_21.16454,17.5170002,464.3779907,446.8609905
599,-157.00434_21.16375,10.6129999,467.0140076,456.40100770000004
600,-157.00435_21.16454,17.5170002,464.3330078,446.81600760000003
601,-157.00443_21.16201,7.4829202,477.2330017,469.75008149999996
602,-157.00445_21.16454,13.9807997,464.0280151,450.0472154
603,-157.00456_21.16135,7.4187198,484.2409973,476.8222775
604,-157.00459_21.16481,24.6049004,461.4249878,436.8200874
605,-157.00460_21.16186,7.4187198,474.401001,466.9822812
606,-157.00466_21.16135,7.4187198,481.7529907,474.3342709
607,-157.00469_21.16316,7.6911201,459.118988,451.4278679
608,-157.00476_21.16333,7.6911201,459.0859985,451.39487840000004
609,-157.00481_21.16418,13.9807997,462.1919861,448.21118640000003
610,-157.00483_21.16353,9.0775604,459.2009888,450.1234284
611,-157.00488_21.16254,7.4829202,461.321991,453.8390708
612,-157.00489_21.16479,13.9807997,459.506012,445.5252123
613,-157.00491_21.16393,9.0775604,460.3519897,451.2744293
614,-157.00495_21.16122,7.3563499,476.7120056,469.3556557
615,-157.00505_21.16292,7.6911201,457.3529968,449.66187670000005
616,-157.00509_21.16424,11.4937,459.6369934,448.1432934
617,-157.00520_21.16214,7.4046798,460.7059937,453.3013139
618,-157.00521_21.16160,7.34793,467.1359863,459.7880563
619,-157.00522_21.16378,8.1726999,456.6090088,448.43630890000003
620,-157.00529_21.16230,7.4046798,460.3269958,452.922316
621,-157.00538_21.16370,8.1726999,455.4639893,447.2912894
622,-157.00540_21.16409,11.4937,456.2420044,444.7483044
623,-157.00547_21.16261,7.4046798,455.6560059,448.2513261
624,-157.00547_21.16464,11.4937,453.8479919,442.3542919
625,-157.00549_21.16100,7.29281,468.9379883,461.6451783
626,-157.00554_21.16218,7.4046798,457.9079895,450.5033097
627,-157.00555_21.16355,8.1726999,453.6719971,445.4992972
628,-157.00556_21.16198,7.4046798,459.1149902,451.7103104
629,-157.00556_21.16277,7.48107,454.6679993,447.18692930000003
630,-157.00556_21.16401,8.1726999,454.9410095,446.7683096
631,-157.00567_21.16376,8.1726999,451.9150085,443.7423086
632,-157.00575_21.16438,11.4937,453.2139893,441.7202893
633,-157.00578_21.16396,7.74928,451.9320068,444.1827268
634,-157.00579_21.16191,7.2845101,457.1260071,449.841497
635,-157.00588_21.16273,7.3884902,450.8529968,443.46450660000005
636,-157.00592_21.16462,9.9442596,451.54599,441.6017304
637,-157.00597_21.16181,7.2845101,455.3039856,448.0194755
638,-157.00603_21.16426,9.9442596,452.321991,442.3777314
639,-157.00607_21.16231,7.3348398,451.1059875,443.77114770000003
640,-157.00612_21.16270,7.3884902,448.8299866,441.4414964
641,-157.00616_21.16454,9.9442596,451.0020142,441.0577546
642,-157.00625_21.16290,7.3884902,444.9920044,437.6035142
643,-157.00631_21.16162,7.2845101,453.1950073,445.9104972
644,-157.00647_21.16153,7.2845101,451.1900024,443.90549230000005
645,-157.00653_21.16204,7.2712998,449.0780029,441.8067031
646,-157.00662_21.16062,7.1821198,452.4729919,445.2908721
647,-157.00662_21.16086,7.1821198,452.9989929,445.8168731
648,-157.00669_21.16195,7.2712998,447.5799866,440.3086868
649,-157.00672_21.16086,7.1821198,452.4790039,445.2968841
650,-157.00672_21.16418,8.9431601,447.0750122,438.1318521
651,-157.00675_21.16256,7.2712998,442.1409912,434.86969139999997
652,-157.00676_21.16228,7.2712998,445.5280151,438.2567153
653,-157.00687_21.16186,7.2263198,446.4559937,439.2296739
654,-157.00697_21.16215,7.2712998,443.6409912,436.36969139999997
655,-157.00697_21.16247,7.2712998,442.1359863,434.8646865
656,-157.00708_21.08155,-0.137948,9.8519897,9.9899377
657,-157.00715_21.16255,7.2712998,440.5539856,433.28268579999997
658,-157.00730_21.16189,7.1717501,443.2009888,436.0292387
659,-157.00732_21.16045,7.0918102,447.3479919,440.2561817
660,-157.00737_21.16095,7.1311402,448.9289856,441.79784539999997
661,-157.00739_21.16247,7.2126999,440.1119995,432.8992996
662,-157.00741_21.16127,7.1717501,447.2820129,440.1102628
663,-157.00744_21.16210,7.2126999,440.9349976,433.72229769999996
664,-157.00755_21.16234,7.2126999,439.6260071,432.41330719999996
665,-157.00763_21.16033,7.0918102,445.0499878,437.9581776
666,-157.00769_21.16119,7.1311402,446.6440125,439.51287229999997
667,-157.00787_21.16023,7.0918102,443.0840149,435.9922047
668,-157.00850_21.16071,7.0809498,443.980011,436.8990612
669,-157.00856_21.08282,0.189779,7.0799699,6.8901909
670,-157.00883_21.08237,0.0046519,7.9898801,7.9852282
671,-157.00895_21.08300,0.154661,7.0,6.845339
672,-157.00911_21.08191,0.0046519,7.9015698,7.8969179
673,-157.00919_21.08255,0.0046519,8.0,7.9953481
674,-157.00921_21.08313,0.154661,7.0001101,6.8454491
675,-157.00921_21.16030,6.9958801,440.5639954,433.5681153
676,-157.00945_21.08203,-0.0163069,7.91856,7.9348669
677,-157.00945_21.08266,0.104056,8.0,7.895944
678,-157.00946_21.08325,0.104056,6.0,5.895944
679,-157.00950_21.15865,6.8899899,428.4570007,421.5670108
680,-157.00953_21.15913,6.9162202,434.6430054,427.7267852
681,-157.00961_21.15795,6.8670998,422.2550049,415.3879051
682,-157.00961_21.15847,6.8899899,425.7139893,418.8239994
683,-157.00970_21.08213,-0.0163069,7.96876,7.9850669
684,-157.00970_21.08278,0.104056,6.9753299,6.8712739
685,-157.00970_21.15900,6.8899899,432.6669922,425.7770023
686,-157.00971_21.08337,0.238389,6.0,5.761611
687,-157.00980_21.15840,6.8899899,426.9819946,420.0920047
688,-157.00982_21.15803,6.8670998,423.9230042,417.0559044
689,-157.00983_21.15883,6.8899899,430.9379883,424.0479984
690,-157.00986_21.08225,-0.0163069,7.9539499,7.9702568
691,-157.00994_21.15866,6.8899899,430.3160095,423.4260196
692,-157.00996_21.08225,-0.0163069,7.35286,7.3691669
693,-157.00996_21.08290,0.104056,7.0,6.895944
694,-157.00997_21.08350,0.238389,6.0,5.761611
695,-157.01002_21.15810,6.8670998,425.9970093,419.1299095
696,-157.01014_21.15851,6.8424802,430.0979919,423.2555117
697,-157.01021_21.08236,-0.0515059,6.9869199,7.038425800000001
698,-157.01022_21.08302,0.0446456,7.0011301,6.9564845
699,-157.01022_21.08362,0.176013,6.0,5.823987
700,-157.01023_21.15818,6.8219099,428.1860046,421.3640947
701,-157.01039_21.15823,6.8219099,429.1659851,422.3440752
702,-157.01048_21.08314,0.0446456,7.0,6.9553544
703,-157.01049_21.08251,-0.0515059,7.0,7.0515059
704,-157.01049_21.08375,0.176013,6.0,5.823987
705,-157.01074_21.08326,0.0446456,6.9942002,6.9495546
706,-157.01075_21.08262,0.0446456,7.0,6.9553544
707,-157.01075_21.08388,0.176013,6.05124,5.875227
708,-157.01101_21.08273,-0.0070948,7.0033698,7.0104646
709,-157.01101_21.08400,0.115395,6.0,5.884605
710,-157.01126_21.08286,-0.0070948,6.6692801,6.6763749
711,-157.01126_21.08350,0.115395,6.1629701,6.0475750999999995
712,-157.01126_21.08412,0.249192,6.0,5.750808
713,-157.01151_21.08300,-0.0448348,6.3701301,6.4149649
714,-157.01152_21.08362,0.0611597,6.8013101,6.7401504
715,-157.01152_21.08424,0.191537,6.85286,6.661322999999999
716,-157.01177_21.08436,0.191537,6.8299499,6.6384129
717,-157.01178_21.08374,0.0611597,6.8403101,6.7791504
718,-157.01181_21.16460,6.9639401,405.7929993,398.8290592
719,-157.01203_21.08385,0.0611597,7.0014701,6.9403103999999995
720,-157.01206_21.08326,-0.0448348,4.9775901,5.0224249
721,-157.01216_21.08467,0.191537,7.0184798,6.826942799999999
722,-157.01230_21.08440,0.13694,7.0,6.86306
723,-157.01233_21.08334,0.014969,5.0,4.985031
724,-157.01242_21.08416,0.13694,6.09126,5.95432
725,-157.01263_21.08345,0.014969,5.0,4.985031
726,-157.01290_21.08353,0.014969,5.0,4.985031
727,-157.01308_21.14995,6.3776898,358.0190125,351.6413227
728,-157.01318_21.14995,6.3776898,358.0620117,351.68432190000004
729,-157.01322_21.15578,6.5619102,436.3999939,429.8380837
730,-157.01332_21.15578,6.5619102,437.2319946,430.6700844
731,-157.01370_21.15546,6.4887099,432.0429993,425.5542894
732,-157.01373_21.15409,6.4725699,416.5929871,410.1204172
733,-157.01420_21.15524,6.4887099,429.7919922,423.3032823
734,-157.01490_21.15391,6.3903098,409.1740112,402.7837014
735,-157.01516_21.15509,6.35882,427.4859924,421.1271724
736,-157.01594_21.15427,6.2733498,412.5870056,406.3136558
737,-157.01722_21.15426,6.1301198,406.1629944,400.0328746
738,-157.01793_21.16018,6.09408,412.1929932,406.09891319999997
739,-157.01793_21.16028,6.09408,411.4179993,405.3239193
740,-157.01793_21.16038,6.09408,410.5480042,404.45392419999996
741,-157.01803_21.16018,6.09408,411.4129944,405.3189144
742,-157.01803_21.16028,6.09408,410.7210083,404.6269283
743,-157.01803_21.16038,6.09408,408.3819885,402.28790849999996
744,-157.01813_21.16018,6.09408,410.6900024,404.5959224
745,-157.01813_21.16028,6.09408,407.9840088,401.8899288
746,-157.01813_21.16038,6.09408,404.7260132,398.6319332
747,-157.01953_21.16052,5.9300699,394.0109863,388.08091640000004
748,-157.02085_21.16035,5.7960701,376.3569946,370.5609245
749,-157.02095_21.16035,5.7960701,376.3919983,370.5959282
750,-157.02108_21.15203,5.70223,356.7080078,351.00577780000003
751,-157.02861_21.09604,0.824274,8.3713703,7.547096300000001
752,-157.02930_21.09873,1.03394,31.0172997,29.983359699999998
753,-157.02962_21.09637,0.804678,6.0,5.195322
754,-157.03007_21.17766,53.2453003,356.0159912,302.7706909
755,-157.03017_21.09661,0.758978,6.0,5.241022
756,-157.03017_21.17766,45.2271004,355.8389893,310.6118889
757,-157.03023_21.09296,0.345409,10.0,9.654591
758,-157.03177_21.09674,0.651585,6.0,5.348415
759,-157.03188_21.10249,1.21543,38.8135986,37.5981686
760,-157.03193_21.10285,1.28106,39.0353012,37.754241199999996
761,-157.03230_21.10121,1.1133,30.9811001,29.8678001
762,-157.03231_21.10347,1.31294,38.8493996,37.5364596
763,-157.03300_21.10251,1.14703,33.3356018,32.1885718
764,-157.03305_21.09458,0.0,7.99997,7.99997
765,-157.03310_21.10184,1.0768,32.0345993,30.957799300000005
766,-157.03316_21.10436,1.3455,38.6183014,37.2728014
767,-157.03345_21.10023,0.932919,22.3402004,21.407281400000002
768,-157.03355_21.10447,1.3455,35.2154999,33.869999899999996
769,-157.03377_21.09658,0.429313,6.0,5.570687
770,-157.03387_21.09496,0.148807,7.9991102,7.8503032
771,-157.03387_21.09658,0.429313,6.0,5.570687
772,-157.03453_21.09521,0.0967556,8.0076704,7.9109148000000005
773,-157.03526_21.09955,0.717462,15.6589003,14.941438300000002
774,-157.03532_21.10127,0.961357,21.9990997,21.0377427
775,-157.03537_21.10404,1.1839499,27.1261005,25.942150599999998
776,-157.03540_21.09861,0.630757,10.0021,9.371343
777,-157.03562_21.10168,0.961357,22.8595009,21.8981439
778,-157.03582_21.10003,0.758655,16.8045006,16.0458456
779,-157.03601_21.09966,0.670238,14.0655003,13.3952623
780,-157.03703_21.10359,1.11619,19.7982006,18.6820106
781,-157.03710_21.09969,0.620956,12.3036003,11.6826443
782,-157.03746_21.10065,0.753709,16.0007,15.246990999999998
783,-157.03774_21.10006,0.663889,12.9555998,12.2917108
784,-157.03783_21.10322,1.00604,16.9871006,15.981060600000001
785,-157.03809_21.09753,0.159391,5.0,4.840609
786,-157.03828_21.10091,0.709125,13.9603004,13.2511754
787,-157.03914_21.10090,0.666432,12.0077,11.341268
788,-157.03918_21.10312,0.934053,10.3571997,9.4231467
789,-157.03969_21.09892,0.24431,8.9919596,8.747649599999999
790,-157.03982_21.09696,0.0469039,6.1596498,6.1127459
791,-157.04001_21.10254,0.810389,8.7907,7.9803109999999995
792,-157.04010_21.09697,0.0066309,6.7653198,6.7586889
793,-157.04016_21.09616,0.0,8.6116896,8.6116896
794,-157.04035_21.09707,0.0066309,6.3682199,6.3615889999999995
795,-157.04052_21.09612,0.0,7.7148399,7.7148399
796,-157.04062_21.09970,0.340425,9.0028496,8.6624246
797,-157.04063_21.09715,0.0066309,7.0,6.9933691
798,-157.04093_21.09725,-0.0047004,6.97928,6.9839804
799,-157.04145_21.10320,0.837625,7.0,6.162375
800,-157.04188_21.09765,0.0485049,6.9830799,6.934575
801,-157.04190_21.09985,0.433137,6.9946198,6.561482799999999
802,-157.04287_21.10333,0.783051,7.0,6.216949
803,-157.04297_21.10333,0.759391,7.0,6.240609
804,-157.04308_21.10216,0.672414,7.0,6.327586
805,-157.04318_21.16448,3.84355,280.4389954,276.5954454
806,-157.04328_21.16448,3.84355,279.5,275.65645
807,-157.04332_21.10227,0.672414,7.0464501,6.3740361000000005
808,-157.04358_21.10238,0.672414,7.51998,6.8475660000000005
809,-157.04383_21.10248,0.651607,7.4531898,6.801582799999999
810,-157.04395_21.10145,0.565578,8.0,7.434422
811,-157.04397_21.10364,0.816418,7.0,6.183582
812,-157.04413_21.10261,0.651607,7.9910798,7.339472799999999
813,-157.04439_21.16764,3.6558399,285.526001,281.8701611
814,-157.04464_21.10283,0.71573,7.0,6.28427
815,-157.04488_21.10293,0.71573,7.0,6.28427
816,-157.04511_21.10404,0.773141,7.0,6.226859
817,-157.04518_21.10306,0.695713,7.0,6.304287
818,-157.04545_21.10318,0.695713,7.0,6.304287
819,-157.04557_21.10244,0.613969,7.4832702,6.8693012
820,-157.04570_21.10329,0.695713,7.0,6.304287
821,-157.04583_21.10256,0.596474,7.0,6.403526
822,-157.04587_21.10469,0.82733,7.0,6.17267
823,-157.04597_21.10339,0.752729,7.0,6.247271
824,-157.04608_21.10267,0.676524,7.0,6.323476
825,-157.04613_21.16245,3.58746,257.3479919,253.76053190000002
826,-157.04635_21.10278,0.676524,7.0,6.323476
827,-157.04645_21.10637,1.04381,8.3345098,7.2906998
828,-157.04660_21.10606,0.95309,7.0,6.0469100000000005
829,-157.04677_21.10579,0.95309,7.0,6.0469100000000005
830,-157.04692_21.10328,0.658656,7.0,6.341344
831,-157.04702_21.10328,0.658656,7.0,6.341344
832,-157.04712_21.10328,0.658656,7.0,6.341344
833,-157.04715_21.10509,0.880841,7.0,6.119159
834,-157.04719_21.10118,0.423235,7.0,6.576765
835,-157.04750_21.10254,0.565039,7.0,6.434961
836,-157.04770_21.10623,0.999041,7.0,6.000959
837,-157.04822_21.16631,3.3517599,259.427002,256.0752421
838,-157.04833_21.16978,3.28373,265.2219849,261.9382549
839,-157.04836_21.10315,0.623188,7.0,6.376812
840,-157.04870_21.10500,0.81915,7.0,6.1808499999999995
841,-157.04883_21.17107,3.19804,252.7980042,249.59996420000002
842,-157.04886_21.16546,3.32549,254.3240051,250.9985151
843,-157.04908_21.17296,3.1393099,272.0109863,268.8716764
844,-157.04944_21.16545,3.2723,252.5350037,249.2627037
845,-157.04969_21.10587,0.867895,6.9999399,6.1320449
846,-157.04975_21.16044,3.29055,230.5480042,227.2574542
847,-157.04985_21.16603,3.26105,248.529007,245.267957
848,-157.04994_21.16620,3.26105,247.9179993,244.65694929999998
849,-157.05002_21.16673,3.24828,247.0059967,243.7577167
850,-157.05041_21.16600,3.20979,245.8439941,242.6342041
851,-157.05049_21.16691,3.19771,243.6869965,240.4892865
852,-157.05051_21.16631,3.19771,244.6790009,241.4812909
853,-157.05055_21.16658,3.19771,244.0359955,240.8382855
854,-157.05066_21.16597,3.20979,243.8930054,240.6832154
855,-157.05070_21.16699,3.1842501,242.7720032,239.5877531
856,-157.05083_21.16626,3.15062,242.871994,239.721374
857,-157.05096_21.16554,3.16219,241.1719971,238.0098071
858,-157.05105_21.16696,3.13762,241.0540009,237.9163809
859,-157.05113_21.16732,3.13762,239.3939972,236.2563772
860,-157.05123_21.16661,3.15062,240.1799927,237.0293727
861,-157.05141_21.16901,3.10797,245.4160004,242.3080304
862,-157.05146_21.16577,3.16219,238.9819946,235.8198046
863,-157.05153_21.10787,1.0039999,7.0,5.9960001
864,-157.05153_21.16549,3.1241901,238.3410034,235.2168133
865,-157.05165_21.16730,3.0911701,238.2449951,235.153825
866,-157.05167_21.16492,3.1241901,238.5299988,235.4058087
867,-157.05178_21.16832,3.07726,243.5820007,240.5047407
868,-157.05181_21.16436,3.13802,238.0070038,234.8689838
869,-157.05191_21.16708,3.0911701,236.9779968,233.8868267
870,-157.05193_21.16669,3.1036899,237.4459991,234.3423092
871,-157.05201_21.16637,3.1036899,236.4570007,233.3533108
872,-157.05210_21.16604,3.1147201,236.003006,232.8882859
873,-157.05211_21.16806,3.07726,239.6150055,236.5377455
874,-157.05218_21.16225,3.1445501,233.9960022,230.8514521
875,-157.05218_21.16572,3.1147201,235.6719971,232.557277
876,-157.05226_21.16540,3.0759201,234.6609955,231.58507540000002
877,-157.05233_21.16722,3.0445399,235.5399933,232.4954534
878,-157.05234_21.16507,3.0759201,233.7890015,230.71308140000002
879,-157.05238_21.17824,2.6075699,240.253006,237.6454361
880,-157.05243_21.16475,3.0885701,233.0410004,229.9524303
881,-157.05244_21.16681,3.0565801,234.0050049,230.9484248
882,-157.05251_21.16443,3.0885701,233.4940033,230.4054332
883,-157.05252_21.17614,2.77878,261.2690125,258.4902325
884,-157.05253_21.16648,3.0565801,233.6470032,230.5904231
885,-157.05260_21.16408,3.09217,233.927002,230.83483199999998
886,-157.05277_21.16551,3.0759201,231.7980042,228.72208410000002
887,-157.05281_21.11069,1.22373,21.6511002,20.4273702
888,-157.05286_21.16519,3.0759201,230.8600006,227.78408050000002
889,-157.05291_21.11069,1.22373,22.5837002,21.3599702
890,-157.05294_21.16487,3.0279801,230.0370026,227.0090225
891,-157.05309_21.16934,2.9537899,229.1569977,226.2032078
892,-157.05310_21.16421,3.03951,232.7539978,229.7144878
893,-157.05322_21.17131,2.8958199,253.4400024,250.5441825
894,-157.05332_21.17131,2.8958199,253.2140045,250.3181846
895,-157.05337_21.13140,2.2833099,136.3739929,134.09068299999998
896,-157.05360_21.16853,2.96996,231.9559937,228.9860337
897,-157.05361_21.12899,2.2013099,121.5739975,119.3726876
898,-157.05387_21.16705,2.95186,231.0050049,228.05314489999998
899,-157.05397_21.16705,2.95186,231.0039978,228.0521378
900,-157.05404_21.16241,2.9949901,230.9989929,228.0040028
901,-157.05414_21.16241,2.9949901,231.0,228.0050099
902,-157.05414_21.17199,2.82499,252.7149963,249.89000629999998
903,-157.05416_21.16629,2.9633901,228.3809967,225.4176066
904,-157.05438_21.17224,2.7765,252.2420044,249.46550440000001
905,-157.05462_21.17249,2.7765,252.0169983,249.2404983
906,-157.05473_21.17087,2.8225999,245.9660034,243.1434035
907,-157.05483_21.17087,2.8225999,245.8760071,243.0534072
908,-157.05489_21.17273,2.7501299,251.0279999,248.27787
909,-157.05498_21.16531,2.9402299,223.8809967,220.9407668
910,-157.05504_21.17902,2.36461,251.9069977,249.5423877
911,-157.05513_21.17299,2.7004199,250.0590057,247.35858580000001
912,-157.05542_21.16998,2.7955401,239.6999969,236.9044568
913,-157.05568_21.17138,2.75246,245.0119934,242.25953339999998
914,-157.05570_21.16889,2.8308699,230.5410004,227.7101305
915,-157.05584_21.16296,2.85094,219.2870026,216.43606259999999
916,-157.05592_21.16802,2.7994599,219.9960022,217.1965423
917,-157.05597_21.16574,2.83285,220.0,217.16715
918,-157.05613_21.16715,2.8126199,222.0070038,219.19438390000002
919,-157.05642_21.17236,2.6791799,242.5070038,239.8278239
920,-157.05674_21.16611,2.7869899,220.0,217.2130101
921,-157.05693_21.16391,2.80445,218.5870056,215.7825556
922,-157.05696_21.17007,2.7025101,234.9720001,232.26949
923,-157.05710_21.17112,2.68136,239.9550018,237.27364179999998
924,-157.05711_21.16607,2.7869899,220.0,217.2130101
925,-157.05716_21.17278,2.6036,239.8370056,237.2334056
926,-157.05726_21.16548,2.7530401,222.0,219.2469599
927,-157.05761_21.16909,2.6752901,219.9629974,217.2877073
928,-157.05764_21.17020,2.65606,233.6199951,230.96393510000001
929,-157.05774_21.17020,2.65606,233.3869934,230.7309334
930,-157.05781_21.17332,2.55566,235.8939972,233.3383372
931,-157.05784_21.16642,2.73191,220.0579987,217.3260887
932,-157.05787_21.16805,2.7076199,218.5059967,215.7983768
933,-157.05835_21.17505,2.4012499,242.0,239.5987501
934,-157.05852_21.17208,2.53668,221.7720032,219.2353232
935,-157.05855_21.16660,2.6856201,218.3939972,215.7083771
936,-157.05856_21.17350,2.4750099,229.3049927,226.8299828
937,-157.05865_21.16660,2.6856201,218.0050049,215.3193848
938,-157.05865_21.17153,2.56341,230.0679932,227.50458319999998
939,-157.05879_21.17096,2.5414901,230.8439941,228.302504
940,-157.05891_21.17517,2.3533399,242.0740051,239.72066519999998
941,-157.05893_21.16416,2.7095499,211.6069946,208.8974447
942,-157.05893_21.17041,2.5634201,227.0249939,224.4615738
943,-157.05894_21.17629,2.2660301,243.8630066,241.5969765
944,-157.05914_21.16957,2.5829599,219.0,216.4170401
945,-157.05927_21.17575,2.3113699,243.654007,241.34263710000002
946,-157.05932_21.16846,2.6002901,210.2189941,207.618704
947,-157.05935_21.17527,2.3533399,242.0010071,239.6476672
948,-157.05941_21.17370,2.3849599,233.0010071,230.6160472
949,-157.05941_21.17631,2.22454,248.0630035,245.83846350000002
950,-157.05942_21.16846,2.55652,210.2189941,207.6624741
951,-157.05943_21.16680,2.59552,215.9750061,213.3794861
952,-157.05985_21.17731,2.1763,249.9989929,247.8226929
953,-157.05991_21.17547,2.31109,242.0140076,239.7029176
954,-157.06006_21.16748,2.58465,213.753006,211.168356
955,-157.06020_21.17020,2.4763501,213.4530029,210.9766528
956,-157.06020_21.17387,2.34202,231.8130035,229.47098350000002
957,-157.06021_21.17219,2.40382,220.5390015,218.13518150000002
958,-157.06031_21.17636,2.1828699,245.0019989,242.81912899999998
959,-157.06032_21.16647,2.5510499,213.0359955,210.4849456
960,-157.06041_21.16435,2.6183,208.9889984,206.3706984
961,-157.06047_21.17111,2.4547701,213.1580048,210.7032347
962,-157.06051_21.16435,2.6183,208.996994,206.378694
963,-157.06076_21.17765,2.13516,251.0249939,248.88983389999999
964,-157.06090_21.17688,2.1407199,247.8289948,245.6882749
965,-157.06094_21.16922,2.4514301,210.2599945,207.8085644
966,-157.06102_21.16725,2.49576,210.0079956,207.5122356
967,-157.06107_21.16868,2.4682801,212.0,209.5317199
968,-157.06107_21.17648,2.1407199,243.427002,241.2862821
969,-157.06111_21.17479,2.2635701,231.0740051,228.81043499999998
970,-157.06121_21.17479,2.2635701,229.2929993,227.02942919999998
971,-157.06179_21.16743,2.49576,209.0010071,206.50524710000002
972,-157.06179_21.17893,1.95058,242.8040009,240.8534209
973,-157.06210_21.16463,2.5276201,200.2879944,197.7603743
974,-157.06251_21.16710,2.4519401,206.9759979,204.5240578
975,-157.06270_21.16713,2.4519401,207.0,204.5480599
976,-157.06280_21.16713,2.4519401,207.0,204.5480599
977,-157.06308_21.16722,2.4102001,206.7969971,204.386797
978,-157.06316_21.18022,1.70044,231.6829987,229.98255870000003
979,-157.06326_21.18022,1.70044,230.9779968,229.2775568
980,-157.06338_21.16727,2.4102001,206.0,203.5897999
981,-157.06346_21.17201,2.24266,219.5839996,217.3413396
982,-157.06363_21.16454,2.4386201,200.0220032,197.5833831
983,-157.06367_21.16735,2.36834,206.0090027,203.6406627
984,-157.06373_21.16454,2.39446,200.0,197.60554
985,-157.06472_21.17397,2.1126299,211.3150024,209.2023725
986,-157.06475_21.15857,2.2960801,194.7279968,192.4319167
987,-157.06483_21.18059,1.5706199,209.0200043,207.4493844
988,-157.06519_21.16514,2.3050301,201.1399994,198.83496929999998
989,-157.06544_21.15892,2.2577801,192.7220001,190.46422
990,-157.06586_21.17588,1.95433,217.9329987,215.97866870000001
991,-157.06633_21.18101,1.53536,200.4420013,198.9066413
992,-157.06646_21.16647,2.25629,200.0,197.74371
993,-157.06656_21.16647,2.2141099,200.0,197.7858901
994,-157.06701_21.15771,2.2035601,191.0,188.7964399
995,-157.06762_21.17599,1.89929,220.9029999,219.0037099
996,-157.06786_21.18123,1.5653,197.977005,196.41170499999998
997,-157.06861_21.15797,2.15938,186.973999,184.814619
998,-157.06868_21.17164,2.03158,190.0,187.96842
999,-157.06882_21.16369,2.11234,187.8000031,185.6876631
1000,-157.06922_21.16945,2.07394,196.0899963,194.0160563
1001,-157.06942_21.18156,1.39025,192.6119995,191.2217495
1002,-157.06987_21.15940,2.1168399,183.0160065,180.8991666
1003,-157.06998_21.17262,1.9841599,189.4519958,187.46783589999998
1004,-157.07005_21.14893,2.15446,164.9499969,162.7955369
1005,-157.07008_21.17262,1.9841599,189.4559937,187.47183379999998
1006,-157.07009_21.16708,2.0676999,191.003006,188.9353061
1007,-157.07016_21.17654,1.77229,196.6799927,194.90770270000002
1008,-157.07035_21.16475,2.05268,187.9909973,185.9383173
1009,-157.07045_21.17660,1.77229,192.753006,190.980716
1010,-157.07058_21.16381,2.0583,189.9799957,187.9216957
1011,-157.07074_21.17666,1.77229,189.8950043,188.1227143
1012,-157.07088_21.18190,1.4319,180.2319946,178.8000946
1013,-157.07098_21.18190,1.4319,179.2089996,177.77709959999999
1014,-157.07103_21.15953,2.08462,181.0070038,178.9223838
1015,-157.07104_21.17672,1.75314,188.0050049,186.2518649
1016,-157.07129_21.17273,1.90925,188.526001,186.61675100000002
1017,-157.07133_21.17679,1.75314,186.1719971,184.4188571
1018,-157.07134_21.16069,2.0687599,179.9929962,177.9242363
1019,-157.07140_21.15960,2.08462,181.1130066,179.0283866
1020,-157.07154_21.14981,2.1126101,163.9519958,161.83938569999998
1021,-157.07164_21.14981,2.1126101,164.003006,161.8903959
1022,-157.07178_21.15969,2.07026,181.2369995,179.1667395
1023,-157.07194_21.15851,2.0770199,181.1410065,179.0639866
1024,-157.07200_21.15066,2.1134,162.6710052,160.55760519999998
1025,-157.07216_21.15976,2.07026,180.1170044,178.04674440000002
1026,-157.07218_21.16387,2.0217299,189.8990021,187.8772722
1027,-157.07255_21.18223,1.28029,169.6940002,168.4137102
1028,-157.07261_21.16906,1.9542,186.5059967,184.5517967
1029,-157.07323_21.17329,1.83883,180.2810059,178.4421759
1030,-157.07360_21.15888,2.04792,178.9360046,176.88808459999998
1031,-157.07375_21.16420,1.97171,187.9589996,185.9872896
1032,-157.07433_21.15027,2.0682499,162.0050049,159.93675499999998
1033,-157.07443_21.15027,2.05404,162.003006,159.948966
1034,-157.07470_21.17363,1.78213,180.0010071,178.21887710000001
1035,-157.07478_21.17968,1.52211,164.1710052,162.6488952
1036,-157.07480_21.17363,1.78213,179.977005,178.194875
1037,-157.07494_21.17926,1.52211,162.8609924,161.3388824
1038,-157.07508_21.16508,1.94791,184.2109985,182.26308849999998
1039,-157.07508_21.17866,1.56225,161.2510071,159.6887571
1040,-157.07518_21.16508,1.93325,183.9559937,182.0227437
1041,-157.07527_21.15923,1.99909,172.0659943,170.0669043
1042,-157.07566_21.18292,1.18264,159.4880066,158.3053666
1043,-157.07583_21.16877,1.86217,180.0,178.13783
1044,-157.07593_21.15079,2.0262699,160.2050018,158.1787319
1045,-157.07593_21.16877,1.86217,180.0,178.13783
1046,-157.07627_21.17397,1.7483701,185.022995,183.27462490000002
1047,-157.07637_21.17397,1.7483701,185.0010071,183.25263700000002
1048,-157.07646_21.16490,1.91851,178.9819946,177.0634846
1049,-157.07721_21.18321,1.24269,156.9900055,155.74731549999998
1050,-157.07747_21.17752,1.59439,175.5220032,173.9276132
1051,-157.07793_21.17374,1.7164201,184.0149994,182.2985793
1052,-157.07803_21.17374,1.70111,184.0,182.29889
1053,-157.07827_21.15148,1.9848599,151.0119934,149.0271335
1054,-157.07867_21.15249,1.98464,150.0140076,148.0293676
1055,-157.07877_21.18354,1.10487,152.0,150.89513
1056,-157.07941_21.16132,1.89425,167.996994,166.102744
1057,-157.07948_21.17452,1.6530401,182.1309967,180.4779566
1058,-157.08003_21.16555,1.8361501,170.9790039,169.1428538
1059,-157.08008_21.15401,1.95506,149.0189972,147.0639372
1060,-157.08029_21.15301,1.94301,147.052002,145.108992
1061,-157.08066_21.16978,1.75968,177.9620056,176.2023256
1062,-157.08080_21.15855,1.90975,157.522995,155.613245
1063,-157.08086_21.15942,1.88995,159.5659943,157.6760443
1064,-157.08089_21.17490,1.60202,178.0700073,176.46798729999998
1065,-157.08099_21.17490,1.60202,177.5319977,175.9299777
1066,-157.08150_21.15589,1.92041,150.0,148.07959
1067,-157.08163_21.16030,1.86949,162.0,160.13051
1068,-157.08181_21.15376,1.9145499,146.9179993,145.0034494
1069,-157.08184_21.15496,1.91,150.0,148.09
1070,-157.08203_21.18424,1.05836,149.9989929,148.9406329
1071,-157.08236_21.17534,1.56911,172.0,170.43089
1072,-157.08246_21.17534,1.56911,172.0059967,170.4368867
1073,-157.08252_21.16217,1.83193,166.0,164.16807
1074,-157.08261_21.16087,1.84866,161.9669952,160.11833520000002
1075,-157.08272_21.15407,1.9011199,144.7380066,142.8368867
1076,-157.08308_21.16622,1.76721,173.0,171.23279
1077,-157.08318_21.16622,1.76721,173.0189972,171.2517872
1078,-157.08320_21.17928,1.43297,162.0,160.56703
1079,-157.08341_21.15778,1.8681099,161.9880066,160.1198967
1080,-157.08349_21.15446,1.8861099,145.9859924,144.09988249999998
1081,-157.08359_21.18458,1.13218,150.0,148.86782
1082,-157.08369_21.10696,0.494113,10.0,9.505887
1083,-157.08379_21.10696,0.494113,10.0,9.505887
1084,-157.08416_21.16128,1.81437,162.8529968,161.0386268
1085,-157.08469_21.16657,1.72807,173.9559937,172.2279237
1086,-157.08543_21.18104,1.34231,162.022995,160.680685
1087,-157.08573_21.18110,1.34231,163.022995,161.680685
1088,-157.08596_21.16793,1.67588,175.6900024,174.0141224
1089,-157.08603_21.18117,1.32552,164.026001,162.700481
1090,-157.08606_21.16793,1.67588,175.404007,173.728127
1091,-157.08633_21.18123,1.32552,163.2640076,161.9384876
1092,-157.08662_21.18131,1.28126,163.0,161.71874
1093,-157.08664_21.17198,1.55777,171.8139954,170.2562254
1094,-157.08716_21.17619,1.46646,172.0149994,170.54853939999998
1095,-157.08719_21.15855,1.7974499,161.0,159.2025501
1096,-157.08724_21.16317,1.74379,168.0,166.25621
1097,-157.08726_21.17619,1.4525501,171.7230072,170.27045710000002
1098,-157.08786_21.16719,1.66241,173.0,171.33759
1099,-157.08844_21.17135,1.56332,170.0119934,168.4486734
1100,-157.08854_21.18171,1.2459,162.0169983,160.7710983
1101,-157.08884_21.18177,1.23068,162.0,160.76932
1102,-157.08914_21.18184,1.23068,161.8869934,160.6563134
1103,-157.08933_21.16006,1.73914,163.0,161.26086
1104,-157.08944_21.18190,1.21529,161.0,159.78471
1105,-157.08974_21.18197,1.18483,159.9940033,158.8091733
1106,-157.08975_21.17270,1.48717,165.9790039,164.49183390000002
1107,-157.09087_21.16281,1.66712,165.0,163.33288
1108,-157.09097_21.16782,1.58551,170.0,168.41449
1109,-157.09102_21.17271,1.47812,164.0919952,162.61387520000002
1110,-157.09193_21.17720,1.32675,163.0,161.67325
1111,-157.09252_21.16821,1.5606,167.4060059,165.8454059
1112,-157.09301_21.16322,1.62986,163.0440063,161.4141463
1113,-157.09363_21.17756,1.29863,161.0,159.70137
1114,-157.09504_21.16464,1.58561,161.0,159.41439
1115,-157.09508_21.17833,1.24721,151.7590027,150.5117927
1116,-157.09546_21.14667,1.64928,112.0090027,110.35972269999999
1117,-157.09556_21.14667,1.64928,112.1220016,110.4727216
1118,-157.09565_21.15778,1.65197,139.0549927,137.4030227
1119,-157.09575_21.15778,1.65197,138.9920044,137.3400344
1120,-157.09613_21.17405,1.3703099,154.8970032,153.5266933
1121,-157.09653_21.16566,1.53906,160.0,158.46094
1122,-157.09674_21.15794,1.62883,139.0,137.37117
1123,-157.09675_21.17823,1.20592,144.6560059,143.4500859
1124,-157.09711_21.16406,1.56095,148.4660034,146.9050534
1125,-157.09722_21.16916,1.4596699,161.9779968,160.5183269
1126,-157.09732_21.16916,1.44836,162.0099945,160.5616345
1127,-157.09778_21.18070,1.0843101,131.5059967,130.4216866
1128,-157.09888_21.16950,1.42546,157.052002,155.626542
1129,-157.09895_21.17342,1.32171,142.9920044,141.67029440000002
1130,-157.09902_21.16447,1.51704,138.9689941,137.4519541
1131,-157.09919_21.17482,1.26036,145.0050049,143.7446449
1132,-157.09952_21.18213,0.983984,124.0709991,123.08701509999999
1133,-157.09953_21.17355,1.31028,140.9850006,139.6747206
1134,-157.09982_21.17361,1.31028,139.2680054,137.9577254
1135,-157.10011_21.17367,1.31028,137.3280029,136.0177229
1136,-157.10038_21.17677,1.19212,134.9790039,133.78688390000002
1137,-157.10051_21.18298,0.940626,121.1679993,120.22737330000001
1138,-157.10076_21.16599,1.47331,142.5429993,141.0696893
1139,-157.10089_21.16492,1.4751101,138.0,136.5248899
1140,-157.10105_21.16606,1.46314,141.9980011,140.5348611
1141,-157.10134_21.16612,1.46314,140.9620056,139.4988656
1142,-157.10163_21.16618,1.45289,139.9129944,138.4601044
1143,-157.10192_21.16624,1.4402,138.7799988,137.33979879999998
1144,-157.10404_21.14645,1.53008,109.0,107.46992
1145,-157.10407_21.16835,1.38449,149.0749969,147.6905069
1146,-157.10448_21.16571,1.4153301,130.029007,128.6136769
1147,-157.10458_21.16571,1.4153301,129.4880066,128.0726765
1148,-157.10515_21.17087,1.3037,153.0010071,151.69730710000002
1149,-157.10525_21.17087,1.3037,152.9960022,151.6923022
1150,-157.10535_21.17087,1.3037,153.029007,151.72530700000002
1151,-157.10656_21.15182,1.5145299,118.0,116.4854701
1152,-157.10681_21.17120,1.28739,151.9880066,150.70061660000002
1153,-157.10779_21.18060,0.940359,132.2969971,131.3566381
1154,-157.10837_21.17153,1.25416,150.2830048,149.02884479999997
1155,-157.10935_21.18094,0.928037,135.0,134.071963
1156,-157.10992_21.17187,1.24038,142.7929993,141.5526193
1157,-157.11081_21.18127,0.887864,130.0,129.112136
1158,-157.11091_21.18127,0.883162,130.0,129.116838
1159,-157.11129_21.17218,1.20915,137.2709961,136.0618461
1160,-157.11139_21.17218,1.20915,136.5149994,135.3058494
1161,-157.11149_21.17218,1.20915,135.5379944,134.3288444
1162,-157.11215_21.16589,1.34065,120.9690018,119.6283518
1163,-157.11225_21.16589,1.34065,121.0,119.65935
1164,-157.11328_21.17635,1.07099,130.0039978,128.9330078
1165,-157.11353_21.18030,0.925398,131.9519958,131.0265978
1166,-157.11397_21.17349,1.14932,123.3180008,122.16868079999999
1167,-157.11548_21.17975,0.941224,123.1220016,122.1807776
1168,-157.11558_21.16664,1.29986,118.0,116.70014
1169,-157.11619_21.15212,1.4515001,125.0049973,123.5534972
1170,-157.12755_21.14364,3.87939,134.9779968,131.0986068
1171,-157.13194_21.14422,5.1045499,143.9859924,138.8814425
1172,-157.20814_21.16662,3.1256499,158.0310059,154.90535599999998
1173,-157.20856_21.15703,3.2165401,203.4290009,200.2124608
1174,-157.21093_21.17253,2.9484501,141.2290039,138.2805538
1175,-157.21922_21.17738,2.5130301,139.4100037,136.8969736
1176,-157.22836_21.17295,2.1703899,108.3089981,106.1386082
1177,-157.22915_21.17232,2.15048,100.3069992,98.1565192
1178,-157.23121_21.17582,1.95044,106.7210007,104.7705607
1179,-157.23136_21.17679,1.91502,106.2570038,104.34198380000001
1180,-157.23181_21.17986,1.78553,89.4335022,87.64797220000001
1181,-157.23346_21.17572,1.8294801,73.6491013,71.8196212
1182,-157.23348_21.17754,1.77472,72.7755966,71.0008766
1183,-157.23469_21.18124,1.58148,80.998703,79.417223
1184,-157.23650_21.18016,1.5296,68.3852005,66.8556005
1185,-157.24170_21.18236,1.0936199,47.2761002,46.1824803
1186,-157.24228_21.18518,1.0204901,30.0,28.9795099
1187,-157.24245_21.18519,0.969342,30.0377998,29.068457799999997
1188,-157.24257_21.18534,0.969342,31.0014,30.032058
1189,-157.24270_21.18541,0.969342,31.0004997,30.031157699999998
1190,-157.24288_21.18546,0.969342,30.3920994,29.4227574
1191,-157.24301_21.18322,1.02403,30.6765003,29.6524703
1192,-157.24307_21.18549,0.915555,30.0228004,29.1072454
1193,-157.24314_21.18592,0.898174,30.4125996,29.5144256
1194,-157.24323_21.18671,0.881494,24.7297993,23.8483053
1195,-157.24331_21.18597,0.898174,29.4722996,28.5741256
1196,-157.24331_21.18661,0.881494,26.2105999,25.3291059
1197,-157.24339_21.18526,0.915555,26.9514999,26.0359449
1198,-157.24345_21.18658,0.881494,26.7658005,25.8843065
1199,-157.24353_21.18636,0.881494,27.9673996,27.0859056
1200,-157.24354_21.18602,0.898174,28.0074997,27.1093257
1201,-157.24357_21.18539,0.915555,26.9918003,26.0762453
1202,-157.24360_21.18615,0.898174,28.0091,27.110926
1203,-157.24373_21.18540,0.915555,25.9218998,25.006344799999997
1204,-157.24376_21.18721,0.808735,22.3309002,21.5221652
1205,-157.24389_21.18321,0.91581,22.9463997,22.0305897
1206,-157.24390_21.18736,0.808735,21.0240002,20.2152652
1207,-157.24393_21.18657,0.824753,25.5186996,24.6939466
1208,-157.24401_21.18582,0.841642,25.7665997,24.9249577
1209,-157.24402_21.18545,0.859358,25.0527,24.193342
1210,-157.24402_21.18668,0.824753,24.4801998,23.6554468
1211,-157.24406_21.18732,0.808735,21.4839001,20.6751651
1212,-157.24411_21.18683,0.824753,24.0041008,23.1793478
1213,-157.24415_21.18595,0.841642,25.7959003,24.9542583
1214,-157.24419_21.18728,0.808735,22.6114006,21.8026656
1215,-157.24428_21.18603,0.841642,24.0534992,23.2118572
1216,-157.24441_21.18725,0.808735,22.7513008,21.9425658
1217,-157.24457_21.18727,0.752019,22.5247002,21.7726812
1218,-157.24488_21.18542,0.803213,20.9836998,20.1804868
1219,-157.24497_21.19040,0.70002,19.9545994,19.2545794
1220,-157.24511_21.19016,0.70002,17.5578995,16.857879500000003
1221,-157.24513_21.18581,0.785216,20.9762001,20.1909841
1222,-157.24518_21.18612,0.728861,21.0025997,20.273738700000003
1223,-157.24527_21.18996,0.64472,12.5109997,11.8662797
1224,-157.24528_21.18555,0.728861,19.9899006,19.2610396
1225,-157.24540_21.18644,0.711554,19.3169994,18.6054454
1226,-157.24543_21.18312,0.805461,12.6850996,11.8796386
1227,-157.24543_21.18694,0.711554,18.9680996,18.2565456
1228,-157.24551_21.18667,0.711554,18.9845009,18.2729469
1229,-157.24556_21.18543,0.747121,17.8852005,17.1380795
1230,-157.24557_21.19001,0.64472,12.9442997,12.2995797
1231,-157.24563_21.18727,0.695457,18.2982006,17.6027436
1232,-157.24564_21.19118,0.635855,17.0307007,16.3948457
1233,-157.24568_21.18646,0.711554,17.3535004,16.641946400000002
1234,-157.24573_21.18863,0.667143,11.4013004,10.7341574
1235,-157.24574_21.18831,0.68056,14.3276997,13.6471397
1236,-157.24574_21.19052,0.64472,14.1211996,13.476479600000001
1237,-157.24583_21.18529,0.747121,14.4497995,13.7026785
1238,-157.24586_21.18897,0.667143,9.9999199,9.3327769
1239,-157.24587_21.18317,0.805461,10.0693998,9.2639388
1240,-157.24588_21.18741,0.695457,16.9708996,16.275442599999998
1241,-157.24604_21.18507,0.687629,11.7579002,11.0702712
1242,-157.24604_21.18990,0.593555,8.8743896,8.2808346
1243,-157.24606_21.18551,0.687629,12.6841002,11.9964712
1244,-157.24606_21.19119,0.578272,14.2454996,13.6672276
1245,-157.24608_21.18819,0.636328,13.9879999,13.3516719
1246,-157.24613_21.19028,0.593555,10.9713001,10.3777451
1247,-157.24618_21.18589,0.668544,12.6813002,12.0127562
1248,-157.24618_21.18743,0.636686,15.9998999,15.363213900000002
1249,-157.24620_21.18605,0.668544,12.6522999,11.983755899999998
1250,-157.24624_21.18894,0.639022,11.0148001,10.3757781
1251,-157.24633_21.18319,0.747985,7.1234698,6.3754848
1252,-157.24640_21.18651,0.65065,12.5886002,11.9379502
1253,-157.24640_21.18819,0.636328,12.9765997,12.340271699999999
1254,-157.24647_21.18889,0.639022,10.9905996,10.351577599999999
1255,-157.24656_21.18743,0.636686,13.9799004,13.3432144
1256,-157.24666_21.19105,0.513893,10.2116003,9.697707300000001
1257,-157.24668_21.18827,0.555579,11.8814001,11.3258211
1258,-157.24670_21.18678,0.58625,11.9692001,11.3829501
1259,-157.24672_21.19041,0.522766,11.0417995,10.519033499999999
1260,-157.24683_21.19016,0.522766,9.3647499,8.841983899999999
1261,-157.24700_21.18833,0.555579,11.0063,10.450721
1262,-157.24700_21.19098,0.513893,8.4053698,7.8914768
1263,-157.24704_21.19050,0.522766,9.4572496,8.9344836
1264,-157.24714_21.19077,0.513893,8.5168695,8.0029765
1265,-157.24720_21.18703,0.56941,11.0724001,10.5029901
1266,-157.24745_21.18729,0.503668,10.9457998,10.4421318
1267,-157.24761_21.18750,0.503668,10.9338999,10.4302319
1268,-157.25215_21.17288,0.657991,5.00244,4.344449
1269,-157.25225_21.17288,0.657991,4.98173,4.323739
1270,-157.25752_21.16708,0.588789,7.0,6.411211
1271,-157.25780_21.14791,1.44242,79.9898987,78.5474787
1272,-157.26175_21.16380,0.517864,4.9365001,4.4186361
1273,-157.26650_21.15993,0.511258,23.3658009,22.8545429
1274,-157.26660_21.15993,0.511258,22.2779007,21.7666427
1275,-157.26758_21.15938,0.478092,13.7874002,13.3093082
1276,-157.27062_21.15325,0.676683,37.0206985,36.344015500000005
1277,-157.27072_21.15325,0.676683,37.0010986,36.3244156
1278,-157.27220_21.15726,0.429702,15.9588003,15.5290983
1279,-157.28756_21.14135,0.277538,2.9804201,2.7028821
