,Uid,Elevation_m
0,-157.13194_21.14422,143.9859924
1,-157.25780_21.14791,79.9898987
2,-157.24613_21.19028,10.9713001
3,-157.20856_21.15703,203.4290009
4,-157.21922_21.17738,139.4100037
5,-157.21093_21.17253,141.2290039
6,-157.20814_21.16662,158.0310059
7,-157.24633_21.18319,7.1234698
8,-157.24587_21.18317,10.0693998
9,-157.24543_21.18312,12.6850996
10,-157.24389_21.18321,22.9463997
11,-157.24301_21.18322,30.6765003
12,-157.22836_21.17295,108.3089981
13,-157.22915_21.17232,100.3069992
14,-157.25752_21.16708,7.0
15,-157.25225_21.17288,4.98173
16,-157.23650_21.18016,68.3852005
17,-157.24170_21.18236,47.2761002
18,-157.23469_21.18124,80.998703
19,-157.23121_21.17582,106.7210007
20,-157.23136_21.17679,106.2570038
21,-157.23181_21.17986,89.4335022
22,-157.23348_21.17754,72.7755966
23,-157.23346_21.17572,73.6491013
24,-157.27220_21.15726,15.9588003
25,-157.27072_21.15325,37.0010986
26,-157.26758_21.15938,13.7874002
27,-157.26660_21.15993,22.2779007
28,-157.26175_21.16380,4.9365001
29,-156.98750_21.07828,20.0221004
30,-156.98726_21.07819,20.0125999
31,-156.98642_21.07789,19.9981995
32,-156.98697_21.07781,20.0
33,-156.98728_21.07744,20.0
34,-156.98824_21.07720,20.0
35,-156.98806_21.07713,20.0
36,-156.98814_21.07745,20.0
37,-156.98796_21.07792,19.9997005
38,-156.98781_21.07782,20.0
39,-157.00002_21.08562,50.1077003
40,-157.00017_21.08539,48.7914009
41,-157.00031_21.08518,45.6887016
42,-157.00043_21.08498,43.7293015
43,-157.00078_21.08444,38.2411003
44,-157.00089_21.08427,37.2886009
45,-156.99628_21.08483,53.1515007
46,-156.99612_21.08507,55.3278999
47,-156.99580_21.08554,60.1721001
48,-156.99588_21.08630,68.9237976
49,-156.98738_21.07707,20.0
50,-156.98773_21.07739,20.0
51,-156.98855_21.07734,20.0
52,-156.98868_21.07753,20.0
53,-156.98881_21.07786,20.0
54,-157.10458_21.16571,129.4880066
55,-157.09902_21.16447,138.9689941
56,-157.10404_21.14645,109.0
57,-157.07005_21.14893,164.9499969
58,-157.07164_21.14981,164.003006
59,-157.05835_21.17505,242.0
60,-157.05894_21.17629,243.8630066
61,-157.05935_21.17527,242.0010071
62,-157.05927_21.17575,243.654007
63,-156.98901_21.07795,19.9993992
64,-156.98876_21.07856,20.0900002
65,-156.98854_21.07856,20.0979004
66,-156.99727_21.08526,54.3704987
67,-156.99738_21.08476,48.9026985
68,-156.99775_21.08421,43.6414986
69,-156.99801_21.08400,42.6777992
70,-156.99819_21.08371,40.5998993
71,-157.08150_21.15589,150.0
72,-157.08349_21.15446,145.9859924
73,-157.11548_21.17975,123.1220016
74,-157.11353_21.18030,131.9519958
75,-157.08203_21.18424,149.9989929
76,-157.08359_21.18458,150.0
77,-157.08543_21.18104,162.022995
78,-157.06544_21.15892,192.7220001
79,-156.95489_21.06662,20.0
80,-156.95508_21.06664,20.0
81,-156.95531_21.06666,20.0
82,-156.95592_21.06668,20.0
83,-156.95629_21.06669,20.0
84,-156.95462_21.06733,20.0
85,-156.95265_21.06691,20.0
86,-156.95364_21.06646,20.0
87,-157.28756_21.14135,2.9804201
88,-157.07443_21.15027,162.003006
89,-157.06373_21.16454,200.0
90,-157.07261_21.16906,186.5059967
91,-157.07323_21.17329,180.2810059
92,-157.07480_21.17363,179.977005
93,-157.07637_21.17397,185.0010071
94,-157.07803_21.17374,184.0
95,-157.07948_21.17452,182.1309967
96,-157.08099_21.17490,177.5319977
97,-157.08246_21.17534,172.0059967
98,-157.06868_21.17164,190.0
99,-157.06922_21.16945,196.0899963
100,-157.07747_21.17752,175.5220032
101,-157.07009_21.16708,191.003006
102,-157.07035_21.16475,187.9909973
103,-157.07058_21.16381,189.9799957
104,-157.07134_21.16069,179.9929962
105,-157.07103_21.15953,181.0070038
106,-157.07140_21.15960,181.1130066
107,-157.07178_21.15969,181.2369995
108,-157.07216_21.15976,180.1170044
109,-157.07218_21.16387,189.8990021
110,-157.07375_21.16420,187.9589996
111,-157.07646_21.16490,178.9819946
112,-157.07593_21.16877,180.0
113,-157.07941_21.16132,167.996994
114,-157.08003_21.16555,170.9790039
115,-157.08252_21.16217,166.0
116,-157.08066_21.16978,177.9620056
117,-157.08318_21.16622,173.0189972
118,-156.86999_21.05081,11.9938002
119,-156.87096_21.05074,13.0240002
120,-157.00100_21.08410,36.2392998
121,-157.00110_21.08394,35.1240997
122,-157.00130_21.08364,33.1190987
123,-157.00150_21.08333,30.9876003
124,-157.00160_21.08317,30.9557991
125,-157.00170_21.08302,28.7933006
126,-157.00180_21.08287,26.7110004
127,-157.00210_21.08241,18.5084991
128,-157.00220_21.08225,15.0725002
129,-157.00227_21.08189,7.1079898
130,-157.00318_21.08174,8.0556097
131,-157.00341_21.08185,11.6948996
132,-157.00309_21.08224,16.0657005
133,-157.09556_21.14667,112.1220016
134,-157.12755_21.14364,134.9779968
135,-157.11619_21.15212,125.0049973
136,-157.09711_21.16406,148.4660034
137,-157.10089_21.16492,138.0
138,-157.07593_21.15079,160.2050018
139,-157.07827_21.15148,151.0119934
140,-157.06701_21.15771,191.0
141,-157.06861_21.15797,186.973999
142,-157.07200_21.15066,162.6710052
143,-157.07194_21.15851,181.1410065
144,-157.07360_21.15888,178.9360046
145,-157.07527_21.15923,172.0659943
146,-157.07867_21.15249,150.0140076
147,-157.08341_21.15778,161.9880066
148,-157.08080_21.15855,157.522995
149,-157.08163_21.16030,162.0
150,-157.08261_21.16087,161.9669952
151,-157.09087_21.16281,165.0
152,-157.09301_21.16322,163.0440063
153,-157.09674_21.15794,139.0
154,-157.08416_21.16128,162.8529968
155,-157.08933_21.16006,163.0
156,-157.09575_21.15778,138.9920044
157,-157.08719_21.15855,161.0
158,-157.08086_21.15942,159.5659943
159,-157.08181_21.15376,146.9179993
160,-157.08184_21.15496,150.0
161,-156.95257_21.06707,20.0
162,-156.95249_21.06722,20.0
163,-156.95242_21.06738,20.0
164,-156.95232_21.06753,20.0
165,-156.95223_21.06776,20.0
166,-156.95193_21.06780,20.0
167,-156.95166_21.06782,20.0
168,-156.95161_21.06765,20.0
169,-156.95186_21.06738,20.0
170,-156.95204_21.06722,20.0
171,-156.95180_21.06721,20.0
172,-156.95155_21.06727,20.0
173,-156.95156_21.06707,20.0
174,-156.95165_21.06681,20.0
175,-156.95186_21.06677,20.0
176,-156.95207_21.06684,20.0
177,-156.95225_21.06609,20.0
178,-156.95207_21.06601,20.0
179,-156.95362_21.06737,20.0
180,-156.94586_21.07134,65.8893967
181,-156.93975_21.07173,93.8488998
182,-156.76197_21.09679,13.4727001
183,-156.76287_21.09747,14.4580002
184,-156.76363_21.09848,17.2080994
185,-157.00741_21.16127,447.2820129
186,-157.00769_21.16119,446.6440125
187,-157.05891_21.17517,242.0740051
188,-157.06179_21.17893,242.8040009
189,-157.06326_21.18022,230.9779968
190,-157.06483_21.18059,209.0200043
191,-157.05941_21.17631,248.0630035
192,-157.05985_21.17731,249.9989929
193,-157.06076_21.17765,251.0249939
194,-157.06090_21.17688,247.8289948
195,-157.06107_21.17648,243.427002
196,-157.06031_21.17636,245.0019989
197,-157.05991_21.17547,242.0140076
198,-157.00697_21.16215,443.6409912
199,-157.00687_21.16186,446.4559937
200,-157.00669_21.16195,447.5799866
201,-157.00653_21.16204,449.0780029
202,-157.00676_21.16228,445.5280151
203,-157.00675_21.16256,442.1409912
204,-157.00607_21.16231,451.1059875
205,-157.00554_21.16218,457.9079895
206,-157.00556_21.16198,459.1149902
207,-157.00579_21.16191,457.1260071
208,-157.00597_21.16181,455.3039856
209,-156.97902_21.07264,20.0
210,-156.97856_21.07244,20.0
211,-156.97779_21.07208,20.0
212,-156.97743_21.07189,20.0
213,-156.98923_21.07688,19.0685997
214,-156.98888_21.07686,20.0
215,-157.06210_21.16463,200.2879944
216,-157.06519_21.16514,201.1399994
217,-157.06656_21.16647,200.0
218,-157.06882_21.16369,187.8000031
219,-157.04613_21.16245,257.3479919
220,-157.06121_21.17479,229.2929993
221,-157.06346_21.17201,219.5839996
222,-157.06472_21.17397,211.3150024
223,-157.06586_21.17588,217.9329987
224,-157.04328_21.16448,279.5
225,-157.00406_21.16160,489.0899963
226,-157.00311_21.16169,485.1149902
227,-157.00333_21.16198,482.947998
228,-157.00368_21.16239,479.8640137
229,-157.00388_21.16229,478.8009949
230,-157.00425_21.16210,478.5469971
231,-157.00443_21.16201,477.2330017
232,-157.00631_21.16162,453.1950073
233,-157.00647_21.16153,451.1900024
234,-157.00520_21.16214,460.7059937
235,-157.00529_21.16230,460.3269958
236,-157.00547_21.16261,455.6560059
237,-157.00556_21.16277,454.6679993
238,-156.99814_21.08295,29.6380005
239,-157.00460_21.16186,474.401001
240,-157.00488_21.16254,461.321991
241,-157.00408_21.16278,470.8590088
242,-157.00419_21.16303,467.1749878
243,-157.00376_21.16340,471.8399963
244,-157.00434_21.16375,467.0140076
245,-157.00416_21.16344,469.071991
246,-157.00483_21.16353,459.2009888
247,-157.00476_21.16333,459.0859985
248,-157.00469_21.16316,459.118988
249,-157.00555_21.16355,453.6719971
250,-157.00567_21.16376,451.9150085
251,-157.00578_21.16396,451.9320068
252,-157.00556_21.16401,454.9410095
253,-157.00538_21.16370,455.4639893
254,-157.00522_21.16378,456.6090088
255,-157.00540_21.16409,456.2420044
256,-157.00491_21.16393,460.3519897
257,-157.00509_21.16424,459.6369934
258,-157.00481_21.16418,462.1919861
259,-157.00414_21.16427,468.0740051
260,-157.00435_21.16454,464.3330078
261,-157.00459_21.16481,461.4249878
262,-157.00489_21.16479,459.506012
263,-157.00547_21.16464,453.8479919
264,-157.00592_21.16462,451.54599
265,-157.00575_21.16438,453.2139893
266,-157.00603_21.16426,452.321991
267,-157.00616_21.16454,451.0020142
268,-157.00505_21.16292,457.3529968
269,-157.05414_21.17199,252.7149963
270,-157.06280_21.16713,207.0
271,-157.06308_21.16722,206.7969971
272,-157.06338_21.16727,206.0
273,-157.06367_21.16735,206.0090027
274,-157.05438_21.17224,252.2420044
275,-157.05462_21.17249,252.0169983
276,-157.05489_21.17273,251.0279999
277,-157.05513_21.17299,250.0590057
278,-157.03023_21.09296,10.0
279,-157.03305_21.09458,7.99997
280,-157.03387_21.09496,7.9991102
281,-157.07721_21.18321,156.9900055
282,-157.07877_21.18354,152.0
283,-157.07478_21.17968,164.1710052
284,-157.06762_21.17599,220.9029999
285,-157.07008_21.17262,189.4559937
286,-157.07129_21.17273,188.526001
287,-157.07016_21.17654,196.6799927
288,-157.07045_21.17660,192.753006
289,-157.07074_21.17666,189.8950043
290,-157.07104_21.17672,188.0050049
291,-157.07133_21.17679,186.1719971
292,-157.08469_21.16657,173.9559937
293,-157.08606_21.16793,175.404007
294,-157.08786_21.16719,173.0
295,-157.08844_21.17135,170.0119934
296,-157.09097_21.16782,170.0
297,-157.09252_21.16821,167.4060059
298,-157.09504_21.16464,161.0
299,-157.07518_21.16508,183.9559937
300,-157.03453_21.09521,8.0076704
301,-157.02861_21.09604,8.3713703
302,-157.03177_21.09674,6.0
303,-157.03387_21.09658,6.0
304,-157.04190_21.09985,6.9946198
305,-157.04395_21.10145,8.0
306,-157.04702_21.10328,7.0
307,-157.04836_21.10315,7.0
308,-157.04870_21.10500,7.0
309,-157.04969_21.10587,6.9999399
310,-157.04145_21.10320,7.0
311,-157.04297_21.10333,7.0
312,-157.04397_21.10364,7.0
313,-157.04511_21.10404,7.0
314,-157.04587_21.10469,7.0
315,-157.04715_21.10509,7.0
316,-156.99801_21.08314,30.8857994
317,-156.99752_21.08390,40.2524986
318,-156.99739_21.08409,41.6114998
319,-156.99713_21.08446,45.8415985
320,-156.99701_21.08465,48.8824005
321,-156.99687_21.08485,51.9328003
322,-156.99658_21.08527,57.1837997
323,-156.99621_21.08582,62.9995995
324,-156.99862_21.08139,14.8227997
325,-156.99822_21.08195,19.1488991
326,-156.99810_21.08214,20.0965996
327,-156.99797_21.08233,20.2124996
328,-156.99784_21.08252,22.3306999
329,-156.99772_21.08271,25.4493008
330,-156.99747_21.08308,30.4251003
331,-156.99735_21.08327,32.4508018
332,-156.99704_21.08340,33.5579987
333,-156.99692_21.08357,35.6267014
334,-156.99669_21.08381,38.6833
335,-156.99684_21.08402,39.6959991
336,-156.99671_21.08420,42.8442993
337,-156.99658_21.08439,44.8251991
338,-156.98834_21.07849,20.0527
339,-156.98783_21.07813,20.0020008
340,-156.98773_21.07839,20.0319004
341,-156.98755_21.07805,20.0000992
342,-156.98738_21.07798,20.0000992
343,-156.98685_21.07802,19.9999008
344,-156.98655_21.07763,20.0
345,-156.98645_21.07850,20.1191998
346,-156.98667_21.07856,20.1706009
347,-156.98688_21.07864,20.2716007
348,-156.98735_21.07867,20.2527008
349,-157.00588_21.16273,450.8529968
350,-157.00612_21.16270,448.8299866
351,-157.00625_21.16290,444.9920044
352,-157.06633_21.18101,200.4420013
353,-157.06786_21.18123,197.977005
354,-157.06942_21.18156,192.6119995
355,-157.07098_21.18190,179.2089996
356,-157.07255_21.18223,169.6940002
357,-157.07566_21.18292,159.4880066
358,-156.85161_21.05797,5.0
359,-156.87697_21.04899,12.8157997
360,-156.87755_21.04803,8.0
361,-156.87726_21.04898,10.6302996
362,-156.76117_21.09520,13.3158998
363,-156.76187_21.09609,9.8688297
364,-156.76199_21.09639,12.4881001
365,-156.98789_21.07911,23.7756004
366,-156.98706_21.07882,20.9930992
367,-157.00248_21.08288,26.1338005
368,-157.00237_21.08303,27.7842007
369,-157.00226_21.08318,29.8141003
370,-157.00215_21.08333,30.9176006
371,-157.00204_21.08347,31.9782009
372,-157.00193_21.08362,33.0032005
373,-157.00161_21.08407,34.1021004
374,-157.00138_21.08437,36.9188004
375,-157.00115_21.08468,38.2476997
376,-157.00103_21.08485,39.8289986
377,-157.00090_21.08503,42.2383003
378,-157.00076_21.08522,43.9710999
379,-157.00061_21.08541,46.700901
380,-157.00046_21.08562,48.6248016
381,-157.00030_21.08585,51.8395004
382,-157.00013_21.08608,53.7961998
383,-156.95339_21.06640,20.0
384,-156.95436_21.06659,20.0
385,-156.95454_21.06661,20.0
386,-156.95471_21.06662,20.0
387,-156.79584_21.07375,13.0
388,-157.09732_21.16916,162.0099945
389,-157.09888_21.16950,157.052002
390,-157.08724_21.16317,168.0
391,-157.08664_21.17198,171.8139954
392,-157.08726_21.17619,171.7230072
393,-156.76241_21.09543,14.4202003
394,-156.77030_21.09000,9.0
395,-156.77278_21.08783,15.0002003
396,-156.77363_21.08723,14.1830997
397,-156.77535_21.08943,10.0
398,-156.77466_21.08658,12.0057001
399,-156.79158_21.07644,8.9978905
400,-156.79130_21.07665,9.5742598
401,-156.78955_21.07762,9.1970901
402,-156.78581_21.08057,10.6610003
403,-156.79344_21.07649,32.4002991
404,-157.00011_21.16149,482.2609863
405,-157.00730_21.16189,443.2009888
406,-157.00744_21.16210,440.9349976
407,-157.00755_21.16234,439.6260071
408,-157.00739_21.16247,440.1119995
409,-157.00715_21.16255,440.5539856
410,-157.08975_21.17270,165.9790039
411,-157.09102_21.17271,164.0919952
412,-157.09193_21.17720,163.0
413,-157.09363_21.17756,161.0
414,-157.09675_21.17823,144.6560059
415,-157.09919_21.17482,145.0050049
416,-157.09778_21.18070,131.5059967
417,-157.10038_21.17677,134.9790039
418,-157.10051_21.18298,121.1679993
419,-157.10779_21.18060,132.2969971
420,-157.10935_21.18094,135.0
421,-157.11091_21.18127,130.0
422,-157.10076_21.16599,142.5429993
423,-157.10105_21.16606,141.9980011
424,-157.10134_21.16612,140.9620056
425,-157.10163_21.16618,139.9129944
426,-157.10192_21.16624,138.7799988
427,-157.10011_21.17367,137.3280029
428,-157.09982_21.17361,139.2680054
429,-157.09953_21.17355,140.9850006
430,-157.09895_21.17342,142.9920044
431,-157.10407_21.16835,149.0749969
432,-157.10525_21.17087,152.9960022
433,-157.10681_21.17120,151.9880066
434,-157.10837_21.17153,150.2830048
435,-157.10992_21.17187,142.7929993
436,-157.11139_21.17218,136.5149994
437,-157.11328_21.17635,130.0039978
438,-157.11397_21.17349,123.3180008
439,-156.97155_21.07065,20.0
440,-156.96346_21.06887,20.0
441,-156.96478_21.06915,20.0
442,-156.96024_21.06768,20.0
443,-156.75801_21.10079,62.9152985
444,-156.75281_21.10168,9.4090405
445,-156.75338_21.10124,6.9917102
446,-157.00697_21.16247,442.1359863
447,-156.98841_21.07668,19.8843002
448,-156.98821_21.07658,19.9545994
449,-156.98719_21.07612,19.0977001
450,-156.98801_21.07649,19.9155998
451,-156.97832_21.07236,20.0
452,-156.97811_21.07225,20.0
453,-156.98953_21.07709,18.9864998
454,-156.98861_21.07676,19.6674004
455,-156.98921_21.07709,20.0
456,-156.98747_21.07630,19.9613991
457,-156.98760_21.07619,14.8801003
458,-156.98250_21.07395,20.0
459,-156.98223_21.07383,20.0
460,-156.98197_21.07368,20.0
461,-156.98025_21.07313,20.0
462,-156.97987_21.07299,20.0
463,-157.01101_21.08273,7.0033698
464,-157.01126_21.08286,6.6692801
465,-157.01151_21.08300,6.3701301
466,-157.01206_21.08326,4.9775901
467,-157.01233_21.08334,5.0
468,-157.01263_21.08345,5.0
469,-157.01290_21.08353,5.0
470,-157.01242_21.08416,6.09126
471,-157.01203_21.08385,7.0014701
472,-157.01178_21.08374,6.8403101
473,-157.01152_21.08362,6.8013101
474,-157.01126_21.08350,6.1629701
475,-157.01074_21.08326,6.9942002
476,-157.01049_21.08375,6.0
477,-157.01075_21.08388,6.05124
478,-157.01101_21.08400,6.0
479,-157.01126_21.08412,6.0
480,-157.01152_21.08424,6.85286
481,-157.01177_21.08436,6.8299499
482,-157.01230_21.08440,7.0
483,-157.01216_21.08467,7.0184798
484,-157.00911_21.08191,7.9015698
485,-157.00945_21.08203,7.91856
486,-157.00970_21.08213,7.96876
487,-157.00996_21.08225,7.35286
488,-157.01021_21.08236,6.9869199
489,-157.01049_21.08251,7.0
490,-157.01075_21.08262,7.0
491,-157.01048_21.08314,7.0
492,-157.01022_21.08302,7.0011301
493,-157.00996_21.08290,7.0
494,-157.00970_21.08278,6.9753299
495,-157.00945_21.08266,8.0
496,-157.00919_21.08255,8.0
497,-157.00883_21.08237,7.9898801
498,-157.00856_21.08282,7.0799699
499,-157.00895_21.08300,7.0
500,-157.00921_21.08313,7.0001101
501,-157.00946_21.08325,6.0
502,-157.00971_21.08337,6.0
503,-157.00997_21.08350,6.0
504,-157.01022_21.08362,6.0
505,-156.99849_21.08352,39.4541016
506,-156.99829_21.08336,37.0013008
507,-156.99868_21.08323,34.3214989
508,-156.99886_21.08296,31.2523994
509,-156.79552_21.07381,13.0
510,-156.79419_21.07601,42.6856003
511,-156.79606_21.07158,20.0088997
512,-156.80277_21.07127,12.8413
513,-156.79589_21.07464,21.5268993
514,-156.79631_21.07147,19.0
515,-156.80188_21.07240,13.0
516,-156.79894_21.07317,13.0
517,-156.79790_21.07365,13.0
518,-156.79687_21.07364,13.0
519,-156.80129_21.07051,16.0013008
520,-156.80416_21.06856,16.0
521,-156.81570_21.06772,15.2025003
522,-156.81191_21.06909,13.8427
523,-156.80615_21.07114,12.0
524,-157.08974_21.18197,159.9940033
525,-157.08573_21.18110,163.022995
526,-157.08944_21.18190,161.0
527,-157.08603_21.18117,164.026001
528,-157.08633_21.18123,163.2640076
529,-157.08662_21.18131,163.0
530,-156.81677_21.06774,14.0832005
531,-156.81913_21.06789,12.0
532,-156.82418_21.06447,8.41646
533,-157.08914_21.18184,161.8869934
534,-157.08884_21.18177,162.0
535,-157.08854_21.18171,162.0169983
536,-157.05218_21.16225,233.9960022
537,-157.05414_21.16241,231.0
538,-157.05584_21.16296,219.2870026
539,-157.05893_21.16416,211.6069946
540,-157.06051_21.16435,208.996994
541,-157.04439_21.16764,285.526001
542,-157.04822_21.16631,259.427002
543,-157.04833_21.16978,265.2219849
544,-157.04908_21.17296,272.0109863
545,-157.05332_21.17131,253.2140045
546,-157.05252_21.17614,261.2690125
547,-157.05238_21.17824,240.253006
548,-157.05504_21.17902,251.9069977
549,-157.05141_21.16901,245.4160004
550,-157.04883_21.17107,252.7980042
551,-157.05693_21.16391,218.5870056
552,-157.06987_21.15940,183.0160065
553,-157.06251_21.16710,206.9759979
554,-156.95460_21.07414,105.7710037
555,-156.95216_21.07581,128.2510071
556,-156.97114_21.07420,39.4963989
557,-156.97017_21.07985,120.651001
558,-157.04770_21.10623,7.0
559,-157.02962_21.09637,6.0
560,-157.04635_21.10278,7.0
561,-157.04608_21.10267,7.0
562,-157.04583_21.10256,7.0
563,-157.04557_21.10244,7.4832702
564,-157.04597_21.10339,7.0
565,-157.04570_21.10329,7.0
566,-157.04545_21.10318,7.0
567,-157.04518_21.10306,7.0
568,-157.04488_21.10293,7.0
569,-157.04464_21.10283,7.0
570,-157.04413_21.10261,7.9910798
571,-157.04383_21.10248,7.4531898
572,-157.04358_21.10238,7.51998
573,-157.04332_21.10227,7.0464501
574,-157.04308_21.10216,7.0
575,-157.03017_21.09661,6.0
576,-157.02930_21.09873,31.0172997
577,-157.04001_21.10254,8.7907
578,-157.04677_21.10579,7.0
579,-157.04750_21.10254,7.0
580,-157.04660_21.10606,7.0
581,-157.04645_21.10637,8.3345098
582,-157.04719_21.10118,7.0
583,-157.04016_21.09616,8.6116896
584,-157.03982_21.09696,6.1596498
585,-157.04010_21.09697,6.7653198
586,-157.04035_21.09707,6.3682199
587,-157.04063_21.09715,7.0
588,-157.04093_21.09725,6.97928
589,-157.04188_21.09765,6.9830799
590,-157.04052_21.09612,7.7148399
591,-157.03809_21.09753,5.0
592,-157.03582_21.10003,16.8045006
593,-157.03526_21.09955,15.6589003
594,-157.00020_21.08451,40.855999
595,-156.99968_21.08148,12.8994999
596,-156.99986_21.08156,13.6995001
597,-157.00027_21.08333,31.5359993
598,-156.99951_21.08204,20.9860992
599,-157.00076_21.08209,17.5209007
600,-156.99868_21.08279,30.2504997
601,-156.99990_21.08364,34.9846992
602,-156.99902_21.08221,21.8404999
603,-156.99990_21.08390,38.7366982
604,-156.99847_21.08307,33.3605995
605,-157.00151_21.08258,23.6991005
606,-157.00160_21.08241,21.6166992
607,-157.00140_21.08227,19.8395996
608,-157.00167_21.08206,15.5309
609,-157.00152_21.08197,14.9159002
610,-157.00115_21.08197,16.3784008
611,-157.05291_21.11069,22.5837002
612,-157.05337_21.13140,136.3739929
613,-157.05361_21.12899,121.5739975
614,-157.01722_21.15426,406.1629944
615,-157.01594_21.15427,412.5870056
616,-157.01490_21.15391,409.1740112
617,-157.01373_21.15409,416.5929871
618,-157.03017_21.17766,355.8389893
619,-157.01318_21.14995,358.0620117
620,-157.05153_21.10787,7.0
621,-157.08379_21.10696,10.0
622,-156.94407_21.06611,13.0649996
623,-156.95134_21.06563,20.0
624,-156.95038_21.06695,20.0
625,-156.94530_21.06399,13.1267996
626,-156.99674_21.07877,11.0538998
627,-157.03532_21.10127,21.9990997
628,-157.03601_21.09966,14.0655003
629,-157.01803_21.16028,410.7210083
630,-157.01516_21.15509,427.4859924
631,-157.01420_21.15524,429.7919922
632,-157.01370_21.15546,432.0429993
633,-157.01332_21.15578,437.2319946
634,-157.02095_21.16035,376.3919983
635,-157.01953_21.16052,394.0109863
636,-157.01181_21.16460,405.7929993
637,-157.05674_21.16611,220.0
638,-157.00672_21.16418,447.0750122
639,-157.00980_21.15840,426.9819946
640,-157.05498_21.16531,223.8809967
641,-157.05597_21.16574,220.0
642,-157.05613_21.16715,222.0070038
643,-157.05181_21.16436,238.0070038
644,-157.05167_21.16492,238.5299988
645,-157.05153_21.16549,238.3410034
646,-157.05146_21.16577,238.9819946
647,-157.05123_21.16661,240.1799927
648,-157.05105_21.16696,241.0540009
649,-157.05113_21.16732,239.3939972
650,-156.96368_21.06961,20.0
651,-156.99968_21.08112,11.0600004
652,-156.99468_21.07822,16.7740993
653,-156.99405_21.07814,17.8355007
654,-157.05592_21.16802,219.9960022
655,-157.05570_21.16889,230.5410004
656,-157.05542_21.16998,239.6999969
657,-157.05568_21.17138,245.0119934
658,-157.05483_21.17087,245.8760071
659,-157.05309_21.16934,229.1569977
660,-157.05360_21.16853,231.9559937
661,-157.05397_21.16705,231.0039978
662,-157.05416_21.16629,228.3809967
663,-157.05784_21.16642,220.0579987
664,-157.05865_21.16660,218.0050049
665,-157.05943_21.16680,215.9750061
666,-157.06032_21.16647,213.0359955
667,-157.05942_21.16846,210.2189941
668,-157.05914_21.16957,219.0
669,-157.05879_21.17096,230.8439941
670,-157.05852_21.17208,221.7720032
671,-157.05856_21.17350,229.3049927
672,-157.05781_21.17332,235.8939972
673,-157.05716_21.17278,239.8370056
674,-157.05642_21.17236,242.5070038
675,-157.05710_21.17112,239.9550018
676,-157.05761_21.16909,219.9629974
677,-157.05787_21.16805,218.5059967
678,-157.06102_21.16725,210.0079956
679,-157.06179_21.16743,209.0010071
680,-157.06107_21.16868,212.0
681,-157.06020_21.17020,213.4530029
682,-157.06047_21.17111,213.1580048
683,-157.06021_21.17219,220.5390015
684,-157.06020_21.17387,231.8130035
685,-157.05941_21.17370,233.0010071
686,-157.05893_21.17041,227.0249939
687,-157.05865_21.17153,230.0679932
688,-157.05178_21.16832,243.5820007
689,-157.06094_21.16922,210.2599945
690,-157.06006_21.16748,213.753006
691,-157.05726_21.16548,222.0
692,-157.05711_21.16607,220.0
693,-157.05696_21.17007,234.9720001
694,-157.00466_21.16135,481.7529907
695,-157.00495_21.16122,476.7120056
696,-157.00549_21.16100,468.9379883
697,-157.00921_21.16030,440.5639954
698,-157.00850_21.16071,443.980011
699,-157.00737_21.16095,448.9289856
700,-157.00787_21.16023,443.0840149
701,-157.00732_21.16045,447.3479919
702,-157.00521_21.16160,467.1359863
703,-157.00672_21.16086,452.4790039
704,-157.00763_21.16033,445.0499878
705,-157.00662_21.16062,452.4729919
706,-157.04886_21.16546,254.3240051
707,-157.04944_21.16545,252.5350037
708,-157.05002_21.16673,247.0059967
709,-157.04994_21.16620,247.9179993
710,-157.04985_21.16603,248.529007
711,-157.05041_21.16600,245.8439941
712,-157.05066_21.16597,243.8930054
713,-157.00708_21.08155,9.8519897
714,-157.05083_21.16626,242.871994
715,-157.05051_21.16631,244.6790009
716,-157.05055_21.16658,244.0359955
717,-157.05070_21.16699,242.7720032
718,-157.05049_21.16691,243.6869965
719,-157.05096_21.16554,241.1719971
720,-157.05310_21.16421,232.7539978
721,-157.05294_21.16487,230.0370026
722,-157.05286_21.16519,230.8600006
723,-157.05277_21.16551,231.7980042
724,-157.05253_21.16648,233.6470032
725,-157.05244_21.16681,234.0050049
726,-157.05233_21.16722,235.5399933
727,-157.05211_21.16806,239.6150055
728,-157.05260_21.16408,233.927002
729,-157.05251_21.16443,233.4940033
730,-157.05243_21.16475,233.0410004
731,-157.05234_21.16507,233.7890015
732,-157.05226_21.16540,234.6609955
733,-157.05218_21.16572,235.6719971
734,-157.05210_21.16604,236.003006
735,-157.05201_21.16637,236.4570007
736,-157.05193_21.16669,237.4459991
737,-157.05191_21.16708,236.9779968
738,-157.05165_21.16730,238.2449951
739,-156.75043_21.13161,283.4859924
740,-156.74406_21.14693,282.769989
741,-156.95895_21.06726,20.0
742,-156.95723_21.06685,20.0
743,-156.95702_21.06678,20.0
744,-156.98756_21.07875,20.3724003
745,-156.98771_21.07889,21.9549007
746,-156.98794_21.07889,21.9927998
747,-156.98846_21.07757,20.0
748,-156.98828_21.07804,19.9997997
749,-156.99793_21.08438,46.7252998
750,-156.99855_21.08422,44.6677017
751,-156.99853_21.08458,47.7186012
752,-156.99834_21.08485,50.803299
753,-156.99826_21.08511,52.4668999
754,-156.99801_21.08552,54.9805984
755,-156.99785_21.08578,58.1040001
756,-156.99775_21.08614,62.2729988
757,-156.99907_21.08500,49.7942009
758,-156.99951_21.08459,45.5507011
759,-157.00003_21.08480,44.5784988
760,-156.99969_21.08538,51.0037003
761,-156.99951_21.08567,52.9852982
762,-156.99934_21.08596,54.9898987
763,-156.99851_21.08685,64.9829025
764,-156.99782_21.08665,66.5269012
765,-156.99748_21.08656,69.4355011
766,-156.99721_21.08635,67.8585968
767,-156.99709_21.08656,69.7970963
768,-156.99679_21.08649,67.8722
769,-156.99758_21.08496,49.9258003
770,-156.99818_21.08530,53.4408989
771,-156.99871_21.08399,42.8911018
772,-156.99780_21.08596,60.1433983
773,-156.99825_21.08559,55.4404984
774,-156.99853_21.08568,55.0098991
775,-156.99776_21.08467,48.9238014
776,-157.00132_21.08101,6.4373899
777,-157.00118_21.08098,6.4265599
778,-157.00106_21.08086,6.5560398
779,-157.00021_21.08062,7.32585
780,-157.00220_21.08164,6.5012498
781,-157.00170_21.08168,9.2067404
782,-157.00141_21.08157,9.5715504
783,-157.00127_21.08158,9.6916399
784,-157.00098_21.08151,7.5508299
785,-157.00083_21.08148,6.5195599
786,-157.00069_21.08144,6.4870901
787,-157.00044_21.08139,8.9961996
788,-157.00003_21.08123,10.7058001
789,-156.96307_21.06845,20.0
790,-156.96425_21.06893,20.0
791,-156.96581_21.06936,20.0
792,-156.96632_21.06943,20.0
793,-156.96717_21.06980,20.0
794,-156.96738_21.06987,20.0
795,-156.96759_21.06996,20.0
796,-156.96784_21.07005,20.0
797,-156.96974_21.07047,20.0
798,-156.96997_21.07051,20.0
799,-156.97043_21.07056,20.0
800,-156.97063_21.07059,20.0
801,-156.97106_21.07062,20.0
802,-156.99962_21.08011,8.9243603
803,-156.99918_21.08005,8.9368601
804,-156.99904_21.08021,9.1240597
805,-156.99843_21.07981,9.7438898
806,-156.99795_21.08050,11.4823999
807,-156.99626_21.07979,14.2138996
808,-156.99587_21.07932,15.1168003
809,-156.99552_21.07919,15.9898005
810,-156.99528_21.07909,16.1928005
811,-156.99522_21.07951,17.0750008
812,-156.99500_21.07997,17.4032993
813,-156.99579_21.07974,15.2834997
814,-156.99846_21.08058,10.2054996
815,-156.98174_21.07726,34.7164001
816,-156.95647_21.08495,254.9170074
817,-156.99340_21.07803,17.9104004
818,-156.99247_21.07777,19.0
819,-156.99183_21.07759,19.0
820,-156.99148_21.07758,19.0
821,-156.99107_21.07754,19.0
822,-156.99062_21.07743,18.9979992
823,-156.99016_21.07729,19.0
824,-156.98979_21.07717,19.0
825,-156.98628_21.07653,20.0
826,-156.98576_21.07630,20.0
827,-156.98524_21.07607,20.0
828,-156.98472_21.07584,20.0
829,-156.98119_21.07335,20.0
830,-156.98059_21.07324,20.0
831,-156.99920_21.08236,24.0368004
832,-156.99926_21.08201,19.9419994
833,-156.99949_21.08143,13.5727997
834,-157.00035_21.08178,11.9757996
835,-156.99976_21.08268,22.4748993
836,-156.99958_21.08296,27.9314003
837,-156.99900_21.08353,37.4471016
838,-156.99930_21.08371,37.4303017
839,-156.99956_21.08387,38.3953018
840,-156.99974_21.08414,40.5180016
841,-156.99999_21.08350,31.8505001
842,-157.00000_21.08321,28.7460995
843,-157.00029_21.08299,28.8518009
844,-157.00047_21.08270,24.1751995
845,-157.00096_21.08225,21.4426994
846,-157.00090_21.08184,11.9130001
847,-157.00128_21.08248,23.7600002
848,-157.00125_21.08277,27.8980007
849,-157.00108_21.08306,30.9925003
850,-157.00064_21.08378,35.0007019
851,-156.78131_21.08396,11.5404997
852,-156.78033_21.08577,13.0170002
853,-156.77076_21.08973,9.0
854,-156.77526_21.08830,12.7180996
855,-156.77555_21.08872,14.0014
856,-156.77115_21.08855,13.9667997
857,-156.77363_21.08627,17.0149002
858,-156.77925_21.08441,13.0398998
859,-156.82654_21.06278,13.0094004
860,-156.82679_21.06266,12.9303999
861,-156.82732_21.06204,9.9686899
862,-156.82823_21.06556,34.6811981
863,-156.82436_21.06436,7.0293598
864,-156.82459_21.06417,7.1145701
865,-156.82483_21.06419,8.0641403
866,-156.82497_21.06443,9.9311895
867,-156.82506_21.06466,11.9183998
868,-156.82476_21.06462,9.8997602
869,-156.82484_21.06481,10.0980997
870,-156.82466_21.06493,10.2004004
871,-156.82449_21.06477,8.0219698
872,-156.82442_21.06509,8.7695904
873,-156.82431_21.06489,8.4266701
874,-156.82423_21.06521,8.0814695
875,-156.82407_21.06505,8.0344
876,-156.82399_21.06539,8.5302496
877,-156.82392_21.06519,8.0309601
878,-156.82378_21.06552,7.8903699
879,-156.96624_21.07800,127.7080002
880,-156.82364_21.06531,7.7480998
881,-157.03540_21.09861,10.0021
882,-157.03562_21.10168,22.8595009
883,-156.99877_21.08200,19.0412998
884,-156.99864_21.08220,20.1170006
885,-156.99839_21.08257,26.2714996
886,-156.98870_21.07881,20.3873997
887,-156.93544_21.06899,86.2129974
888,-156.94107_21.06730,17.2805996
889,-156.94365_21.06874,31.4724007
890,-156.95900_21.06897,20.0
891,-156.96197_21.07107,20.4106998
892,-156.95973_21.07109,36.2150002
893,-156.96866_21.07170,23.0238991
894,-156.95649_21.06670,20.0
895,-156.91193_21.05762,13.0234003
896,-156.91103_21.05740,14.8170004
897,-156.87937_21.04852,8.0
898,-156.88181_21.05436,14.0257998
899,-156.83282_21.05990,4.5375099
900,-156.82926_21.06196,8.8422499
901,-156.83022_21.06174,7.6034398
902,-156.82946_21.06325,11.1292
903,-156.82936_21.06316,12.8618002
904,-156.83011_21.06311,7.9946799
905,-156.83435_21.05995,12.6610003
906,-156.83406_21.06138,19.7427006
907,-156.83353_21.06139,15.9903002
908,-156.83218_21.06284,8.0
909,-156.83431_21.06270,26.8939991
910,-156.77553_21.08477,15.2923002
911,-156.77942_21.08554,11.1141005
912,-156.77884_21.08481,11.7578001
913,-156.77127_21.08811,14.9927998
914,-156.79577_21.09391,369.7709961
915,-156.78673_21.08673,135.2810059
916,-157.02108_21.15203,356.7080078
917,-156.75997_21.09642,15.4568996
918,-157.03537_21.10404,27.1261005
919,-157.03355_21.10447,35.2154999
920,-156.83348_21.05817,6.41291
921,-156.83428_21.05743,11.9043999
922,-156.83478_21.05724,13.0108995
923,-156.79791_21.07324,13.0
924,-156.83592_21.05691,12.3718996
925,-156.83521_21.05665,13.9821997
926,-156.83572_21.05744,9.8532801
927,-156.83468_21.05801,8.2415895
928,-156.83428_21.05772,11.0094004
929,-156.83346_21.05925,7.0
930,-156.83517_21.05610,10.9357996
931,-156.83429_21.05851,7.0369902
932,-156.83413_21.05861,7.1217599
933,-156.83560_21.05709,12.0184002
934,-156.87769_21.05513,17.8453999
935,-156.87784_21.05506,17.9811001
936,-156.86385_21.05237,0.949632
937,-156.86770_21.05406,8.7804499
938,-156.87210_21.05260,7.9909902
939,-156.87376_21.05151,11.3142004
940,-156.87401_21.05152,9.8828201
941,-156.87428_21.05149,8.3433504
942,-156.87754_21.04718,7.7410202
943,-156.86732_21.05414,7.9941902
944,-156.86697_21.05428,8.0277901
945,-156.87024_21.05222,5.6848602
946,-156.86753_21.05187,3.0
947,-156.76151_21.09647,15.0324001
948,-156.76128_21.09991,25.0482006
949,-156.76061_21.09769,11.5458002
950,-156.75922_21.09619,13.967
951,-156.75816_21.09690,11.9581003
952,-156.75778_21.09714,12.4155998
953,-156.75732_21.09758,13.0183001
954,-156.75753_21.09739,13.0508003
955,-156.75631_21.09844,12.9202003
956,-156.75642_21.09834,12.8485003
957,-156.75699_21.09861,8.9878397
958,-156.83557_21.05680,13.2093
959,-156.84625_21.06354,87.8039017
960,-156.84255_21.05923,17.8733997
961,-156.84298_21.05842,7.5749998
962,-156.84317_21.05653,12.0010996
963,-156.84209_21.05558,13.0134001
964,-156.84100_21.05574,15.0002003
965,-156.84102_21.05687,8.5524998
966,-156.84090_21.05953,20.2346992
967,-156.83968_21.05599,14.0206003
968,-156.83658_21.05680,11.7845001
969,-156.84142_21.05490,15.7181997
970,-156.84254_21.05839,7.0
971,-156.84924_21.05773,6.3141098
972,-156.87246_21.05419,10.3807001
973,-156.87446_21.05543,11.3795996
974,-156.87501_21.05579,15.8387003
975,-156.87597_21.05560,18.3197994
976,-156.87612_21.05554,18.2689991
977,-156.87644_21.05548,18.1853008
978,-156.87683_21.05543,18.1037998
979,-156.80976_21.07162,33.2340012
980,-156.79221_21.07581,9.6767702
981,-156.75605_21.09864,11.7519999
982,-156.76194_21.09547,8.9899502
983,-156.76289_21.09567,25.5217991
984,-156.78576_21.08215,11.0559998
985,-156.78391_21.08285,13.1267004
986,-156.78247_21.08440,14.9180002
987,-156.78812_21.07860,9.3641701
988,-156.78225_21.08353,11.0
989,-156.79083_21.07754,8.9869404
990,-156.79450_21.07283,18.0
991,-156.79519_21.07271,18.0056992
992,-156.79556_21.07301,15.5787001
993,-156.79582_21.07203,18.8458004
994,-156.79629_21.07283,16.0011005
995,-156.80970_21.06999,12.0
996,-156.81078_21.06951,12.0
997,-156.81143_21.06938,12.2365999
998,-156.80378_21.06925,16.0
999,-156.80431_21.06894,16.9988003
1000,-156.81286_21.06899,12.0
1001,-156.81993_21.06486,
1002,-156.82321_21.06349,6.0254598
1003,-156.82563_21.06120,
1004,-156.82305_21.06368,6.29667
1005,-156.82474_21.06367,6.8859301
1006,-156.82464_21.06374,5.9904199
1007,-156.84465_21.05541,14.2967997
1008,-156.82774_21.06521,30.5382996
1009,-156.82759_21.06180,7.80546
1010,-156.82664_21.06246,10.8332996
1011,-156.82349_21.06514,7.8647399
1012,-156.82344_21.06493,7.9679999
1013,-156.82368_21.06479,8.6500301
1014,-156.82389_21.06467,7.5653501
1015,-156.75120_21.10822,101.1350021
1016,-156.74635_21.10810,38.5881004
1017,-156.74631_21.10668,11.9889002
1018,-156.74298_21.11116,10.1712999
1019,-156.74345_21.11100,
1020,-156.74516_21.11107,9.0019503
1021,-156.74624_21.11182,10.2234001
1022,-156.74505_21.11221,35.6563988
1023,-156.74184_21.11192,32.9550018
1024,-156.74602_21.11277,31.0294991
1025,-157.06475_21.15857,194.7279968
1026,-157.05774_21.17020,233.3869934
1027,-157.07494_21.17926,162.8609924
1028,-157.07508_21.17866,161.2510071
1029,-157.09508_21.17833,151.7590027
1030,-157.09613_21.17405,154.8970032
1031,-157.10656_21.15182,118.0
1032,-157.11225_21.16589,121.0
1033,-156.82251_21.06446,8.8572798
1034,-157.03969_21.09892,8.9919596
1035,-157.04062_21.09970,9.0028496
1036,-157.03703_21.10359,19.7982006
1037,-156.74036_21.11454,10.0
1038,-156.74299_21.11151,17.0312004
1039,-156.86385_21.07320,436.0809937
1040,-156.74165_21.11497,21.9803009
1041,-156.73776_21.14266,229.227005
1042,-156.74678_21.15476,11.6733999
1043,-157.11558_21.16664,118.0
1044,-157.08272_21.15407,144.7380066
1045,-157.08008_21.15401,149.0189972
1046,-157.08029_21.15301,147.052002
1047,-157.04975_21.16044,230.5480042
1048,-157.09653_21.16566,160.0
1049,-157.08320_21.17928,162.0
1050,-157.09952_21.18213,124.0709991
1051,-156.78201_21.08369,11.0
1052,-156.79166_21.07992,43.1747017
1053,-156.80936_21.06865,12.0
1054,-157.03914_21.10090,12.0077
1055,-157.03828_21.10091,13.9603004
1056,-157.03710_21.09969,12.3036003
1057,-157.03746_21.10065,16.0007
1058,-157.03774_21.10006,12.9555998
1059,-157.03316_21.10436,38.6183014
1060,-157.03231_21.10347,38.8493996
1061,-157.03193_21.10285,39.0353012
1062,-157.03188_21.10249,38.8135986
1063,-157.03230_21.10121,30.9811001
1064,-157.03345_21.10023,22.3402004
1065,-157.03310_21.10184,32.0345993
1066,-157.03300_21.10251,33.3356018
1067,-157.03783_21.10322,16.9871006
1068,-157.03918_21.10312,10.3571997
1069,-157.25215_21.17288,5.00244
1070,-157.27062_21.15325,37.0206985
1071,-157.26650_21.15993,23.3658009
1072,-156.98632_21.07789,19.9981003
1073,-157.10448_21.16571,130.029007
1074,-157.07154_21.14981,163.9519958
1075,-157.07433_21.15027,162.0050049
1076,-157.06363_21.16454,200.0220032
1077,-157.07470_21.17363,180.0010071
1078,-157.07627_21.17397,185.022995
1079,-157.07793_21.17374,184.0149994
1080,-157.08089_21.17490,178.0700073
1081,-157.08236_21.17534,172.0
1082,-157.07583_21.16877,180.0
1083,-157.08308_21.16622,173.0
1084,-157.09546_21.14667,112.0090027
1085,-157.09565_21.15778,139.0549927
1086,-157.06316_21.18022,231.6829987
1087,-156.98878_21.07686,20.0
1088,-157.06646_21.16647,200.0
1089,-157.06111_21.17479,231.0740051
1090,-157.04318_21.16448,280.4389954
1091,-157.06270_21.16713,207.0
1092,-157.06998_21.17262,189.4519958
1093,-157.08596_21.16793,175.6900024
1094,-157.07508_21.16508,184.2109985
1095,-157.03377_21.09658,6.0
1096,-157.04287_21.10333,7.0
1097,-156.99729_21.08409,41.7206993
1098,-156.99703_21.08446,45.8209991
1099,-157.07088_21.18190,180.2319946
1100,-156.87745_21.04803,8.0
1101,-156.79574_21.07375,13.0
1102,-157.09722_21.16916,161.9779968
1103,-157.08716_21.17619,172.0149994
1104,-156.77020_21.09000,9.0
1105,-157.11081_21.18127,130.0
1106,-156.97145_21.07065,20.0
1107,-156.75328_21.10124,6.9786501
1108,-156.98851_21.07676,19.941
1109,-157.00986_21.08225,7.9539499
1110,-157.05404_21.16241,230.9989929
1111,-157.06041_21.16435,208.9889984
1112,-157.05322_21.17131,253.4400024
1113,-156.97007_21.07985,121.9089966
1114,-156.99976_21.08156,14.0232
1115,-157.05281_21.11069,21.6511002
1116,-157.03007_21.17766,356.0159912
1117,-157.01308_21.14995,358.0190125
1118,-157.08369_21.10696,10.0
1119,-156.94397_21.06611,12.9921999
1120,-156.95028_21.06695,20.0
1121,-157.01322_21.15578,436.3999939
1122,-157.02085_21.16035,376.3569946
1123,-156.96358_21.06961,20.0
1124,-157.05473_21.17087,245.9660034
1125,-157.05387_21.16705,231.0050049
1126,-157.05855_21.16660,218.3939972
1127,-157.05932_21.16846,210.2189941
1128,-157.00456_21.16135,484.2409973
1129,-157.00662_21.16086,452.9989929
1130,-156.99843_21.08458,48.4413986
1131,-156.99941_21.08459,45.6082001
1132,-156.99993_21.08480,44.8198013
1133,-156.99941_21.08567,53.0433998
1134,-157.00073_21.08148,6.4870901
1135,-156.96622_21.06943,20.0
1136,-156.99237_21.07777,19.0
1137,-156.99173_21.07759,19.0
1138,-156.99138_21.07758,19.0
1139,-156.98109_21.07335,20.0
1140,-157.00019_21.08299,26.0496006
1141,-156.83272_21.05990,2.2841599
1142,-156.83001_21.06311,8.0626602
1143,-156.77932_21.08554,11.8606005
1144,-156.87774_21.05506,17.8386002
1145,-156.86760_21.05406,8.1740398
1146,-156.87200_21.05260,7.1536398
1147,-156.84307_21.05653,11.9637003
1148,-156.87587_21.05560,18.2968006
1149,-156.79440_21.07283,18.0
1150,-156.79619_21.07283,16.0
1151,-156.81983_21.06486,
1152,-156.82295_21.06368,5.0349498
1153,-156.82654_21.06246,10.1248999
1154,-156.75110_21.10822,99.8395004
1155,-157.05764_21.17020,233.6199951
1156,-157.11215_21.16589,120.9690018
1157,-156.74155_21.11497,21.9230003
1158,-156.78191_21.08369,11.0
1159,-157.00425_21.16454,464.3779907
1160,-157.00445_21.16454,464.0280151
1161,-157.04692_21.10328,7.0
1162,-157.04712_21.10328,7.0
1163,-157.10515_21.17087,153.0010071
1164,-157.10535_21.17087,153.029007
1165,-157.11129_21.17218,137.2709961
1166,-157.11149_21.17218,135.5379944
1167,-156.98164_21.07726,34.8739014
1168,-156.98184_21.07726,33.8501015
1169,-156.82749_21.06180,7.3048
1170,-156.82769_21.06180,7.75916
1171,-156.73766_21.14266,227.6040039
1172,-156.73786_21.14266,230.5200043
1173,-156.73776_21.14276,230.3419952
1174,-157.01793_21.16028,411.4179993
1175,-157.01813_21.16028,407.9840088
1176,-157.01803_21.16038,408.3819885
1177,-157.01803_21.16018,411.4129944
1178,-157.01793_21.16038,410.5480042
1179,-157.01793_21.16018,412.1929932
1180,-157.01813_21.16038,404.7260132
1181,-157.01813_21.16018,410.6900024
1182,-156.99964_21.07987,8.7687502
1183,-156.99957_21.07999,8.4302797
1184,-156.99953_21.08009,8.8508701
1185,-156.99946_21.08021,8.8591404
1186,-156.99943_21.08034,8.9061298
1187,-156.99954_21.08044,8.2352896
1188,-156.99969_21.08039,8.3227797
1189,-156.99976_21.08027,8.408
1190,-156.99982_21.08015,8.3483801
1191,-156.99991_21.08003,8.1760702
1192,-157.00953_21.15913,434.6430054
1193,-157.00970_21.15900,432.6669922
1194,-157.00983_21.15883,430.9379883
1195,-157.00994_21.15866,430.3160095
1196,-157.01014_21.15851,430.0979919
1197,-157.01039_21.15823,429.1659851
1198,-157.01023_21.15818,428.1860046
1199,-157.01002_21.15810,425.9970093
1200,-157.00982_21.15803,423.9230042
1201,-157.00961_21.15795,422.2550049
1202,-157.00961_21.15847,425.7139893
1203,-157.00950_21.15865,428.4570007
1204,-157.24228_21.18518,30.0
1205,-157.24245_21.18519,30.0377998
1206,-157.24257_21.18534,31.0014
1207,-157.24270_21.18541,31.0004997
1208,-157.24288_21.18546,30.3920994
1209,-157.24307_21.18549,30.0228004
1210,-157.24339_21.18526,26.9514999
1211,-157.24357_21.18539,26.9918003
1212,-157.24373_21.18540,25.9218998
1213,-157.24402_21.18545,25.0527
1214,-157.24401_21.18582,25.7665997
1215,-157.24415_21.18595,25.7959003
1216,-157.24428_21.18603,24.0534992
1217,-157.24314_21.18592,30.4125996
1218,-157.24331_21.18597,29.4722996
1219,-157.24354_21.18602,28.0074997
1220,-157.24360_21.18615,28.0091
1221,-157.24353_21.18636,27.9673996
1222,-157.24345_21.18658,26.7658005
1223,-157.24331_21.18661,26.2105999
1224,-157.24323_21.18671,24.7297993
1225,-157.24376_21.18721,22.3309002
1226,-157.24390_21.18736,21.0240002
1227,-157.24406_21.18732,21.4839001
1228,-157.24419_21.18728,22.6114006
1229,-157.24411_21.18683,24.0041008
1230,-157.24402_21.18668,24.4801998
1231,-157.24393_21.18657,25.5186996
1232,-157.24441_21.18725,22.7513008
1233,-157.24457_21.18727,22.5247002
1234,-157.24488_21.18542,20.9836998
1235,-157.24528_21.18555,19.9899006
1236,-157.24556_21.18543,17.8852005
1237,-157.24583_21.18529,14.4497995
1238,-157.24604_21.18507,11.7579002
1239,-157.24606_21.18551,12.6841002
1240,-157.24618_21.18589,12.6813002
1241,-157.24620_21.18605,12.6522999
1242,-157.24640_21.18651,12.5886002
1243,-157.24568_21.18646,17.3535004
1244,-157.24540_21.18644,19.3169994
1245,-157.24518_21.18612,21.0025997
1246,-157.24513_21.18581,20.9762001
1247,-157.24551_21.18667,18.9845009
1248,-157.24543_21.18694,18.9680996
1249,-157.24563_21.18727,18.2982006
1250,-157.24588_21.18741,16.9708996
1251,-157.24618_21.18743,15.9998999
1252,-157.24656_21.18743,13.9799004
1253,-157.24670_21.18678,11.9692001
1254,-157.24720_21.18703,11.0724001
1255,-157.24745_21.18729,10.9457998
1256,-157.24761_21.18750,10.9338999
1257,-157.24700_21.18833,11.0063
1258,-157.24668_21.18827,11.8814001
1259,-157.24640_21.18819,12.9765997
1260,-157.24608_21.18819,13.9879999
1261,-157.24574_21.18831,14.3276997
1262,-157.24573_21.18863,11.4013004
1263,-157.24586_21.18897,9.9999199
1264,-157.24624_21.18894,11.0148001
1265,-157.24647_21.18889,10.9905996
1266,-157.24497_21.19040,19.9545994
1267,-157.24511_21.19016,17.5578995
1268,-157.24527_21.18996,12.5109997
1269,-157.24557_21.19001,12.9442997
1270,-157.24604_21.18990,8.8743896
1271,-157.24574_21.19052,14.1211996
1272,-157.24564_21.19118,17.0307007
1273,-157.24606_21.19119,14.2454996
1274,-157.24666_21.19105,10.2116003
1275,-157.24700_21.19098,8.4053698
1276,-157.24714_21.19077,8.5168695
1277,-157.24704_21.19050,9.4572496
1278,-157.24672_21.19041,11.0417995
1279,-157.24683_21.19016,9.3647499
