,Uid,dist2_MunWells_m
0,-157.13194_21.14422,11407.13507285389
1,-157.25780_21.14791,24473.04598066744
2,-157.24613_21.19028,23729.01914766499
3,-157.20856_21.15703,19384.71368851081
4,-157.21922_21.17738,20725.035079102538
5,-157.21093_21.17253,19794.17830170678
6,-157.20814_21.16662,19425.762722072945
7,-157.24633_21.18319,23606.209752734103
8,-157.24587_21.18317,23559.112532941075
9,-157.24543_21.18312,23513.575968574405
10,-157.24389_21.18321,23357.340940792692
11,-157.24301_21.18322,23267.258459699966
12,-157.22836_21.17295,21593.548011051043
13,-157.22915_21.17232,21666.545596216834
14,-157.25752_21.16708,24535.91913620139
15,-157.25225_21.17288,24055.45314659992
16,-157.23650_21.18016,22545.542474313057
17,-157.24170_21.18236,23116.836923222352
18,-157.23469_21.18124,22378.518864067075
19,-157.23121_21.17582,21930.318984294423
20,-157.23136_21.17679,21960.35394870644
21,-157.23181_21.17986,22058.924021125615
22,-157.23348_21.17754,22190.368450970425
23,-157.23346_21.17572,22160.008999325957
24,-157.27220_21.15726,25988.61278365424
25,-157.27072_21.15325,25821.749996768198
26,-157.26758_21.15938,25519.79623705659
27,-157.26660_21.15993,25421.502004126254
28,-157.26175_21.16380,24945.170789594726
29,-156.98750_21.07828,4211.893559065961
30,-156.98726_21.07819,4185.290852873069
31,-156.98642_21.07789,4092.1264465739846
32,-156.98697_21.07781,4145.299546087994
33,-156.98728_21.07744,4166.579141308634
34,-156.98824_21.07720,4257.874957620777
35,-156.98806_21.07713,4237.927424822245
36,-156.98814_21.07745,4253.821059722982
37,-156.98796_21.07792,4247.709128414841
38,-156.98781_21.07782,4230.88336062984
39,-157.00002_21.08562,5694.438202801159
40,-157.00017_21.08539,5700.565451790404
41,-157.00031_21.08518,5706.3722276256485
42,-157.00043_21.08498,5711.820888052003
43,-157.00078_21.08444,5727.536566090395
44,-157.00089_21.08427,5732.916998932717
45,-156.99628_21.08483,5298.655305407542
46,-156.99612_21.08507,5291.848289084911
47,-156.99580_21.08554,5279.094553114352
48,-156.99588_21.08630,5316.746678793105
49,-156.98738_21.07707,4167.487876078313
50,-156.98773_21.07739,4211.682830075255
51,-156.98855_21.07734,4292.536028097931
52,-156.98868_21.07753,4311.28662524353
53,-156.98881_21.07786,4332.515267869236
54,-157.10458_21.16571,8785.024545893619
55,-157.09902_21.16447,8191.916684780246
56,-157.10404_21.14645,8503.595950749172
57,-157.07005_21.14893,4973.32583613136
58,-157.07164_21.14981,5142.364824245509
59,-157.05835_21.17505,4819.275068686587
60,-157.05894_21.17629,4954.11264609685
61,-157.05935_21.17527,4915.920924124134
62,-157.05927_21.17575,4943.030921454378
63,-156.98901_21.07795,4354.957996092905
64,-156.98876_21.07856,4346.425170624142
65,-156.98854_21.07856,4324.10867142545
66,-156.99727_21.08526,5411.817671038808
67,-156.99738_21.08476,5404.092159498934
68,-156.99775_21.08421,5420.00889479358
69,-156.99801_21.08400,5438.930342014223
70,-156.99819_21.08371,5447.029626040588
71,-157.08150_21.15589,6225.899083181553
72,-157.08349_21.15446,6410.869293828884
73,-157.11548_21.17975,10316.520940713246
74,-157.11353_21.18030,10147.62840108872
75,-157.08203_21.18424,7411.562533278367
76,-157.08359_21.18458,7567.630815384941
77,-157.08543_21.18104,7530.411674658637
78,-157.06544_21.15892,4659.561050795795
79,-156.95489_21.06662,722.2849310137909
80,-156.95508_21.06664,740.3385568370935
81,-156.95531_21.06666,762.6149607104375
82,-156.95592_21.06668,822.7441742003778
83,-156.95629_21.06669,860.4933992745578
84,-156.95462_21.06733,674.1668742300749
85,-156.95265_21.06691,493.0560180936786
86,-156.95364_21.06646,607.5019676162153
87,-157.28756_21.14135,27573.79162605669
88,-157.07443_21.15027,5433.937729094881
89,-157.06373_21.16454,4697.953229584959
90,-157.07261_21.16906,5743.459859115056
91,-157.07323_21.17329,6007.429526256503
92,-157.07480_21.17363,6168.845127685689
93,-157.07637_21.17397,6331.119162824389
94,-157.07803_21.17374,6473.452988333208
95,-157.07948_21.17452,6646.8347661407215
96,-157.08099_21.17490,6806.561890491528
97,-157.08246_21.17534,6965.068754670935
98,-157.06868_21.17164,5504.789994801121
99,-157.06922_21.16945,5442.733493234728
100,-157.07747_21.17752,6619.2377961509155
101,-157.07009_21.16708,5415.210489253332
102,-157.07035_21.16475,5343.964267904736
103,-157.07058_21.16381,5330.562239256488
104,-157.07134_21.16069,5301.752223634256
105,-157.07103_21.15953,5237.190494140896
106,-157.07140_21.15960,5276.767570164471
107,-157.07178_21.15969,5317.233045512969
108,-157.07216_21.15976,5357.61167728028
109,-157.07218_21.16387,5490.028853838964
110,-157.07375_21.16420,5655.898174290936
111,-157.07646_21.16490,5947.153383825288
112,-157.07593_21.16877,6046.922522412823
113,-157.07941_21.16132,6129.77646960475
114,-157.08003_21.16555,6322.3895620575595
115,-157.08252_21.16217,6466.064629918929
116,-157.08066_21.16978,6544.156640828653
117,-157.08318_21.16622,6656.484031534434
118,-156.86999_21.05081,4406.878785014645
119,-156.87096_21.05074,4504.410286614962
120,-157.00100_21.08410,5738.175006712819
121,-157.00110_21.08394,5743.275237905348
122,-157.00130_21.08364,5753.325558183411
123,-157.00150_21.08333,5763.390924589663
124,-157.00160_21.08317,5768.51475271641
125,-157.00170_21.08302,5773.880749548513
126,-157.00180_21.08287,5779.327935895265
127,-157.00210_21.08241,5795.804846689116
128,-157.00220_21.08225,5801.337257225272
129,-157.00227_21.08189,5797.347920801595
130,-157.00318_21.08174,5885.1111654494725
131,-157.00341_21.08185,5911.026904345673
132,-157.00309_21.08224,5889.7573346893205
133,-157.09556_21.14667,7622.985158602284
134,-157.12755_21.14364,10953.427876936501
135,-157.11619_21.15212,9775.493750295993
136,-157.09711_21.16406,7988.408493158259
137,-157.10089_21.16492,8392.279215679597
138,-157.07593_21.15079,5592.881275098321
139,-157.07827_21.15148,5839.958841205897
140,-157.06701_21.15771,4784.405501088621
141,-157.06861_21.15797,4952.437227430573
142,-157.07200_21.15066,5184.432826640167
143,-157.07194_21.15851,5302.585002023754
144,-157.07360_21.15888,5479.7322412455605
145,-157.07527_21.15923,5658.101824289604
146,-157.07867_21.15249,5890.1289875474
147,-157.08341_21.15778,6454.952590477588
148,-157.08080_21.15855,6204.447357649245
149,-157.08163_21.16030,6328.41165316735
150,-157.08261_21.16087,6441.352146959593
151,-157.09087_21.16281,7325.266089792934
152,-157.09301_21.16322,7552.823534424638
153,-157.09674_21.15794,7824.783589465597
154,-157.08416_21.16128,6608.68595090069
155,-157.08933_21.16006,7105.858181314533
156,-157.09575_21.15778,7720.602167979456
157,-157.08719_21.15855,6856.416751274377
158,-157.08086_21.15942,6229.161202003744
159,-157.08181_21.15376,6228.3545452081935
160,-157.08184_21.15496,6246.967890921418
161,-156.95257_21.06707,479.12081954884127
162,-156.95249_21.06722,465.5391758259094
163,-156.95242_21.06738,452.5748773858748
164,-156.95232_21.06753,438.00127668685775
165,-156.95223_21.06776,421.4931993972688
166,-156.95193_21.06780,390.0676024684207
167,-156.95166_21.06782,362.7361517949822
168,-156.95161_21.06765,363.46457934972517
169,-156.95186_21.06738,397.50522329687163
170,-156.95204_21.06722,421.8133685573536
171,-156.95180_21.06721,399.0201959962937
172,-156.95155_21.06727,372.8279626390858
173,-156.95156_21.06707,382.8306962449002
174,-156.95165_21.06681,405.0365756418837
175,-156.95186_21.06677,426.0989730105962
176,-156.95207_21.06684,441.6707149843234
177,-156.95225_21.06609,501.52296655259164
178,-156.95207_21.06601,491.19457594977206
179,-156.95362_21.06737,572.1221683448281
180,-156.94586_21.07134,109.26694837034235
181,-156.93975_21.07173,180.10870348317206
182,-156.76197_21.09679,7941.944352062428
183,-156.76287_21.09747,7893.269261207218
184,-156.76363_21.09848,7877.335229473052
185,-157.00741_21.16127,1439.6002727624145
186,-157.00769_21.16119,1469.280138434295
187,-157.05891_21.17517,4873.288619581529
188,-157.06179_21.17893,5368.660652935039
189,-157.06326_21.18022,5577.232387877695
190,-157.06483_21.18059,5728.36804915707
191,-157.05941_21.17631,4992.578669371703
192,-157.05985_21.17731,5099.432311909197
193,-157.06076_21.17765,5195.315958295489
194,-157.06090_21.17688,5153.374459216906
195,-157.06107_21.17648,5139.070569802867
196,-157.06031_21.17636,5069.116660813785
197,-157.05991_21.17547,4975.53355362846
198,-157.00697_21.16215,1375.7591437482345
199,-157.00687_21.16186,1371.1575893171714
200,-157.00669_21.16195,1351.2655257108975
201,-157.00653_21.16204,1332.7397020385506
202,-157.00676_21.16228,1351.6442343776255
203,-157.00675_21.16256,1346.9861313921276
204,-157.00607_21.16231,1280.9211737735761
205,-157.00554_21.16218,1229.262269382561
206,-157.00556_21.16198,1234.9046358906614
207,-157.00579_21.16191,1260.2084450189866
208,-157.00597_21.16181,1280.3846600208196
209,-156.97902_21.07264,3224.357143843133
210,-156.97856_21.07244,3174.0544782439524
211,-156.97779_21.07208,3089.1833523970085
212,-156.97743_21.07189,3049.5170384839457
213,-156.98923_21.07688,4350.616659918404
214,-156.98888_21.07686,4314.677808048482
215,-157.06210_21.16463,4546.606703157609
216,-157.06519_21.16514,4863.220781988886
217,-157.06656_21.16647,5052.454217187999
218,-157.06882_21.16369,5154.239619687637
219,-157.04613_21.16245,2970.342040612137
220,-157.06121_21.17479,5037.680087620204
221,-157.06346_21.17201,5057.59178995642
222,-157.06472_21.17397,5284.744809087909
223,-157.06586_21.17588,5500.434183698726
224,-157.04328_21.16448,2867.348466791351
225,-157.00406_21.16160,1092.8462475302433
226,-157.00311_21.16169,994.6797601952348
227,-157.00333_21.16198,1009.2727279685971
228,-157.00368_21.16239,1034.9629571543774
229,-157.00388_21.16229,1056.8190698006824
230,-157.00425_21.16210,1098.7805126319001
231,-157.00443_21.16201,1119.9589291074085
232,-157.00631_21.16162,1319.173963010669
233,-157.00647_21.16153,1338.138383041627
234,-157.00520_21.16214,1195.0015872885967
235,-157.00529_21.16230,1200.7989276990634
236,-157.00547_21.16261,1213.7650492746359
237,-157.00556_21.16277,1220.689819930476
238,-156.99814_21.08295,5416.303836793391
239,-157.00460_21.16186,1139.9196031261336
240,-157.00488_21.16254,1154.280536595768
241,-157.00408_21.16278,1068.4278210860932
242,-157.00419_21.16303,1076.19814336729
243,-157.00376_21.16340,1028.1680581623932
244,-157.00434_21.16375,1085.0638666924776
245,-157.00416_21.16344,1068.7047324785078
246,-157.00483_21.16353,1136.9901816452914
247,-157.00476_21.16333,1131.8000143380227
248,-157.00469_21.16316,1126.1607428562552
249,-157.00555_21.16355,1211.886030824344
250,-157.00567_21.16376,1222.8961874277961
251,-157.00578_21.16396,1234.3601199719403
252,-157.00556_21.16401,1211.1708838868324
253,-157.00538_21.16370,1193.656102203753
254,-157.00522_21.16378,1177.1135086518
255,-157.00540_21.16409,1194.8197015393905
256,-157.00491_21.16393,1144.3379303488468
257,-157.00509_21.16424,1162.470024051918
258,-157.00481_21.16418,1133.731443451939
259,-157.00414_21.16427,1063.7391936403935
260,-157.00435_21.16454,1086.0503541063943
261,-157.00459_21.16481,1113.1025848543102
262,-157.00489_21.16479,1144.1638197486861
263,-157.00547_21.16464,1203.0388628366964
264,-157.00592_21.16462,1249.858736018351
265,-157.00575_21.16438,1230.9798095851827
266,-157.00603_21.16426,1260.2310953311153
267,-157.00616_21.16454,1273.8359069247776
268,-157.00505_21.16292,1165.9928235037848
269,-157.05414_21.17199,4266.642220955711
270,-157.06280_21.16713,4731.113061480634
271,-157.06308_21.16722,4762.145979533965
272,-157.06338_21.16727,4792.6024210218575
273,-157.06367_21.16735,4822.981470627184
274,-157.05438_21.17224,4303.764494597296
275,-157.05462_21.17249,4340.133325174472
276,-157.05489_21.17273,4378.499683503258
277,-157.05513_21.17299,4416.485087734743
278,-157.03023_21.09296,6003.944636757248
279,-157.03305_21.09458,5900.130800554696
280,-157.03387_21.09496,5882.516093838143
281,-157.07721_21.18321,6931.934883950909
282,-157.07877_21.18354,7086.548828253055
283,-157.07478_21.17968,6505.717701966304
284,-157.06762_21.17599,5658.996398411403
285,-157.07008_21.17262,5684.814177283985
286,-157.07129_21.17273,5800.305969761231
287,-157.07016_21.17654,5913.447187357755
288,-157.07045_21.17660,5942.014317252149
289,-157.07074_21.17666,5971.412228169427
290,-157.07104_21.17672,6001.431957457525
291,-157.07133_21.17679,6031.435585782173
292,-157.08469_21.16657,6817.217018752804
293,-157.08606_21.16793,6999.5561876917955
294,-157.08786_21.16719,7151.809775086088
295,-157.08844_21.17135,7359.585088739602
296,-157.09097_21.16782,7481.220064149317
297,-157.09252_21.16821,7647.376893913574
298,-157.09504_21.16464,7793.731481766764
299,-157.07518_21.16508,5828.140135827839
300,-157.03453_21.09521,5875.304324154684
301,-157.02861_21.09604,5633.964083852829
302,-157.03177_21.09674,5635.42585543974
303,-157.03387_21.09658,5709.985609093108
304,-157.04190_21.09985,5669.760095272116
305,-157.04395_21.10145,5605.576711127604
306,-157.04702_21.10328,5561.5095846166405
307,-157.04836_21.10315,5639.174861766537
308,-157.04870_21.10500,5479.0593694558365
309,-157.04969_21.10587,5448.771872102497
310,-157.04145_21.10320,5316.362692493311
311,-157.04297_21.10333,5373.730286202708
312,-157.04397_21.10364,5385.127513002021
313,-157.04511_21.10404,5396.296299448138
314,-157.04587_21.10469,5367.272556671497
315,-157.04715_21.10509,5391.052662909667
316,-156.99801_21.08314,5410.061612667837
317,-156.99752_21.08390,5386.483148161309
318,-156.99739_21.08409,5380.441800678107
319,-156.99713_21.08446,5368.643031881046
320,-156.99701_21.08465,5362.9505889239645
321,-156.99687_21.08485,5356.961543342328
322,-156.99658_21.08527,5344.74599151808
323,-156.99621_21.08582,5330.086936491777
324,-156.99862_21.08139,5416.651552247914
325,-156.99822_21.08195,5393.339453558342
326,-156.99810_21.08214,5386.730106644602
327,-156.99797_21.08233,5380.0668075043295
328,-156.99784_21.08252,5373.440653583412
329,-156.99772_21.08271,5366.9738202734525
330,-156.99747_21.08308,5354.542695716545
331,-156.99735_21.08327,5348.495905199829
332,-156.99704_21.08340,5322.640861231799
333,-156.99692_21.08357,5316.339581012473
334,-156.99669_21.08381,5301.37210180494
335,-156.99684_21.08402,5323.699889446719
336,-156.99671_21.08420,5317.807658356453
337,-156.99658_21.08439,5311.926681309777
338,-156.98834_21.07849,4301.8436301674055
339,-156.98783_21.07813,4240.64990255393
340,-156.98773_21.07839,4237.683108432816
341,-156.98755_21.07805,4210.622972716316
342,-156.98738_21.07798,4190.995929094415
343,-156.98685_21.07802,4139.289965223129
344,-156.98655_21.07763,4097.932448411783
345,-156.98645_21.07850,4112.80834697134
346,-156.98667_21.07856,4136.216023010567
347,-156.98688_21.07864,4159.220931828328
348,-156.98735_21.07867,4208.104393398904
349,-157.00588_21.16273,1254.7796432814619
350,-157.00612_21.16270,1279.2684859522772
351,-157.00625_21.16290,1289.9290600121801
352,-157.06633_21.18101,5878.244253281262
353,-157.06786_21.18123,6018.431762578245
354,-157.06942_21.18156,6169.475436565595
355,-157.07098_21.18190,6321.746466113446
356,-157.07255_21.18223,6474.5231447113465
357,-157.07566_21.18292,6781.411622808837
358,-156.85161_21.05797,2343.690740862858
359,-156.87697_21.04899,5158.1865502210385
360,-156.87755_21.04803,5250.975971841768
361,-156.87726_21.04898,5187.171709504724
362,-156.76117_21.09520,7938.702135824212
363,-156.76187_21.09609,7916.271588477399
364,-156.76199_21.09639,7920.39026840266
365,-156.98789_21.07911,4274.379988823852
366,-156.98706_21.07882,4183.0653174966
367,-157.00248_21.08288,5847.148823666392
368,-157.00237_21.08303,5840.675320911892
369,-157.00226_21.08318,5834.335026664485
370,-157.00215_21.08333,5827.99060359609
371,-157.00204_21.08347,5821.729524543643
372,-157.00193_21.08362,5815.356353811982
373,-157.00161_21.08407,5797.075559750385
374,-157.00138_21.08437,5784.99973269769
375,-157.00115_21.08468,5772.331627339706
376,-157.00103_21.08485,5765.953377324996
377,-157.00090_21.08503,5759.36901131446
378,-157.00076_21.08522,5752.351941285452
379,-157.00061_21.08541,5745.080437953148
380,-157.00046_21.08562,5737.566462800237
381,-157.00030_21.08585,5729.768759259271
382,-157.00013_21.08608,5722.0000707282725
383,-156.95339_21.06640,586.945179425123
384,-156.95436_21.06659,671.5865509687486
385,-156.95454_21.06661,688.2504742707799
386,-156.95471_21.06662,705.4122725418268
387,-156.79584_21.07375,3710.205307734578
388,-157.09732_21.16916,8154.995406680436
389,-157.09888_21.16950,8320.52328119947
390,-157.08724_21.16317,6968.348441356768
391,-157.08664_21.17198,7211.441972392776
392,-157.08726_21.17619,7454.879080863956
393,-156.76241_21.09543,7834.066126483909
394,-156.77030_21.09000,6835.006843939425
395,-156.77278_21.08783,6501.101566232834
396,-156.77363_21.08723,6394.200430483788
397,-156.77535_21.08943,6333.9736164246715
398,-156.77466_21.08658,6267.616285811698
399,-156.79158_21.07644,4222.389379094464
400,-156.79130_21.07665,4256.5140645753245
401,-156.78955_21.07762,4464.2276692027135
402,-156.78581_21.08057,4941.923643634397
403,-156.79344_21.07649,4041.962904852677
404,-157.00011_21.16149,709.6617477221823
405,-157.00730_21.16189,1414.8005110274114
406,-157.00744_21.16210,1424.5106770234825
407,-157.00755_21.16234,1432.6107478493122
408,-157.00739_21.16247,1413.627768415834
409,-157.00715_21.16255,1387.5915816061993
410,-157.08975_21.17270,7540.316863449738
411,-157.09102_21.17271,7663.580054170625
412,-157.09193_21.17720,7942.471535642376
413,-157.09363_21.17756,8120.235757468733
414,-157.09675_21.17823,8446.275529513676
415,-157.09919_21.17482,8539.769426511772
416,-157.09778_21.18070,8656.598655539758
417,-157.10038_21.17677,8732.359564245458
418,-157.10051_21.18298,9019.917094597322
419,-157.10779_21.18060,9605.493151476181
420,-157.10935_21.18094,9769.297785137602
421,-157.11091_21.18127,9933.174094151373
422,-157.10076_21.16599,8406.966623956248
423,-157.10105_21.16606,8437.758386121532
424,-157.10134_21.16612,8468.49639420928
425,-157.10163_21.16618,8499.234436673449
426,-157.10192_21.16624,8529.971443917728
427,-157.10011_21.17367,8585.747254280557
428,-157.09982_21.17361,8555.219667149697
429,-157.09953_21.17355,8524.683549185456
430,-157.09895_21.17342,8463.608501614943
431,-157.10407_21.16835,8804.799166214583
432,-157.10525_21.17087,8998.216792835441
433,-157.10681_21.17120,9163.859421666917
434,-157.10837_21.17153,9329.513627752423
435,-157.10992_21.17187,9495.178484093498
436,-157.11139_21.17218,9650.49890093638
437,-157.11328_21.17635,9975.812190616194
438,-157.11397_21.17349,9949.2100712303
439,-156.97155_21.07065,2427.590889822915
440,-156.96346_21.06887,1576.9846150471978
441,-156.96478_21.06915,1714.49229992411
442,-156.96024_21.06768,1247.1868415377462
443,-156.75801_21.10079,8511.949960416445
444,-156.75281_21.10168,9036.08074310067
445,-156.75338_21.10124,8961.172730154167
446,-157.00697_21.16247,1370.5699682305233
447,-156.98841_21.07668,4262.711952636209
448,-156.98821_21.07658,4240.127991213107
449,-156.98719_21.07612,4125.777740608211
450,-156.98801_21.07649,4218.413196500445
451,-156.97832_21.07236,3148.1201407444646
452,-156.97811_21.07225,3124.979943735284
453,-156.98953_21.07709,4385.932673669005
454,-156.98861_21.07676,4284.7279390185595
455,-156.98921_21.07709,4353.983674946345
456,-156.98747_21.07630,4159.123814421338
457,-156.98760_21.07619,4169.185370997413
458,-156.98250_21.07395,3602.969939775309
459,-156.98223_21.07383,3573.6365817370574
460,-156.98197_21.07368,3544.5928157778376
461,-156.98025_21.07313,3358.2959090119684
462,-156.97987_21.07299,3316.7026646862746
463,-157.01101_21.08273,6701.835494148388
464,-157.01126_21.08286,6730.559192081637
465,-157.01151_21.08300,6759.269302063058
466,-157.01206_21.08326,6820.792669239884
467,-157.01233_21.08334,6850.6172512044
468,-157.01263_21.08345,6883.522167313968
469,-157.01290_21.08353,6893.818036019749
470,-157.01242_21.08416,6827.138347667942
471,-157.01203_21.08385,6834.165631374193
472,-157.01178_21.08374,6805.220536561588
473,-157.01152_21.08362,6776.294937782988
474,-157.01126_21.08350,6747.2450423906785
475,-157.01074_21.08326,6687.965938512819
476,-157.01049_21.08375,6675.842938627063
477,-157.01075_21.08388,6705.932495157474
478,-157.01101_21.08400,6735.0614494797965
479,-157.01126_21.08412,6764.111249825759
480,-157.01152_21.08424,6793.1118137843105
481,-157.01177_21.08436,6810.777918860801
482,-157.01230_21.08440,6802.033060262112
483,-157.01216_21.08467,6773.227628356759
484,-157.00911_21.08191,6488.513572321912
485,-157.00945_21.08203,6525.369823800474
486,-157.00970_21.08213,6553.5174014812155
487,-157.00996_21.08225,6582.490420526733
488,-157.01021_21.08236,6611.533864658281
489,-157.01049_21.08251,6643.054210595648
490,-157.01075_21.08262,6672.082007207187
491,-157.01048_21.08314,6658.224219799316
492,-157.01022_21.08302,6629.116407462155
493,-157.00996_21.08290,6600.021621863206
494,-157.00970_21.08278,6570.879928103606
495,-157.00945_21.08266,6541.736021569793
496,-157.00919_21.08255,6512.718777706418
497,-157.00883_21.08237,6471.735481957459
498,-157.00856_21.08282,6456.252166809777
499,-157.00895_21.08300,6500.776861896572
500,-157.00921_21.08313,6529.816295647641
501,-157.00946_21.08325,6558.810790472885
502,-157.00971_21.08337,6587.829633975858
503,-157.00997_21.08350,6616.817245260749
504,-157.01022_21.08362,6645.889413082935
505,-156.99849_21.08352,5469.477016382329
506,-156.99829_21.08336,5444.50462066716
507,-156.99868_21.08323,5479.23701290382
508,-156.99886_21.08296,5488.522142702816
509,-156.79552_21.07381,3743.91033317768
510,-156.79419_21.07601,3949.8956988872897
511,-156.79606_21.07158,3626.116072688188
512,-156.80277_21.07127,2942.610961674733
513,-156.79589_21.07464,3733.809235805321
514,-156.79631_21.07147,3598.3475764328027
515,-156.80188_21.07240,3066.0927068135907
516,-156.79894_21.07317,3382.699385969233
517,-156.79790_21.07365,3501.658396113596
518,-156.79687_21.07364,3603.7002965018896
519,-156.80129_21.07051,3070.0758618865284
520,-156.80416_21.06856,2734.416935233622
521,-156.81570_21.06772,1542.4865481196557
522,-156.81191_21.06909,1962.400804564137
523,-156.80615_21.07114,2600.2299194174407
524,-157.08974_21.18197,7972.631494949694
525,-157.08573_21.18110,7561.087968043212
526,-157.08944_21.18190,7941.805497597514
527,-157.08603_21.18117,7591.774891442433
528,-157.08633_21.18123,7622.472375291385
529,-157.08662_21.18131,7653.415810654591
530,-156.81677_21.06774,1435.635683579362
531,-156.81913_21.06789,1207.1268709819913
532,-156.82418_21.06447,612.6329717793461
533,-157.08914_21.18184,7911.005842619392
534,-157.08884_21.18177,7880.215470269134
535,-157.08854_21.18171,7849.434581277265
536,-157.05218_21.16225,3503.0130117235767
537,-157.05414_21.16241,3693.8571672117428
538,-157.05584_21.16296,3879.3638454219376
539,-157.05893_21.16416,4226.058199122919
540,-157.06051_21.16435,4383.253450007068
541,-157.04439_21.16764,3186.892785962128
542,-157.04822_21.16631,3394.863686018197
543,-157.04833_21.16978,3648.37256894334
544,-157.04908_21.17296,3946.6679469154956
545,-157.05332_21.17131,4152.962434495632
546,-157.05252_21.17614,4448.869644959154
547,-157.05238_21.17824,4605.5360771714695
548,-157.05504_21.17902,4859.537470199992
549,-157.05141_21.16901,3839.612190342969
550,-157.04883_21.17107,3782.868365110676
551,-157.05693_21.16391,4026.939296105146
552,-157.06987_21.15940,5117.24705290671
553,-157.06251_21.16710,4702.958741185606
554,-156.95460_21.07414,893.402735595212
555,-156.95216_21.07581,887.3332493939193
556,-156.97114_21.07420,2452.959204533286
557,-156.97017_21.07985,2589.5254130715557
558,-157.04770_21.10623,5308.499100626377
559,-157.02962_21.09637,5621.79944543698
560,-157.04635_21.10278,5578.675579438086
561,-157.04608_21.10267,5577.4698154084335
562,-157.04583_21.10256,5576.703534912688
563,-157.04557_21.10244,5575.87292121344
564,-157.04597_21.10339,5500.16339802434
565,-157.04570_21.10329,5497.88786603357
566,-157.04545_21.10318,5497.410869321203
567,-157.04518_21.10306,5496.660364645765
568,-157.04488_21.10293,5496.012874196836
569,-157.04464_21.10283,5496.188905930211
570,-157.04413_21.10261,5495.525723734895
571,-157.04383_21.10248,5495.802764020932
572,-157.04358_21.10238,5495.76072494312
573,-157.04332_21.10227,5496.055231529225
574,-157.04308_21.10216,5496.119838801527
575,-157.03017_21.09661,5610.764894406629
576,-157.02930_21.09873,5360.926219051028
577,-157.04001_21.10254,5316.762755171575
578,-157.04677_21.10579,5304.102043341354
579,-157.04750_21.10254,5656.816434402707
580,-157.04660_21.10606,5269.504744394346
581,-157.04645_21.10637,5231.695659791853
582,-157.04719_21.10118,5775.706424026762
583,-157.04016_21.09616,5970.581747452636
584,-157.03982_21.09696,5875.513307254346
585,-157.04010_21.09697,5884.771191255108
586,-157.04035_21.09707,5885.091400874509
587,-157.04063_21.09715,5888.02973457878
588,-157.04093_21.09725,5889.630131488997
589,-157.04188_21.09765,5889.80397389951
590,-157.04052_21.09612,5988.4739541321605
591,-157.03809_21.09753,5749.972923404685
592,-157.03582_21.10003,5409.0846801672105
593,-157.03526_21.09955,5439.627417881447
594,-157.00020_21.08451,5673.066196370854
595,-156.99968_21.08148,5525.859246348515
596,-156.99986_21.08156,5545.789644803892
597,-157.00027_21.08333,5640.5354233089965
598,-156.99951_21.08204,5525.49209263111
599,-157.00076_21.08209,5651.789381535639
600,-156.99868_21.08279,5464.901439547316
601,-156.99990_21.08364,5613.966896035217
602,-156.99902_21.08221,5481.188998059821
603,-156.99990_21.08390,5622.053234950938
604,-156.99847_21.08307,5453.051488812242
605,-157.00151_21.08258,5740.911261155248
606,-157.00160_21.08241,5745.495618104861
607,-157.00140_21.08227,5721.566256612129
608,-157.00167_21.08206,5742.548915112265
609,-157.00152_21.08197,5724.6667197567
610,-157.00115_21.08197,5687.446927236967
611,-157.05291_21.11069,5200.3898168921305
612,-157.05337_21.13140,3712.306702804624
613,-157.05361_21.12899,3870.892065657106
614,-157.01722_21.15426,883.8999265836902
615,-157.01594_21.15427,931.7276352212241
616,-157.01490_21.15391,905.1180737632277
617,-157.01373_21.15409,953.2282199019196
618,-157.03017_21.17766,3411.533528994771
619,-157.01318_21.14995,564.3720584936511
620,-157.05153_21.10787,5368.111996530061
621,-157.08379_21.10696,7834.56149404319
622,-156.94407_21.06611,522.08317973945
623,-156.95134_21.06563,462.1734636005977
624,-156.95038_21.06695,289.0820532394891
625,-156.94530_21.06399,603.6299212868158
626,-156.99674_21.07877,5157.8156089917275
627,-157.03532_21.10127,5261.9141556020695
628,-157.03601_21.09966,5453.958863169435
629,-157.01803_21.16028,1450.334059053794
630,-157.01516_21.15509,1029.6663782624853
631,-157.01420_21.15524,1063.150098514184
632,-157.01370_21.15546,1099.235880782453
633,-157.01332_21.15578,1144.0868260712202
634,-157.02095_21.16035,1398.3026104928463
635,-157.01953_21.16052,1437.6990735099723
636,-157.01181_21.16460,1860.4343645089316
637,-157.05674_21.16611,4123.740064258153
638,-157.00672_21.16418,1332.0406359878466
639,-157.00980_21.15840,1549.0500181483417
640,-157.05498_21.16531,3921.2366932960017
641,-157.05597_21.16574,4033.4170032719435
642,-157.05613_21.16715,4127.237373782983
643,-157.05181_21.16436,3583.4100403148595
644,-157.05167_21.16492,3603.808824917217
645,-157.05153_21.16549,3624.4399813472837
646,-157.05146_21.16577,3635.0741394016313
647,-157.05123_21.16661,3667.644721815491
648,-157.05105_21.16696,3674.6270926149355
649,-157.05113_21.16732,3704.6945059493682
650,-156.96368_21.06961,1602.6367224324576
651,-156.99968_21.08112,5515.548039545581
652,-156.99468_21.07822,4935.868093292388
653,-156.99405_21.07814,4870.025109968427
654,-157.05592_21.16802,4159.237577126284
655,-157.05570_21.16889,4193.341604789686
656,-157.05542_21.16998,4238.488126631828
657,-157.05568_21.17138,4351.524591224297
658,-157.05483_21.17087,4246.9323468963275
659,-157.05309_21.16934,4001.033629720579
660,-157.05360_21.16853,3991.131533795114
661,-157.05397_21.16705,3931.6243378002832
662,-157.05416_21.16629,3903.0990761663593
663,-157.05784_21.16642,4240.11110374142
664,-157.05865_21.16660,4323.344504571589
665,-157.05943_21.16680,4405.414344138924
666,-157.06032_21.16647,4468.944686102245
667,-157.05942_21.16846,4494.1571907499265
668,-157.05914_21.16957,4533.893638705464
669,-157.05879_21.17096,4587.653631214672
670,-157.05852_21.17208,4634.716238685558
671,-157.05856_21.17350,4731.337019484073
672,-157.05781_21.17332,4657.412535666295
673,-157.05716_21.17278,4567.43881828629
674,-157.05642_21.17236,4478.036648161468
675,-157.05710_21.17112,4453.670682762261
676,-157.05761_21.16909,4371.404270733591
677,-157.05787_21.16805,4332.909582486343
678,-157.06102_21.16725,4573.982045999578
679,-157.06179_21.16743,4654.00411471155
680,-157.06107_21.16868,4655.258385873501
681,-157.06020_21.17020,4664.487681389157
682,-157.06047_21.17111,4742.565565514488
683,-157.06021_21.17219,4785.668309353289
684,-157.06020_21.17387,4892.645698154003
685,-157.05941_21.17370,4815.9812424648635
686,-157.05893_21.17041,4565.928312546601
687,-157.05865_21.17153,4611.103585791927
688,-157.05178_21.16832,3824.265918290605
689,-157.06094_21.16922,4673.337928077357
690,-157.06006_21.16748,4498.489714939332
691,-157.05726_21.16548,4136.987791400515
692,-157.05711_21.16607,4154.947598272015
693,-157.05696_21.17007,4374.266071549786
694,-157.00466_21.16135,1160.3341700401331
695,-157.00495_21.16122,1193.1068022028173
696,-157.00549_21.16100,1254.263598968691
697,-157.00921_21.16030,1646.7736100860209
698,-157.00850_21.16071,1564.0353377599192
699,-157.00737_21.16095,1443.1102139416225
700,-157.00787_21.16023,1515.3345182895966
701,-157.00732_21.16045,1453.670195728786
702,-157.00521_21.16160,1208.9576054291888
703,-157.00672_21.16086,1381.084072358981
704,-157.00763_21.16033,1488.5081397966992
705,-157.00662_21.16062,1378.6688354301098
706,-157.04886_21.16546,3392.3715613138534
707,-157.04944_21.16545,3441.9474749346855
708,-157.05002_21.16673,3572.1954689769877
709,-157.04994_21.16620,3531.6190007526784
710,-157.04985_21.16603,3512.9765958825647
711,-157.05041_21.16600,3559.0376983206324
712,-157.05066_21.16597,3578.4024282385576
713,-157.00708_21.08155,6274.194814328853
714,-157.05083_21.16626,3611.3432066483397
715,-157.05051_21.16631,3587.3725815385255
716,-157.05055_21.16658,3607.410604515916
717,-157.05070_21.16699,3646.6473546797515
718,-157.05049_21.16691,3623.770991162192
719,-157.05096_21.16554,3578.297912157275
720,-157.05310_21.16421,3691.0267184312293
721,-157.05294_21.16487,3713.315104621351
722,-157.05286_21.16519,3724.1657255674677
723,-157.05277_21.16551,3735.119867936602
724,-157.05253_21.16648,3771.276037385723
725,-157.05244_21.16681,3783.7920214654814
726,-157.05233_21.16722,3799.5414116408087
727,-157.05211_21.16806,3834.9209285111324
728,-157.05260_21.16408,3638.987181623117
729,-157.05251_21.16443,3649.8116204443013
730,-157.05243_21.16475,3660.6365659273165
731,-157.05234_21.16507,3671.771155434164
732,-157.05226_21.16540,3682.908497547756
733,-157.05218_21.16572,3694.614289148524
734,-157.05210_21.16604,3707.0850985322486
735,-157.05201_21.16637,3719.5935912163645
736,-157.05193_21.16669,3732.6514066603136
737,-157.05191_21.16708,3754.8895716612774
738,-157.05165_21.16730,3746.7855529519134
739,-156.75043_21.13161,11141.286100521025
740,-156.74406_21.14693,12795.273691523867
741,-156.95895_21.06726,1119.3224740168987
742,-156.95723_21.06685,951.2723328861667
743,-156.95702_21.06678,931.2698488541984
744,-156.98756_21.07875,4230.730186418339
745,-156.98771_21.07889,4250.333655887389
746,-156.98794_21.07889,4272.832293403933
747,-156.98846_21.07757,4289.323327323308
748,-156.98828_21.07804,4283.476699432922
749,-156.99793_21.08438,5444.3306469267045
750,-156.99855_21.08422,5500.301741599726
751,-156.99853_21.08458,5510.921002614937
752,-156.99834_21.08485,5501.5806385876895
753,-156.99826_21.08511,5502.766011087278
754,-156.99801_21.08552,5493.304309737473
755,-156.99785_21.08578,5488.158004654314
756,-156.99775_21.08614,5491.990212594399
757,-156.99907_21.08500,5578.769072118155
758,-156.99951_21.08459,5607.375876889658
759,-157.00003_21.08480,5666.252196673858
760,-156.99969_21.08538,5652.790222220653
761,-156.99951_21.08567,5646.466564916946
762,-156.99934_21.08596,5640.255088133498
763,-156.99851_21.08685,5593.378650576597
764,-156.99782_21.08665,5519.075899658033
765,-156.99748_21.08656,5482.669865870252
766,-156.99721_21.08635,5447.872393231816
767,-156.99709_21.08656,5445.069826256613
768,-156.99679_21.08649,5413.032184098589
769,-156.99758_21.08496,5430.5638408234
770,-156.99818_21.08530,5501.820664122475
771,-156.99871_21.08399,5507.8132187688525
772,-156.99780_21.08596,5489.9251982040005
773,-156.99825_21.08559,5519.510383351866
774,-156.99853_21.08568,5550.742466776378
775,-156.99776_21.08467,5437.4845389590855
776,-157.00132_21.08101,5677.960121415677
777,-157.00118_21.08098,5663.072457754726
778,-157.00106_21.08086,5648.01217045757
779,-157.00021_21.08062,5555.731425252033
780,-157.00220_21.08164,5783.57694751566
781,-157.00170_21.08168,5734.711038512978
782,-157.00141_21.08157,5702.811618034209
783,-157.00127_21.08158,5688.391594551318
784,-157.00098_21.08151,5657.189554111332
785,-157.00083_21.08148,5641.415982891737
786,-157.00069_21.08144,5625.850513097093
787,-157.00044_21.08139,5599.576398115569
788,-157.00003_21.08123,5553.959195111414
789,-156.96307_21.06845,1536.8162153927997
790,-156.96425_21.06893,1659.528568779123
791,-156.96581_21.06936,1822.2249670981785
792,-156.96632_21.06943,1876.039356354837
793,-156.96717_21.06980,1966.7954599592922
794,-156.96738_21.06987,1988.7622611459833
795,-156.96759_21.06996,2011.544547296627
796,-156.96784_21.07005,2037.4261508706272
797,-156.96974_21.07047,2238.0268285681927
798,-156.96997_21.07051,2262.530749808612
799,-156.97043_21.07056,2310.2419469333927
800,-156.97063_21.07059,2331.47751446962
801,-156.97106_21.07062,2376.3653693904816
802,-156.99962_21.08011,5483.031538566084
803,-156.99918_21.08005,5436.448408151551
804,-156.99904_21.08021,5427.1424025695005
805,-156.99843_21.07981,5354.620519305247
806,-156.99795_21.08050,5324.254373821326
807,-156.99626_21.07979,5135.280420472315
808,-156.99587_21.07932,5083.278786291758
809,-156.99552_21.07919,5044.312878891581
810,-156.99528_21.07909,5018.080418542856
811,-156.99522_21.07951,5022.327178245132
812,-156.99500_21.07997,5012.824150911589
813,-156.99579_21.07974,5086.586630570216
814,-156.99846_21.08058,5377.941591333495
815,-156.98174_21.07726,3603.8372464614586
816,-156.95647_21.08495,1969.571869062869
817,-156.99340_21.07803,4801.49940173631
818,-156.99247_21.07777,4700.619050789632
819,-156.99183_21.07759,4632.018118308617
820,-156.99148_21.07758,4596.178555146369
821,-156.99107_21.07754,4553.118042672397
822,-156.99062_21.07743,4504.882242689682
823,-156.99016_21.07729,4455.164954304684
824,-156.98979_21.07717,4415.005819981533
825,-156.98628_21.07653,4043.1229286854173
826,-156.98576_21.07630,3985.0234790584254
827,-156.98524_21.07607,3926.36078071893
828,-156.98472_21.07584,3868.5175902224046
829,-156.98119_21.07335,3458.472684735271
830,-156.98059_21.07324,3394.964635001144
831,-156.99920_21.08236,5503.728232209671
832,-156.99926_21.08201,5499.6619641442885
833,-156.99949_21.08143,5504.902414536909
834,-157.00035_21.08178,5601.481174672458
835,-156.99976_21.08268,5569.001642145649
836,-156.99958_21.08296,5559.80048535257
837,-156.99900_21.08353,5520.787761493184
838,-156.99930_21.08371,5556.243136737426
839,-156.99956_21.08387,5587.7460210287845
840,-156.99974_21.08414,5614.932450851476
841,-156.99999_21.08350,5617.842924644638
842,-157.00000_21.08321,5609.453354566734
843,-157.00029_21.08299,5632.454032377775
844,-157.00047_21.08270,5640.964906527064
845,-157.00096_21.08225,5676.201448568084
846,-157.00090_21.08184,5658.935819321444
847,-157.00128_21.08248,5715.013840019334
848,-157.00125_21.08277,5721.259992496031
849,-157.00108_21.08306,5712.733964496865
850,-157.00064_21.08378,5692.165404552885
851,-156.78131_21.08396,5517.996346386638
852,-156.78033_21.08577,5692.67370731106
853,-156.77076_21.08973,6779.213221459593
854,-156.77526_21.08830,6288.212917633407
855,-156.77555_21.08872,6281.279550709624
856,-156.77115_21.08855,6688.8400661774
857,-156.77363_21.08627,6352.682778256827
858,-156.77925_21.08441,5733.974178097137
859,-156.82654_21.06278,399.0751467224599
860,-156.82679_21.06266,381.3890568649588
861,-156.82732_21.06204,373.5767472985597
862,-156.82823_21.06556,241.73829270128013
863,-156.82436_21.06436,593.006827286667
864,-156.82459_21.06417,569.1521867484493
865,-156.82483_21.06419,543.8610333883771
866,-156.82497_21.06443,530.1721793064894
867,-156.82506_21.06466,522.8787465873256
868,-156.82476_21.06462,553.1174543095073
869,-156.82484_21.06481,547.3251984663526
870,-156.82466_21.06493,567.6928600787097
871,-156.82449_21.06477,582.1743296837233
872,-156.82442_21.06509,594.3045954256811
873,-156.82431_21.06489,602.3995235193261
874,-156.82423_21.06521,616.0576870770108
875,-156.82407_21.06505,629.7852277825168
876,-156.82399_21.06539,644.0922114851909
877,-156.82392_21.06519,647.7132866754345
878,-156.82378_21.06552,668.8142339152828
879,-156.96624_21.07800,2132.7375305676687
880,-156.82364_21.06531,678.6804507669995
881,-157.03540_21.09861,5543.708778723498
882,-157.03562_21.10168,5230.047363516131
883,-156.99877_21.08200,5450.1365208288125
884,-156.99864_21.08220,5442.563009432527
885,-156.99839_21.08257,5429.273574900487
886,-156.98870_21.07881,4346.862811053458
887,-156.93544_21.06899,118.26611911299706
888,-156.94107_21.06730,330.3849326726335
889,-156.94365_21.06874,257.3514751510956
890,-156.95900_21.06897,1114.2995429251168
891,-156.96197_21.07107,1446.312189231685
892,-156.95973_21.07109,1219.4576649108571
893,-156.96866_21.07170,2143.451411326856
894,-156.95649_21.06670,879.5638372640867
895,-156.91193_21.05762,2836.2761486663085
896,-156.91103_21.05740,2930.6064089892457
897,-156.87937_21.04852,5410.683552033524
898,-156.88181_21.05436,5487.816831680929
899,-156.83282_21.05990,557.186596427052
900,-156.82926_21.06196,263.8556112315633
901,-156.83022_21.06174,275.00769418583303
902,-156.82946_21.06325,124.22571043305756
903,-156.82936_21.06316,138.62489707698847
904,-156.83011_21.06311,123.54529245475841
905,-156.83435_21.05995,649.7434473137835
906,-156.83406_21.06138,521.0224795168866
907,-156.83353_21.06139,476.76872692568253
908,-156.83218_21.06284,268.27905277475725
909,-156.83431_21.06270,471.97638118205236
910,-156.77553_21.08477,6107.378634831729
911,-156.77942_21.08554,5768.088158206885
912,-156.77884_21.08481,5790.624237093718
913,-156.77127_21.08811,6658.03000004432
914,-156.79577_21.09391,4848.218999091319
915,-156.78673_21.08673,5146.817598002145
916,-157.02108_21.15203,484.9626472949257
917,-156.75997_21.09642,8109.219801535286
918,-157.03537_21.10404,4975.800951583855
919,-157.03355_21.10447,4867.193525763885
920,-156.83348_21.05817,758.5678291080638
921,-156.83428_21.05743,869.875061720955
922,-156.83478_21.05724,914.7887910927504
923,-156.79791_21.07324,3487.8238867592963
924,-156.83592_21.05691,1012.5341344218937
925,-156.83521_21.05665,994.5838824775864
926,-156.83572_21.05744,953.420495885996
927,-156.83468_21.05801,838.3517250693668
928,-156.83428_21.05772,842.5718865533267
929,-156.83346_21.05925,653.4202943909667
930,-156.83517_21.05610,1043.3467568800936
931,-156.83429_21.05851,769.4645038407251
932,-156.83413_21.05861,751.5264853921007
933,-156.83560_21.05709,976.3797605260215
934,-156.87769_21.05513,5051.089500629574
935,-156.87784_21.05506,5067.961360939252
936,-156.86385_21.05237,3748.389021592227
937,-156.86770_21.05406,4070.135596732521
938,-156.87210_21.05260,4553.671316444415
939,-156.87376_21.05151,4754.813423723564
940,-156.87401_21.05152,4779.280147932231
941,-156.87428_21.05149,4806.967367459688
942,-156.87754_21.04718,5282.328218580004
943,-156.86732_21.05414,4029.280110250902
944,-156.86697_21.05428,3990.580103762231
945,-156.87024_21.05222,4381.880038135798
946,-156.86753_21.05187,4126.997144770578
947,-156.76151_21.09647,7968.405691444081
948,-156.76128_21.09991,8166.9299528532665
949,-156.76061_21.09769,8112.876561118621
950,-156.75922_21.09619,8169.105436990764
951,-156.75816_21.09690,8301.76590653206
952,-156.75778_21.09714,8349.452302590158
953,-156.75732_21.09758,8413.737586982834
954,-156.75753_21.09739,8384.389056156899
955,-156.75631_21.09844,8549.23338428587
956,-156.75642_21.09834,8534.57622928394
957,-156.75699_21.09861,8494.933776696118
958,-156.83557_21.05680,1000.5357308995593
959,-156.84625_21.06354,1683.399391429232
960,-156.84255_21.05923,1410.311859084049
961,-156.84298_21.05842,1487.6657312407003
962,-156.84317_21.05653,1605.8040338290537
963,-156.84209_21.05558,1573.613491518593
964,-156.84100_21.05574,1473.908802609698
965,-156.84102_21.05687,1398.8449940517999
966,-156.84090_21.05953,1240.3969016354602
967,-156.83968_21.05599,1351.989854355674
968,-156.83658_21.05680,1064.193604292684
969,-156.84142_21.05490,1567.723376874305
970,-156.84254_21.05839,1448.6958233564997
971,-156.84999_21.05402,2358.772278890461
972,-156.87246_21.05419,4544.234300333296
973,-156.87446_21.05543,4715.45613592968
974,-156.87501_21.05579,4762.781181066796
975,-156.87597_21.05560,4865.453134832417
976,-156.87612_21.05554,4882.197064436703
977,-156.87644_21.05548,4916.030094075088
978,-156.87683_21.05543,4957.191976209059
979,-156.80976_21.07162,2263.7797027545307
980,-156.79221_21.07581,4137.523137701117
981,-156.75605_21.09864,8583.028783695796
982,-156.76194_21.09547,7879.619718267159
983,-156.76289_21.09567,7800.971511684522
984,-156.78576_21.08215,5013.818019096061
985,-156.78391_21.08285,5221.14979419072
986,-156.78247_21.08440,5427.515238441036
987,-156.78808_21.07858,4644.176074243103
988,-156.78225_21.08353,5409.592686737857
989,-156.79083_21.07754,4336.095605339475
990,-156.79450_21.07283,3816.8720522597496
991,-156.79519_21.07271,3744.592529654381
992,-156.79556_21.07301,3715.9736481519926
993,-156.79582_21.07203,3662.6178812575404
994,-156.79629_21.07283,3637.2627940170314
995,-156.80970_21.06999,2210.4171999703954
996,-156.81078_21.06951,2087.7170956774958
997,-156.81143_21.06938,2019.0482793491053
998,-156.80378_21.06925,2788.195569316469
999,-156.80431_21.06894,2727.172642022106
1000,-156.81286_21.06899,1864.1185824179424
1001,-156.81993_21.06486,1055.554107627376
1002,-156.82321_21.06349,716.9087305706054
1003,-156.82563_21.06120,569.5260274101142
1004,-156.82305_21.06368,731.1719152376372
1005,-156.82474_21.06367,556.3738235224297
1006,-156.82464_21.06374,566.6930984566801
1007,-156.84465_21.05541,1802.4609916179727
1008,-156.82774_21.06521,265.9406820532696
1009,-156.82759_21.06180,370.80359718598436
1010,-156.82664_21.06246,406.3077553883617
1011,-156.82349_21.06514,691.0348222943104
1012,-156.82344_21.06493,693.4263295454969
1013,-156.82368_21.06479,666.8473172220246
1014,-156.82389_21.06467,644.1590798089013
1015,-156.75120_21.10822,9533.186665573854
1016,-156.74635_21.10810,9963.359761947497
1017,-156.74631_21.10668,9891.671185559399
1018,-156.74298_21.11116,10435.18786095626
1019,-156.74345_21.11100,10384.13123786422
1020,-156.74516_21.11107,10234.592791204417
1021,-156.74624_21.11182,10180.55999967172
1022,-156.74505_21.11221,10308.463871154276
1023,-156.74184_21.11192,10579.915305394214
1024,-156.74602_21.11277,10254.802361577096
1025,-157.06475_21.15857,4579.68774401441
1026,-157.05774_21.17020,4450.405919817763
1027,-157.07494_21.17926,6493.659917937299
1028,-157.07508_21.17866,6471.244687096012
1029,-157.09508_21.17833,8292.488656711583
1030,-157.09613_21.17405,8212.152855652663
1031,-157.10656_21.15182,8775.3338861224
1032,-157.11225_21.16589,9567.060943002882
1033,-156.82251_21.06446,785.1253971986218
1034,-157.03969_21.09892,5669.174105149284
1035,-157.04062_21.09970,5628.935581226861
1036,-157.03703_21.10359,5086.209471686751
1037,-156.74036_21.11454,10859.404222130977
1038,-156.74299_21.11151,10453.168943767534
1039,-156.86385_21.07320,3649.2187144292798
1040,-156.74165_21.11497,10769.573967271912
1041,-156.73776_21.14266,12938.461469667815
1042,-156.74678_21.15476,13242.271986976664
1043,-157.11558_21.16664,9922.76807403784
1044,-157.08272_21.15407,6326.320833478689
1045,-157.08008_21.15401,6052.464310778999
1046,-157.08029_21.15301,6062.914593822185
1047,-157.04975_21.16044,3188.385224188714
1048,-157.09653_21.16566,7971.972230592973
1049,-157.08320_21.17928,7233.770388830554
1050,-157.09952_21.18213,8887.63607959779
1051,-156.78201_21.08369,5439.473818472417
1052,-156.79166_21.07992,4353.505488350956
1053,-156.80936_21.06865,2206.9901530333204
1054,-157.03914_21.10090,5445.326516176524
1055,-157.03828_21.10091,5409.86415356843
1056,-157.03710_21.09969,5490.031166543796
1057,-157.03746_21.10065,5404.163829157207
1058,-157.03774_21.10006,5476.165929993003
1059,-157.03316_21.10436,4866.003275669748
1060,-157.03231_21.10347,4932.53230892087
1061,-157.03193_21.10285,4987.173853586937
1062,-157.03188_21.10249,5023.770313089681
1063,-157.03230_21.10121,5172.287700974164
1064,-157.03345_21.10023,5309.9898828581845
1065,-157.03310_21.10184,5129.248558013439
1066,-157.03300_21.10251,5055.580115249843
1067,-157.03783_21.10322,5155.730675492686
1068,-157.03918_21.10312,5222.492095706669
1069,-157.25215_21.17288,24045.136860836494
1070,-157.27062_21.15325,25811.36628634204
1071,-157.26650_21.15993,25411.13022358663
1072,-156.98632_21.07789,4082.0644795927888
1073,-157.10448_21.16571,8774.907642066131
1074,-157.07154_21.14981,5131.988154634659
1075,-157.07433_21.15027,5423.5644989958255
1076,-157.06363_21.16454,4688.414124267215
1077,-157.07470_21.17363,6159.647453347644
1078,-157.07627_21.17397,6321.888574590538
1079,-157.07793_21.17374,6464.149476991163
1080,-157.08089_21.17490,6797.243606273574
1081,-157.08236_21.17534,6955.73496119732
1082,-157.07583_21.16877,6037.335732640792
1083,-157.08308_21.16622,6646.5996606096005
1084,-157.09546_21.14667,7612.599692629706
1085,-157.09565_21.15778,7710.323393850337
1086,-157.06316_21.18022,5569.292050378994
1087,-156.98878_21.07686,4304.518513565572
1088,-157.06646_21.16647,5042.981666664865
1089,-157.06111_21.17479,5029.32721019713
1090,-157.04318_21.16448,2859.4190520161046
1091,-157.06270_21.16713,4721.855658514059
1092,-157.06998_21.17262,5675.72794703408
1093,-157.08596_21.16793,6989.713117557976
1094,-157.07508_21.16508,5818.3325476938635
1095,-157.03377_21.09658,5707.066158689757
1096,-157.04287_21.10333,5369.564759852624
1097,-156.99729_21.08409,5370.588161969938
1098,-156.99703_21.08446,5358.819145243037
1099,-157.07088_21.18190,6313.423167692584
1100,-156.87745_21.04803,5241.208619135039
1101,-156.79574_21.07375,3720.1695269914208
1102,-157.09722_21.16916,8145.057477179087
1103,-157.08716_21.17619,7445.46512266021
1104,-156.77020_21.09000,6844.450109971086
1105,-157.11081_21.18127,9923.540320309208
1106,-156.97145_21.07065,2417.2416822721257
1107,-156.75328_21.10124,8970.414477253393
1108,-156.98851_21.07676,4274.566144141133
1109,-157.00986_21.08225,6572.373866287345
1110,-157.05404_21.16241,3684.5271180397376
1111,-157.06041_21.16435,4373.8238344048805
1112,-157.05322_21.17131,4144.8804020443295
1113,-156.97007_21.07985,2580.402869641367
1114,-156.99976_21.08156,5535.748748404294
1115,-157.05281_21.11069,5194.020395237631
1116,-157.03007_21.17766,3409.022230162352
1117,-157.01308_21.14995,570.6527228881241
1118,-157.08369_21.10696,7826.078163336933
1119,-156.94397_21.06611,529.0903522412635
1120,-156.95028_21.06695,281.32908523145113
1121,-157.01322_21.15578,1147.0649385576573
1122,-157.02085_21.16035,1399.2938118536752
1123,-156.96358_21.06961,1592.2670028308523
1124,-157.05473_21.17087,4238.645610251393
1125,-157.05387_21.16705,3922.906004113591
1126,-157.05855_21.16660,4314.248223292504
1127,-157.05932_21.16846,4485.22382277666
1128,-157.00456_21.16135,1150.333304252214
1129,-157.00662_21.16086,1371.073135439593
1130,-156.99843_21.08458,5501.075868508121
1131,-156.99941_21.08459,5597.5121183047195
1132,-156.99993_21.08480,5656.39142800944
1133,-156.99941_21.08567,5636.670863718099
1134,-157.00073_21.08148,5631.358619056964
1135,-156.96622_21.06943,1865.6578609659507
1136,-156.99237_21.07777,4690.4693246148045
1137,-156.99173_21.07759,4621.8661526266305
1138,-156.99138_21.07758,4586.029311090034
1139,-156.98109_21.07335,3448.1984033606386
1140,-157.00019_21.08299,5622.4835970328395
1141,-156.83272_21.05990,551.9207265113758
1142,-156.83001_21.06311,123.55954612103577
1143,-156.77932_21.08554,5777.571822979791
1144,-156.87774_21.05506,5057.779082556655
1145,-156.86760_21.05406,4060.1488538646704
1146,-156.87200_21.05260,4543.702431552807
1147,-156.84307_21.05653,1597.0019124441849
1148,-156.87587_21.05560,4855.262498480904
1149,-156.79440_21.07283,3826.935850427354
1150,-156.79619_21.07283,3647.2926864252863
1151,-156.81983_21.06486,1065.92333971802
1152,-156.82295_21.06368,741.5301241125958
1153,-156.82654_21.06246,415.4517288908395
1154,-156.75110_21.10822,9542.120270384896
1155,-157.05764_21.17020,4441.790529706269
1156,-157.11215_21.16589,9556.90582310713
1157,-156.74155_21.11497,10778.439812019162
1158,-156.78191_21.08369,5449.016396786526
1159,-157.00425_21.16454,1075.672183678256
1160,-157.00445_21.16454,1096.428665536179
1161,-157.04692_21.10328,5556.6980726492075
1162,-157.04712_21.10328,5566.336325033621
1163,-157.10515_21.17087,8988.259331207808
1164,-157.10535_21.17087,9008.17522216985
1165,-157.11129_21.17218,9640.528906810407
1166,-157.11149_21.17218,9660.46977147933
1167,-156.98164_21.07726,3593.81494735338
1168,-156.98184_21.07726,3613.861633846144
1169,-156.82749_21.06180,378.07506587045265
1170,-156.82769_21.06180,363.683757013216
1171,-156.73766_21.14266,12946.164902236833
1172,-156.73786_21.14266,12930.761796059538
1173,-156.73776_21.14276,12945.893378801618
1174,-157.01793_21.16028,1453.4574704583267
1175,-157.01813_21.16028,1447.278445641425
1176,-157.01803_21.16038,1460.9084408618698
1177,-157.01803_21.16018,1439.7671575427885
1178,-157.01793_21.16038,1464.0092902950375
1179,-157.01793_21.16018,1442.913444947209
1180,-157.01813_21.16038,1457.874992889799
1181,-157.01813_21.16018,1436.689068086591
1182,-156.99964_21.07987,5478.945942873144
1183,-156.99957_21.07999,5474.71993002437
1184,-156.99953_21.08009,5473.17256707506
1185,-156.99946_21.08021,5469.318252338391
1186,-156.99943_21.08034,5469.952904792909
1187,-156.99954_21.08044,5483.508286583256
1188,-156.99969_21.08039,5496.7277852330935
1189,-156.99976_21.08027,5501.513211589473
1190,-156.99982_21.08015,5504.707678647556
1191,-156.99991_21.08003,5509.925452748925
1192,-157.00953_21.15913,1634.352853051074
1193,-157.00970_21.15900,1613.7591936105011
1194,-157.00983_21.15883,1591.0816245063738
1195,-157.00994_21.15866,1568.6569535883004
1196,-157.01014_21.15851,1545.3497719935085
1197,-157.01039_21.15823,1505.7639687783258
1198,-157.01023_21.15818,1507.2699081005042
1199,-157.01002_21.15810,1508.931039197003
1200,-157.00982_21.15803,1511.155478363241
1201,-157.00961_21.15795,1514.220157474745
1202,-157.00961_21.15847,1564.9157083170203
1203,-157.00950_21.15865,1588.441286944329
1204,-157.24228_21.18518,23230.477453540036
1205,-157.24245_21.18519,23248.265697506205
1206,-157.24257_21.18534,23262.74753740877
1207,-157.24270_21.18541,23277.865212144974
1208,-157.24288_21.18546,23297.376505079457
1209,-157.24307_21.18549,23317.39033395122
1210,-157.24339_21.18526,23345.476806247534
1211,-157.24357_21.18539,23366.38708091207
1212,-157.24373_21.18540,23382.6229642766
1213,-157.24402_21.18545,23413.411128636923
1214,-157.24401_21.18582,23419.579644029513
1215,-157.24415_21.18595,23436.419666392907
1216,-157.24428_21.18603,23451.546698717768
1217,-157.24314_21.18592,23333.188607059394
1218,-157.24331_21.18597,23350.665211256888
1219,-157.24354_21.18602,23375.919047983072
1220,-157.24360_21.18615,23384.027105513935
1221,-157.24353_21.18636,23381.3365058576
1222,-157.24345_21.18658,23377.50149041549
1223,-157.24331_21.18661,23363.992328780594
1224,-157.24323_21.18671,23357.37690576786
1225,-157.24376_21.18721,23421.896966412984
1226,-157.24390_21.18736,23439.69761338183
1227,-157.24406_21.18732,23454.837307741822
1228,-157.24419_21.18728,23467.649570253405
1229,-157.24411_21.18683,23449.66175084528
1230,-157.24402_21.18668,23437.435993117007
1231,-157.24393_21.18657,23426.86406085786
1232,-157.24441_21.18725,23489.399869460132
1233,-157.24457_21.18727,23506.203457020078
1234,-157.24488_21.18542,23500.696685054503
1235,-157.24528_21.18555,23544.16164890179
1236,-157.24556_21.18543,23570.533949103647
1237,-157.24583_21.18529,23595.485014709415
1238,-157.24604_21.18507,23612.658498997764
1239,-157.24606_21.18551,23623.095707770684
1240,-157.24618_21.18589,23642.322104515533
1241,-157.24620_21.18605,23647.94535194156
1242,-157.24640_21.18651,23677.83335388696
1243,-157.24568_21.18646,23602.516981897636
1244,-157.24540_21.18644,23573.46046018853
1245,-157.24518_21.18612,23545.12858723773
1246,-157.24513_21.18581,23534.138850965297
1247,-157.24551_21.18667,23589.71118429168
1248,-157.24543_21.18694,23587.029175574393
1249,-157.24563_21.18727,23614.599724139298
1250,-157.24588_21.18741,23642.676654334355
1251,-157.24618_21.18743,23673.176585540376
1252,-157.24656_21.18743,23712.516078058896
1253,-157.24670_21.18678,23713.98130140428
1254,-157.24720_21.18703,23769.304350512106
1255,-157.24745_21.18729,23800.008594728242
1256,-157.24761_21.18750,23821.11953352362
1257,-157.24700_21.18833,23776.271952343646
1258,-157.24668_21.18827,23741.44522303299
1259,-157.24640_21.18819,23711.417380089126
1260,-157.24608_21.18819,23678.65702848173
1261,-157.24574_21.18831,23646.979509674366
1262,-157.24573_21.18863,23652.275494333444
1263,-157.24586_21.18897,23673.203950214902
1264,-157.24624_21.18894,23711.306060591665
1265,-157.24647_21.18889,23733.377870649423
1266,-157.24497_21.19040,23613.19292462502
1267,-157.24511_21.19016,23622.543134725278
1268,-157.24527_21.18996,23634.808136906388
1269,-157.24557_21.19001,23665.77111168176
1270,-157.24604_21.18990,23711.177430420335
1271,-157.24574_21.19052,23694.034205348864
1272,-157.24564_21.19118,23699.099177050288
1273,-157.24606_21.19119,23741.8871038998
1274,-157.24666_21.19105,23799.333790541405
1275,-157.24700_21.19098,23833.050761544484
1276,-157.24714_21.19077,23842.199694680912
1277,-157.24704_21.19050,23826.06980739784
1278,-157.24672_21.19041,23791.782466018154
1279,-157.24683_21.19016,23797.593682133927
