,X,Y,Island,TMK,Uid
0,-157.131945515,21.144227322,Molokai,251002036,-157.13194_21.14422
1,-157.257805957,21.1479159589,Molokai,251002044,-157.25780_21.14791
2,-157.246135832,21.1902878931,Molokai,251003011,-157.24613_21.19028
3,-157.208562065,21.1570360599,Molokai,251004008,-157.20856_21.15703
4,-157.219229951,21.1773825601,Molokai,251004020,-157.21922_21.17738
5,-157.210939878,21.1725311087,Molokai,251004023,-157.21093_21.17253
6,-157.208142182,21.166625641,Molokai,251004027,-157.20814_21.16662
7,-157.24633015,21.1831919436,Molokai,251005001,-157.24633_21.18319
8,-157.245873819,21.1831720788,Molokai,251005003,-157.24587_21.18317
9,-157.245437168,21.1831273723,Molokai,251005005,-157.24543_21.18312
10,-157.243896021,21.1832124341,Molokai,251005012,-157.24389_21.18321
11,-157.243012908,21.1832299351,Molokai,251005016,-157.24301_21.18322
12,-157.228361333,21.1729541042,Molokai,251006007,-157.22836_21.17295
13,-157.22915496,21.172329431,Molokai,251006008,-157.22915_21.17232
14,-157.257528248,21.1670862932,Molokai,251006063,-157.25752_21.16708
15,-157.252253325,21.1728862093,Molokai,251006072,-157.25225_21.17288
16,-157.236508845,21.1801664802,Molokai,251006109,-157.23650_21.18016
17,-157.24170008,21.1823621559,Molokai,251006114,-157.24170_21.18236
18,-157.234690528,21.1812457486,Molokai,251006124,-157.23469_21.18124
19,-157.23121867,21.1758200441,Molokai,251006140,-157.23121_21.17582
20,-157.231360956,21.1767915874,Molokai,251006141,-157.23136_21.17679
21,-157.231814524,21.1798623519,Molokai,251006145,-157.23181_21.17986
22,-157.233481594,21.1775410465,Molokai,251006148,-157.23348_21.17754
23,-157.233466572,21.1757262406,Molokai,251006150,-157.23346_21.17572
24,-157.272200937,21.1572614522,Molokai,251007032,-157.27220_21.15726
25,-157.27072669,21.1532579356,Molokai,251007041,-157.27072_21.15325
26,-157.267581614,21.1593834472,Molokai,251007053,-157.26758_21.15938
27,-157.266604184,21.1599320664,Molokai,251007054,-157.26660_21.15993
28,-157.261755562,21.1638096991,Molokai,251007064,-157.26175_21.16380
29,-156.987506446,21.078286925,Molokai,254011050,-156.98750_21.07828
30,-156.987268011,21.0781928714,Molokai,254011051,-156.98726_21.07819
31,-156.98642297,21.0778990592,Molokai,254011052,-156.98642_21.07789
32,-156.986974119,21.0778138653,Molokai,254011053,-156.98697_21.07781
33,-156.987280454,21.0774492151,Molokai,254011054,-156.98728_21.07744
34,-156.988242736,21.0772078444,Molokai,254011055,-156.98824_21.07720
35,-156.988064454,21.0771311175,Molokai,254011056,-156.98806_21.07713
36,-156.988141566,21.077456058,Molokai,254011058,-156.98814_21.07745
37,-156.987960601,21.0779240674,Molokai,254011059,-156.98796_21.07792
38,-156.987819598,21.0778262406,Molokai,254011060,-156.98781_21.07782
39,-157.000027112,21.0856257602,Molokai,254012003,-157.00002_21.08562
40,-157.000174736,21.0853946754,Molokai,254012004,-157.00017_21.08539
41,-157.000311013,21.0851818564,Molokai,254012005,-157.00031_21.08518
42,-157.000436078,21.0849867855,Molokai,254012006,-157.00043_21.08498
43,-157.00078316,21.0844466168,Molokai,254012009,-157.00078_21.08444
44,-157.000896025,21.0842738386,Molokai,254012010,-157.00089_21.08427
45,-156.996283177,21.0848398141,Molokai,254010047,-156.99628_21.08483
46,-156.996123809,21.0850723767,Molokai,254010048,-156.99612_21.08507
47,-156.995807577,21.0855403217,Molokai,254010050,-156.99580_21.08554
48,-156.995880281,21.0863072593,Molokai,254010054,-156.99588_21.08630
49,-156.987381763,21.0770795421,Molokai,254011003,-156.98738_21.07707
50,-156.987739172,21.0773995083,Molokai,254011005,-156.98773_21.07739
51,-156.988551043,21.0773468225,Molokai,254011009,-156.98855_21.07734
52,-156.988689052,21.0775381173,Molokai,254011010,-156.98868_21.07753
53,-156.988815307,21.0778686697,Molokai,254011011,-156.98881_21.07786
54,-157.104582365,21.1657183604,Molokai,252002025,-157.10458_21.16571
55,-157.099027473,21.1644743365,Molokai,252002031,-157.09902_21.16447
56,-157.104045444,21.1464587085,Molokai,252002058,-157.10404_21.14645
57,-157.070054225,21.1489309327,Molokai,252004009,-157.07005_21.14893
58,-157.071649842,21.1498180976,Molokai,252004010,-157.07164_21.14981
59,-157.058350643,21.1750547692,Molokai,252017021,-157.05835_21.17505
60,-157.058946769,21.1762961812,Molokai,252017023,-157.05894_21.17629
61,-157.059350829,21.175277901,Molokai,252017024,-157.05935_21.17527
62,-157.059278126,21.175756612,Molokai,252017025,-157.05927_21.17575
63,-156.989014681,21.0779571645,Molokai,254011012,-156.98901_21.07795
64,-156.988765712,21.0785699932,Molokai,254011013,-156.98876_21.07856
65,-156.98854563,21.0785632631,Molokai,254011014,-156.98854_21.07856
66,-156.997276066,21.0852688555,Molokai,254004005,-156.99727_21.08526
67,-156.997387603,21.0847653817,Molokai,254004006,-156.99738_21.08476
68,-156.997750829,21.0842126057,Molokai,254004008,-156.99775_21.08421
69,-156.998017463,21.0840008134,Molokai,254004009,-156.99801_21.08400
70,-156.998198052,21.0837156652,Molokai,254004010,-156.99819_21.08371
71,-157.081502551,21.1558988675,Molokai,252004105,-157.08150_21.15589
72,-157.083498515,21.1544647145,Molokai,252004124,-157.08349_21.15446
73,-157.115489188,21.1797584875,Molokai,252005014,-157.11548_21.17975
74,-157.113536197,21.1803070282,Molokai,252005042,-157.11353_21.18030
75,-157.082033542,21.1842466353,Molokai,252006057,-157.08203_21.18424
76,-157.083591488,21.1845811314,Molokai,252006058,-157.08359_21.18458
77,-157.085432419,21.1810442246,Molokai,252006059,-157.08543_21.18104
78,-157.065449614,21.1589220401,Molokai,252007068,-157.06544_21.15892
79,-156.954893588,21.0666291332,Molokai,254013010,-156.95489_21.06662
80,-156.955082892,21.0666486772,Molokai,254013011,-156.95508_21.06664
81,-156.955312557,21.0666643802,Molokai,254013012,-156.95531_21.06666
82,-156.955922554,21.0666887149,Molokai,254013015,-156.95592_21.06668
83,-156.95629995,21.0666927661,Molokai,254013017,-156.95629_21.06669
84,-156.954620979,21.0673321532,Molokai,254013018,-156.95462_21.06733
85,-156.952654957,21.0669199527,Molokai,254013022,-156.95265_21.06691
86,-156.953645807,21.066466495,Molokai,254013023,-156.95364_21.06646
87,-157.287564805,21.1413597217,Molokai,251008035,-157.28756_21.14135
88,-157.074437175,21.1502743075,Molokai,252004011,-157.07443_21.15027
89,-157.063739848,21.1645463616,Molokai,252007009,-157.06373_21.16454
90,-157.072616924,21.1690680825,Molokai,252022010,-157.07261_21.16906
91,-157.073234229,21.1732977743,Molokai,252022011,-157.07323_21.17329
92,-157.074800477,21.1736379589,Molokai,252022012,-157.07480_21.17363
93,-157.0763772,21.1739703296,Molokai,252022013,-157.07637_21.17397
94,-157.078032145,21.1737486554,Molokai,252022014,-157.07803_21.17374
95,-157.079485295,21.174524825,Molokai,252022015,-157.07948_21.17452
96,-157.080998775,21.1749086466,Molokai,252022016,-157.08099_21.17490
97,-157.082468276,21.1753490917,Molokai,252022017,-157.08246_21.17534
98,-157.068686093,21.1716436492,Molokai,252022022,-157.06868_21.17164
99,-157.069224463,21.1694530131,Molokai,252022024,-157.06922_21.16945
100,-157.077472672,21.1775263299,Molokai,252022026,-157.07747_21.17752
101,-157.070092227,21.1670884979,Molokai,252023004,-157.07009_21.16708
102,-157.070352411,21.1647583136,Molokai,252023006,-157.07035_21.16475
103,-157.070582737,21.1638115524,Molokai,252023007,-157.07058_21.16381
104,-157.071341997,21.1606954011,Molokai,252023009,-157.07134_21.16069
105,-157.071030568,21.1595334833,Molokai,252023010,-157.07103_21.15953
106,-157.071403177,21.1596095024,Molokai,252023011,-157.07140_21.15960
107,-157.071783258,21.1596904847,Molokai,252023012,-157.07178_21.15969
108,-157.072162992,21.1597695656,Molokai,252023013,-157.07216_21.15976
109,-157.072183402,21.1638792239,Molokai,252023014,-157.07218_21.16387
110,-157.073750976,21.1642089856,Molokai,252023015,-157.07375_21.16420
111,-157.076460258,21.1649054652,Molokai,252023018,-157.07646_21.16490
112,-157.075937068,21.1687726136,Molokai,252023020,-157.07593_21.16877
113,-157.079413703,21.161320967,Molokai,252023022,-157.07941_21.16132
114,-157.080037349,21.1655545998,Molokai,252023023,-157.08003_21.16555
115,-157.082523476,21.1621744561,Molokai,252023024,-157.08252_21.16217
116,-157.080668205,21.1697845987,Molokai,252023027,-157.08066_21.16978
117,-157.083187067,21.1662264014,Molokai,252023028,-157.08318_21.16622
118,-156.869992609,21.0508127535,Molokai,256009018,-156.86999_21.05081
119,-156.870961608,21.0507421609,Molokai,256010001,-156.87096_21.05074
120,-157.001004836,21.0841070392,Molokai,254012011,-157.00100_21.08410
121,-157.001109198,21.0839465996,Molokai,254012012,-157.00110_21.08394
122,-157.001309595,21.0836403515,Molokai,254012014,-157.00130_21.08364
123,-157.001507984,21.0833327554,Molokai,254012016,-157.00150_21.08333
124,-157.001607278,21.0831784621,Molokai,254012017,-157.00160_21.08317
125,-157.001707872,21.0830257393,Molokai,254012018,-157.00170_21.08302
126,-157.001808891,21.0828721951,Molokai,254012019,-157.00180_21.08287
127,-157.002109281,21.0824122548,Molokai,254012022,-157.00210_21.08241
128,-157.002208741,21.0822582809,Molokai,254012023,-157.00220_21.08225
129,-157.002272222,21.0818921903,Molokai,254012024,-157.00227_21.08189
130,-157.003185115,21.081743146,Molokai,254012028,-157.00318_21.08174
131,-157.003411894,21.0818559566,Molokai,254012029,-157.00341_21.08185
132,-157.003094019,21.0822413757,Molokai,254012030,-157.00309_21.08224
133,-157.095569959,21.1466725278,Molokai,252001011,-157.09556_21.14667
134,-157.127550515,21.1436476215,Molokai,252001031,-157.12755_21.14364
135,-157.116190655,21.1521235698,Molokai,252002008,-157.11619_21.15212
136,-157.097117349,21.1640642179,Molokai,252002021,-157.09711_21.16406
137,-157.100895982,21.1649270927,Molokai,252002023,-157.10089_21.16492
138,-157.075939066,21.1507961087,Molokai,252004012,-157.07593_21.15079
139,-157.078275125,21.1514856459,Molokai,252004013,-157.07827_21.15148
140,-157.067018216,21.1577154099,Molokai,252004019,-157.06701_21.15771
141,-157.068614912,21.1579758156,Molokai,252004020,-157.06861_21.15797
142,-157.072008008,21.1506626309,Molokai,252004021,-157.07200_21.15066
143,-157.071942094,21.1585162769,Molokai,252004022,-157.07194_21.15851
144,-157.073601082,21.1588881428,Molokai,252004023,-157.07360_21.15888
145,-157.075278769,21.1592330148,Molokai,252004024,-157.07527_21.15923
146,-157.078674242,21.1524934085,Molokai,252004025,-157.07867_21.15249
147,-157.083414002,21.1577867549,Molokai,252004027,-157.08341_21.15778
148,-157.080809764,21.1585557199,Molokai,252004028,-157.08080_21.15855
149,-157.081638043,21.1603030401,Molokai,252004029,-157.08163_21.16030
150,-157.082613293,21.1608799685,Molokai,252004036,-157.08261_21.16087
151,-157.090872442,21.1628113728,Molokai,252004042,-157.09087_21.16281
152,-157.093018229,21.1632298578,Molokai,252004043,-157.09301_21.16322
153,-157.096741139,21.1579485639,Molokai,252004044,-157.09674_21.15794
154,-157.084168272,21.1612803251,Molokai,252004054,-157.08416_21.16128
155,-157.089338571,21.1600652637,Molokai,252004055,-157.08933_21.16006
156,-157.095752645,21.157786279,Molokai,252004056,-157.09575_21.15778
157,-157.08719415,21.1585584481,Molokai,252004057,-157.08719_21.15855
158,-157.080863289,21.1594279356,Molokai,252004059,-157.08086_21.15942
159,-157.081813591,21.1537643134,Molokai,252004079,-157.08181_21.15376
160,-157.081843049,21.1549692974,Molokai,252004080,-157.08184_21.15496
161,-156.952576432,21.067071298,Molokai,254013024,-156.95257_21.06707
162,-156.952498912,21.0672245782,Molokai,254013025,-156.95249_21.06722
163,-156.952425664,21.0673829077,Molokai,254013026,-156.95242_21.06738
164,-156.952329247,21.0675333426,Molokai,254013027,-156.95232_21.06753
165,-156.95223271,21.067768212,Molokai,254013029,-156.95223_21.06776
166,-156.951931,21.0678055276,Molokai,254013030,-156.95193_21.06780
167,-156.951665224,21.0678270137,Molokai,254013031,-156.95166_21.06782
168,-156.951616746,21.0676503669,Molokai,254013032,-156.95161_21.06765
169,-156.951865319,21.0673885653,Molokai,254013034,-156.95186_21.06738
170,-156.952049602,21.0672289882,Molokai,254013035,-156.95204_21.06722
171,-156.951805964,21.0672170967,Molokai,254013036,-156.95180_21.06721
172,-156.951558118,21.0672764062,Molokai,254013037,-156.95155_21.06727
173,-156.951561204,21.0670760234,Molokai,254013038,-156.95156_21.06707
174,-156.95165104,21.0668144196,Molokai,254013039,-156.95165_21.06681
175,-156.951860116,21.0667738579,Molokai,254013040,-156.95186_21.06677
176,-156.952072391,21.0668469317,Molokai,254013041,-156.95207_21.06684
177,-156.952259768,21.06609142,Molokai,254013043,-156.95225_21.06609
178,-156.952078792,21.0660150268,Molokai,254013044,-156.95207_21.06601
179,-156.953620571,21.0673702819,Molokai,254013048,-156.95362_21.06737
180,-156.945866006,21.0713405471,Molokai,254014002,-156.94586_21.07134
181,-156.939755122,21.0717305595,Molokai,254014037,-156.93975_21.07173
182,-156.761974614,21.0967938711,Molokai,257001005,-156.76197_21.09679
183,-156.762876653,21.0974721333,Molokai,257001009,-156.76287_21.09747
184,-156.763632127,21.0984861862,Molokai,257001011,-156.76363_21.09848
185,-157.007417065,21.1612764598,Molokai,252016066,-157.00741_21.16127
186,-157.007691129,21.1611982061,Molokai,252016073,-157.00769_21.16119
187,-157.058916075,21.1751726242,Molokai,252017001,-157.05891_21.17517
188,-157.061796356,21.1789376262,Molokai,252017004,-157.06179_21.17893
189,-157.063266579,21.1802248204,Molokai,252017005,-157.06326_21.18022
190,-157.064831534,21.1805942245,Molokai,252017006,-157.06483_21.18059
191,-157.059411218,21.1763133173,Molokai,252017026,-157.05941_21.17631
192,-157.059859231,21.1773198249,Molokai,252017029,-157.05985_21.17731
193,-157.060764562,21.1776528636,Molokai,252017032,-157.06076_21.17765
194,-157.060909034,21.1768858353,Molokai,252017034,-157.06090_21.17688
195,-157.061070139,21.1764877772,Molokai,252017035,-157.06107_21.17648
196,-157.060310007,21.176369959,Molokai,252017037,-157.06031_21.17636
197,-157.059919803,21.1754701028,Molokai,252017039,-157.05991_21.17547
198,-157.006974722,21.162155167,Molokai,252020011,-157.00697_21.16215
199,-157.006874801,21.1618640181,Molokai,252020012,-157.00687_21.16186
200,-157.006698746,21.161958312,Molokai,252020013,-157.00669_21.16195
201,-157.006534057,21.1620439791,Molokai,252020014,-157.00653_21.16204
202,-157.006761967,21.1622862252,Molokai,252020015,-157.00676_21.16228
203,-157.006759795,21.1625659962,Molokai,252020016,-157.00675_21.16256
204,-157.006076895,21.1623126506,Molokai,252020020,-157.00607_21.16231
205,-157.005548697,21.1621847235,Molokai,252020023,-157.00554_21.16218
206,-157.005563695,21.1619865085,Molokai,252020024,-157.00556_21.16198
207,-157.005796198,21.1619118149,Molokai,252020025,-157.00579_21.16191
208,-157.005972775,21.1618125085,Molokai,252020026,-157.00597_21.16181
209,-156.97902929,21.0726430449,Molokai,254006021,-156.97902_21.07264
210,-156.978568792,21.0724489979,Molokai,254006022,-156.97856_21.07244
211,-156.977795338,21.072083138,Molokai,254006023,-156.97779_21.07208
212,-156.977434842,21.0718964806,Molokai,254006024,-156.97743_21.07189
213,-156.989233434,21.0768809196,Molokai,254006028,-156.98923_21.07688
214,-156.988884203,21.0768613984,Molokai,254006033,-156.98888_21.07686
215,-157.062104659,21.1646383223,Molokai,252007008,-157.06210_21.16463
216,-157.065198078,21.1651439997,Molokai,252007010,-157.06519_21.16514
217,-157.066564107,21.1664761205,Molokai,252007011,-157.06656_21.16647
218,-157.068823722,21.1636952971,Molokai,252007012,-157.06882_21.16369
219,-157.046130394,21.162452757,Molokai,252007013,-157.04613_21.16245
220,-157.061216842,21.1747965825,Molokai,252007020,-157.06121_21.17479
221,-157.063468542,21.1720112694,Molokai,252007021,-157.06346_21.17201
222,-157.064727358,21.173971073,Molokai,252007022,-157.06472_21.17397
223,-157.065861414,21.1758820617,Molokai,252007023,-157.06586_21.17588
224,-157.043286306,21.1644823846,Molokai,252007028,-157.04328_21.16448
225,-157.004063707,21.1616026188,Molokai,252018001,-157.00406_21.16160
226,-157.003111258,21.1616989029,Molokai,252018004,-157.00311_21.16169
227,-157.003338376,21.1619867207,Molokai,252018005,-157.00333_21.16198
228,-157.003686409,21.162390611,Molokai,252018008,-157.00368_21.16239
229,-157.003880619,21.1622941351,Molokai,252018009,-157.00388_21.16229
230,-157.004250982,21.1621026791,Molokai,252018011,-157.00425_21.16210
231,-157.00443839,21.1620105232,Molokai,252018012,-157.00443_21.16201
232,-157.006312582,21.1616275315,Molokai,252020028,-157.00631_21.16162
233,-157.006478592,21.1615383804,Molokai,252020029,-157.00647_21.16153
234,-157.005204706,21.1621423878,Molokai,252020031,-157.00520_21.16214
235,-157.005292866,21.1623033593,Molokai,252020032,-157.00529_21.16230
236,-157.005472038,21.1626145567,Molokai,252020034,-157.00547_21.16261
237,-157.005561954,21.1627709924,Molokai,252020035,-157.00556_21.16277
238,-156.998141923,21.0829550926,Molokai,254010011,-156.99814_21.08295
239,-157.004600805,21.1618659602,Molokai,252018014,-157.00460_21.16186
240,-157.004882398,21.1625493394,Molokai,252018015,-157.00488_21.16254
241,-157.004084069,21.1627830457,Molokai,252018017,-157.00408_21.16278
242,-157.00419477,21.163034501,Molokai,252018018,-157.00419_21.16303
243,-157.003769616,21.1634048035,Molokai,252018019,-157.00376_21.16340
244,-157.004341803,21.1637556798,Molokai,252018022,-157.00434_21.16375
245,-157.004164362,21.163442867,Molokai,252018023,-157.00416_21.16344
246,-157.004830483,21.1635399255,Molokai,252018025,-157.00483_21.16353
247,-157.004764932,21.1633376517,Molokai,252018026,-157.00476_21.16333
248,-157.004693907,21.1631665376,Molokai,252018027,-157.00469_21.16316
249,-157.00555404,21.1635585772,Molokai,252018029,-157.00555_21.16355
250,-157.005670385,21.163765354,Molokai,252018030,-157.00567_21.16376
251,-157.005786763,21.1639693143,Molokai,252018031,-157.00578_21.16396
252,-157.005564271,21.1640170721,Molokai,252018032,-157.00556_21.16401
253,-157.005385946,21.1637028483,Molokai,252018033,-157.00538_21.16370
254,-157.00522989,21.1637814006,Molokai,252018034,-157.00522_21.16378
255,-157.005407697,21.1640947885,Molokai,252018035,-157.00540_21.16409
256,-157.004919079,21.1639365387,Molokai,252018038,-157.00491_21.16393
257,-157.005096179,21.1642499925,Molokai,252018039,-157.00509_21.16424
258,-157.004819773,21.1641843428,Molokai,252018040,-157.00481_21.16418
259,-157.004145261,21.1642736689,Molokai,252018042,-157.00414_21.16427
260,-157.004353264,21.1645400011,Molokai,252018043,-157.00435_21.16454
261,-157.004599424,21.1648106162,Molokai,252018044,-157.00459_21.16481
262,-157.004899927,21.1647979143,Molokai,252018045,-157.00489_21.16479
263,-157.00547608,21.1646451394,Molokai,252018047,-157.00547_21.16464
264,-157.005928042,21.1646285077,Molokai,252018048,-157.00592_21.16462
265,-157.005754015,21.164382195,Molokai,252018049,-157.00575_21.16438
266,-157.006037417,21.1642622907,Molokai,252018050,-157.00603_21.16426
267,-157.006162381,21.1645431821,Molokai,252018051,-157.00616_21.16454
268,-157.00505123,21.1629222054,Molokai,252018055,-157.00505_21.16292
269,-157.054143498,21.171996956,Molokai,252007091,-157.05414_21.17199
270,-157.06280074,21.1671329738,Molokai,252007094,-157.06280_21.16713
271,-157.063088466,21.1672204933,Molokai,252007095,-157.06308_21.16722
272,-157.063386441,21.1672773166,Molokai,252007096,-157.06338_21.16727
273,-157.063674263,21.1673512455,Molokai,252007097,-157.06367_21.16735
274,-157.05438666,21.1722481196,Molokai,252007100,-157.05438_21.17224
275,-157.054624463,21.17249457,Molokai,252007101,-157.05462_21.17249
276,-157.054891856,21.1727353951,Molokai,252007102,-157.05489_21.17273
277,-157.055137918,21.1729952886,Molokai,252007103,-157.05513_21.17299
278,-157.030237114,21.0929675745,Molokai,252008002,-157.03023_21.09296
279,-157.033056093,21.094585838,Molokai,252008004,-157.03305_21.09458
280,-157.033873121,21.0949623568,Molokai,252008005,-157.03387_21.09496
281,-157.077216678,21.1832123433,Molokai,252021010,-157.07721_21.18321
282,-157.078774604,21.183546884,Molokai,252021011,-157.07877_21.18354
283,-157.074789861,21.1796862377,Molokai,252021013,-157.07478_21.17968
284,-157.067621102,21.1759953056,Molokai,252022001,-157.06762_21.17599
285,-157.070086466,21.1726294048,Molokai,252022002,-157.07008_21.17262
286,-157.071293478,21.1727334224,Molokai,252022003,-157.07129_21.17273
287,-157.070165429,21.1765409931,Molokai,252022004,-157.07016_21.17654
288,-157.070450174,21.1766020507,Molokai,252022005,-157.07045_21.17660
289,-157.070743298,21.1766644319,Molokai,252022006,-157.07074_21.17666
290,-157.071044099,21.1767256185,Molokai,252022007,-157.07104_21.17672
291,-157.071338126,21.1767962937,Molokai,252022008,-157.07133_21.17679
292,-157.084691811,21.1665792124,Molokai,252023029,-157.08469_21.16657
293,-157.086063786,21.1679389009,Molokai,252024001,-157.08606_21.16793
294,-157.087862845,21.167197415,Molokai,252024002,-157.08786_21.16719
295,-157.088442646,21.1713551042,Molokai,252024004,-157.08844_21.17135
296,-157.090976524,21.1678262425,Molokai,252024005,-157.09097_21.16782
297,-157.092521587,21.1682194833,Molokai,252024006,-157.09252_21.16821
298,-157.095043345,21.164640509,Molokai,252024007,-157.09504_21.16464
299,-157.075182333,21.1650886137,Molokai,252023016,-157.07518_21.16508
300,-157.0345394,21.0952122504,Molokai,252008006,-157.03453_21.09521
301,-157.02861917,21.0960455436,Molokai,252008025,-157.02861_21.09604
302,-157.031779552,21.096743976,Molokai,252008027,-157.03177_21.09674
303,-157.033876656,21.0965853616,Molokai,252008028,-157.03387_21.09658
304,-157.041904014,21.0998566846,Molokai,252008029,-157.04190_21.09985
305,-157.04395224,21.1014511492,Molokai,252008031,-157.04395_21.10145
306,-157.047023812,21.1032803758,Molokai,252008034,-157.04702_21.10328
307,-157.048362696,21.1031587566,Molokai,252008035,-157.04836_21.10315
308,-157.048703368,21.1050010533,Molokai,252008036,-157.04870_21.10500
309,-157.049696357,21.1058775281,Molokai,252008037,-157.04969_21.10587
310,-157.041451195,21.1032037603,Molokai,252008040,-157.04145_21.10320
311,-157.042972608,21.1033344395,Molokai,252008041,-157.04297_21.10333
312,-157.043978309,21.1036470423,Molokai,252008042,-157.04397_21.10364
313,-157.045114229,21.1040441301,Molokai,252008043,-157.04511_21.10404
314,-157.045879327,21.1046993162,Molokai,252008044,-157.04587_21.10469
315,-157.047154675,21.1050929137,Molokai,252008045,-157.04715_21.10509
316,-156.998017078,21.0831442875,Molokai,254010012,-156.99801_21.08314
317,-156.997520003,21.0839041757,Molokai,254010016,-156.99752_21.08390
318,-156.997392554,21.0840912919,Molokai,254010017,-156.99739_21.08409
319,-156.997137374,21.0844653598,Molokai,254010019,-156.99713_21.08446
320,-156.997010356,21.0846521583,Molokai,254010020,-156.99701_21.08465
321,-156.996874713,21.0848508982,Molokai,254010021,-156.99687_21.08485
322,-156.996587656,21.0852730504,Molokai,254010023,-156.99658_21.08527
323,-156.996217779,21.0858238816,Molokai,254010025,-156.99621_21.08582
324,-156.998621412,21.0813991569,Molokai,254010029,-156.99862_21.08139
325,-156.998223644,21.0819596545,Molokai,254010032,-156.99822_21.08195
326,-156.998100409,21.0821471481,Molokai,254010033,-156.99810_21.08214
327,-156.997975264,21.0823357353,Molokai,254010034,-156.99797_21.08233
328,-156.997849838,21.08252308,Molokai,254010035,-156.99784_21.08252
329,-156.997724473,21.0827119715,Molokai,254010036,-156.99772_21.08271
330,-156.997475545,21.0830899658,Molokai,254010038,-156.99747_21.08308
331,-156.997351725,21.0832773507,Molokai,254010039,-156.99735_21.08327
332,-156.997047847,21.0834027545,Molokai,254010040,-156.99704_21.08340
333,-156.996922918,21.0835799149,Molokai,254010041,-156.99692_21.08357
334,-156.996690358,21.0838101102,Molokai,254010042,-156.99669_21.08381
335,-156.996841383,21.0840218954,Molokai,254010043,-156.99684_21.08402
336,-156.996713917,21.0842088889,Molokai,254010044,-156.99671_21.08420
337,-156.996585828,21.084394923,Molokai,254010045,-156.99658_21.08439
338,-156.988343357,21.0784943776,Molokai,254011015,-156.98834_21.07849
339,-156.987833698,21.0781361038,Molokai,254011017,-156.98783_21.07813
340,-156.98773347,21.0783927401,Molokai,254011018,-156.98773_21.07839
341,-156.98755651,21.0780587569,Molokai,254011019,-156.98755_21.07805
342,-156.987382448,21.0779818825,Molokai,254011020,-156.98738_21.07798
343,-156.986857201,21.0780245337,Molokai,254011022,-156.98685_21.07802
344,-156.986553113,21.0776306758,Molokai,254011024,-156.98655_21.07763
345,-156.986457431,21.0785040202,Molokai,254011026,-156.98645_21.07850
346,-156.986672727,21.0785665653,Molokai,254011027,-156.98667_21.07856
347,-156.986880431,21.0786412992,Molokai,254011028,-156.98688_21.07864
348,-156.987357593,21.0786775703,Molokai,254011030,-156.98735_21.07867
349,-157.005887905,21.1627346156,Molokai,252020038,-157.00588_21.16273
350,-157.00612178,21.1627064604,Molokai,252020039,-157.00612_21.16270
351,-157.006250575,21.1629079837,Molokai,252020040,-157.00625_21.16290
352,-157.066330334,21.18101,Molokai,252021001,-157.06633_21.18101
353,-157.067862136,21.1812348979,Molokai,252021002,-157.06786_21.18123
354,-157.069426619,21.1815662132,Molokai,252021003,-157.06942_21.18156
355,-157.070989588,21.1819062018,Molokai,252021005,-157.07098_21.18190
356,-157.07255892,21.1822349233,Molokai,252021006,-157.07255_21.18223
357,-157.075663982,21.1829267609,Molokai,252021009,-157.07566_21.18292
358,-156.85161485,21.0579714103,Molokai,256006036,-156.85161_21.05797
359,-156.876974958,21.048996914,Molokai,256011018,-156.87697_21.04899
360,-156.877557588,21.048032021,Molokai,256011023,-156.87755_21.04803
361,-156.877266104,21.0489863978,Molokai,256011025,-156.87726_21.04898
362,-156.761173444,21.0952057232,Molokai,257001001,-156.76117_21.09520
363,-156.761875073,21.0960926881,Molokai,257001003,-156.76187_21.09609
364,-156.761994535,21.0963998215,Molokai,257001004,-156.76199_21.09639
365,-156.987891049,21.0791126156,Molokai,254011046,-156.98789_21.07911
366,-156.987065283,21.0788217208,Molokai,254011049,-156.98706_21.07882
367,-157.002482296,21.0828873401,Molokai,254012035,-157.00248_21.08288
368,-157.002373244,21.0830353957,Molokai,254012036,-157.00237_21.08303
369,-157.00226492,21.0831834373,Molokai,254012037,-157.00226_21.08318
370,-157.002155914,21.0833315754,Molokai,254012038,-157.00215_21.08333
371,-157.002047288,21.0834792032,Molokai,254012039,-157.00204_21.08347
372,-157.00193667,21.0836276311,Molokai,254012040,-157.00193_21.08362
373,-157.001610135,21.0840709493,Molokai,254012043,-157.00161_21.08407
374,-157.001389198,21.084370202,Molokai,254012045,-157.00138_21.08437
375,-157.001153601,21.0846871522,Molokai,254012047,-157.00115_21.08468
376,-157.001031475,21.0848536141,Molokai,254012048,-157.00103_21.08485
377,-157.000902245,21.0850319968,Molokai,254012049,-157.00090_21.08503
378,-157.000764133,21.0852203285,Molokai,254012050,-157.00076_21.08522
379,-157.000618396,21.0854196536,Molokai,254012051,-157.00061_21.08541
380,-157.00046496,21.0856299685,Molokai,254012052,-157.00046_21.08562
381,-157.00030255,21.0858529921,Molokai,254012053,-157.00030_21.08585
382,-157.00013604,21.0860836449,Molokai,254012054,-157.00013_21.08608
383,-156.953399531,21.0664068094,Molokai,254013003,-156.95339_21.06640
384,-156.954364232,21.0665937668,Molokai,254013007,-156.95436_21.06659
385,-156.954541164,21.066611179,Molokai,254013008,-156.95454_21.06661
386,-156.954719376,21.0666206915,Molokai,254013009,-156.95471_21.06662
387,-156.795843313,21.0737565421,Molokai,257007034,-156.79584_21.07375
388,-157.097323942,21.169167749,Molokai,252024010,-157.09732_21.16916
389,-157.09888084,21.1695035542,Molokai,252024011,-157.09888_21.16950
390,-157.087242749,21.1631732992,Molokai,252024014,-157.08724_21.16317
391,-157.086648548,21.1719888709,Molokai,252025002,-157.08664_21.17198
392,-157.087260427,21.1761996486,Molokai,252025004,-157.08726_21.17619
393,-156.76241159,21.0954358211,Molokai,257003086,-156.76241_21.09543
394,-156.770308387,21.0900094719,Molokai,257004001,-156.77030_21.09000
395,-156.772788062,21.0878302443,Molokai,257004008,-156.77278_21.08783
396,-156.773634703,21.0872370847,Molokai,257004009,-156.77363_21.08723
397,-156.77535515,21.0894345768,Molokai,257004010,-156.77535_21.08943
398,-156.774660355,21.0865823461,Molokai,257004019,-156.77466_21.08658
399,-156.791581386,21.0764430127,Molokai,257006008,-156.79158_21.07644
400,-156.791309654,21.076650451,Molokai,257006009,-156.79130_21.07665
401,-156.789555597,21.077628896,Molokai,257006014,-156.78955_21.07762
402,-156.78581896,21.0805712367,Molokai,257006020,-156.78581_21.08057
403,-156.79344031,21.0764995598,Molokai,257006035,-156.79344_21.07649
404,-157.000113967,21.1614974851,Molokai,252019008,-157.00011_21.16149
405,-157.007308604,21.1618966359,Molokai,252020005,-157.00730_21.16189
406,-157.007442058,21.1621075364,Molokai,252020006,-157.00744_21.16210
407,-157.007559448,21.1623443059,Molokai,252020007,-157.00755_21.16234
408,-157.007393528,21.1624702964,Molokai,252020008,-157.00739_21.16247
409,-157.007152913,21.1625573022,Molokai,252020009,-157.00715_21.16255
410,-157.089752949,21.1727039236,Molokai,252025005,-157.08975_21.17270
411,-157.091020857,21.1727180707,Molokai,252025007,-157.09102_21.17271
412,-157.091933999,21.1772032755,Molokai,252025009,-157.09193_21.17720
413,-157.093634938,21.1775684407,Molokai,252025010,-157.09363_21.17756
414,-157.096750873,21.178237741,Molokai,252025012,-157.09675_21.17823
415,-157.099191507,21.1748285179,Molokai,252026001,-157.09919_21.17482
416,-157.097788608,21.1807053162,Molokai,252026002,-157.09778_21.18070
417,-157.100381056,21.1767731183,Molokai,252026004,-157.10038_21.17677
418,-157.100511274,21.182983786,Molokai,252026005,-157.10051_21.18298
419,-157.107799375,21.1806080599,Molokai,252026010,-157.10779_21.18060
420,-157.109357338,21.1809423178,Molokai,252026011,-157.10935_21.18094
421,-157.110915308,21.1812765601,Molokai,252026012,-157.11091_21.18127
422,-157.100768076,21.1659978828,Molokai,252027001,-157.10076_21.16599
423,-157.101057039,21.1660602951,Molokai,252027002,-157.10105_21.16606
424,-157.101345596,21.1661222236,Molokai,252027003,-157.10134_21.16612
425,-157.101634153,21.1661841526,Molokai,252027004,-157.10163_21.16618
426,-157.101922515,21.1662467834,Molokai,252027005,-157.10192_21.16624
427,-157.100110826,21.1736738601,Molokai,252027010,-157.10011_21.17367
428,-157.099822107,21.1736125933,Molokai,252027011,-157.09982_21.17361
429,-157.099533537,21.1735506611,Molokai,252027012,-157.09953_21.17355
430,-157.098956579,21.173426121,Molokai,252027014,-157.09895_21.17342
431,-157.104075563,21.1683597088,Molokai,252027017,-157.10407_21.16835
432,-157.105256172,21.1708700861,Molokai,252027018,-157.10525_21.17087
433,-157.106814027,21.1712043689,Molokai,252027019,-157.10681_21.17120
434,-157.10837189,21.1715386378,Molokai,252027020,-157.10837_21.17153
435,-157.109929758,21.1718728919,Molokai,252027021,-157.10992_21.17187
436,-157.111390268,21.1721862423,Molokai,252027022,-157.11139_21.17218
437,-157.113282606,21.1763541139,Molokai,252027024,-157.11328_21.17635
438,-157.113977946,21.1734939887,Molokai,252027031,-157.11397_21.17349
439,-156.971555914,21.07065871,Molokai,254017040,-156.97155_21.07065
440,-156.963465435,21.0688768738,Molokai,254017052,-156.96346_21.06887
441,-156.964781973,21.0691599185,Molokai,254017056,-156.96478_21.06915
442,-156.960247644,21.0676867427,Molokai,254018013,-156.96024_21.06768
443,-156.758016859,21.1007946716,Molokai,257003079,-156.75801_21.10079
444,-156.752813263,21.1016854307,Molokai,257003080,-156.75281_21.10168
445,-156.753383743,21.1012472951,Molokai,257003081,-156.75338_21.10124
446,-157.006975878,21.1624755915,Molokai,252020010,-157.00697_21.16247
447,-156.988413707,21.0766819322,Molokai,254006034,-156.98841_21.07668
448,-156.988213441,21.07658498,Molokai,254006035,-156.98821_21.07658
449,-156.987191523,21.0761240784,Molokai,254006037,-156.98719_21.07612
450,-156.988019978,21.0764954319,Molokai,254006053,-156.98801_21.07649
451,-156.978328935,21.0723645702,Molokai,254006055,-156.97832_21.07236
452,-156.978119228,21.0722571075,Molokai,254006056,-156.97811_21.07225
453,-156.989532533,21.0770923832,Molokai,254006057,-156.98953_21.07709
454,-156.988612325,21.0767612045,Molokai,254006058,-156.98861_21.07676
455,-156.989218394,21.077090038,Molokai,254006059,-156.98921_21.07709
456,-156.987478486,21.0763094776,Molokai,254006061,-156.98747_21.07630
457,-156.987601662,21.0761985029,Molokai,254006062,-156.98760_21.07619
458,-156.982502192,21.0739569144,Molokai,254006063,-156.98250_21.07395
459,-156.982237787,21.0738326987,Molokai,254006064,-156.98223_21.07383
460,-156.981979697,21.0736864912,Molokai,254006065,-156.98197_21.07368
461,-156.980256216,21.0731351841,Molokai,254006067,-156.98025_21.07313
462,-156.979873424,21.0729964495,Molokai,254006068,-156.97987_21.07299
463,-157.011018918,21.0827354076,Molokai,254007002,-157.01101_21.08273
464,-157.011269723,21.0828664742,Molokai,254007003,-157.01126_21.08286
465,-157.011517966,21.0830066152,Molokai,254007004,-157.01151_21.08300
466,-157.012060763,21.0832637203,Molokai,254007006,-157.01206_21.08326
467,-157.012334047,21.0833489458,Molokai,254007007,-157.01233_21.08334
468,-157.012633551,21.0834506345,Molokai,254007008,-157.01263_21.08345
469,-157.012903461,21.0835377849,Molokai,254007009,-157.01290_21.08353
470,-157.01242515,21.0841690179,Molokai,254007011,-157.01242_21.08416
471,-157.012035593,21.0838593102,Molokai,254007012,-157.01203_21.08385
472,-157.011780066,21.0837413734,Molokai,254007013,-157.01178_21.08374
473,-157.011524442,21.0836243147,Molokai,254007014,-157.01152_21.08362
474,-157.011267548,21.083507192,Molokai,254007015,-157.01126_21.08350
475,-157.010743237,21.0832679108,Molokai,254007017,-157.01074_21.08326
476,-157.010491503,21.083754323,Molokai,254007018,-157.01049_21.08375
477,-157.010755487,21.0838817157,Molokai,254007019,-157.01075_21.08388
478,-157.011011037,21.0840048321,Molokai,254007020,-157.01101_21.08400
479,-157.011266267,21.0841260468,Molokai,254007021,-157.01126_21.08412
480,-157.011521846,21.0842440528,Molokai,254007022,-157.01152_21.08424
481,-157.011777106,21.0843603405,Molokai,254007023,-157.01177_21.08436
482,-157.012303952,21.0844038971,Molokai,254007024,-157.01230_21.08440
483,-157.012160415,21.0846740271,Molokai,254007025,-157.01216_21.08467
484,-157.009115675,21.0819148654,Molokai,254008002,-157.00911_21.08191
485,-157.009450337,21.082033925,Molokai,254008003,-157.00945_21.08203
486,-157.009703197,21.0821357162,Molokai,254008004,-157.00970_21.08213
487,-157.009960351,21.082252836,Molokai,254008005,-157.00996_21.08225
488,-157.01021893,21.0823667975,Molokai,254008006,-157.01021_21.08236
489,-157.010493003,21.0825162291,Molokai,254008007,-157.01049_21.08251
490,-157.010751919,21.0826276903,Molokai,254008008,-157.01075_21.08262
491,-157.010481062,21.083144179,Molokai,254008009,-157.01048_21.08314
492,-157.010223788,21.0830254491,Molokai,254008010,-157.01022_21.08302
493,-157.009966394,21.0829074409,Molokai,254008011,-157.00996_21.08290
494,-157.009708799,21.0827881935,Molokai,254008012,-157.00970_21.08278
495,-157.00945098,21.0826694832,Molokai,254008013,-157.00945_21.08266
496,-157.009193938,21.0825523784,Molokai,254008014,-157.00919_21.08255
497,-157.008832909,21.0823787547,Molokai,254008015,-157.00883_21.08237
498,-157.008562715,21.0828250975,Molokai,254008016,-157.00856_21.08282
499,-157.008955249,21.0830092673,Molokai,254008017,-157.00895_21.08300
500,-157.009210464,21.0831320598,Molokai,254008018,-157.00921_21.08313
501,-157.009464978,21.0832555446,Molokai,254008019,-157.00946_21.08325
502,-157.00971981,21.0833784964,Molokai,254008020,-157.00971_21.08337
503,-157.009973892,21.0835028171,Molokai,254008021,-157.00997_21.08350
504,-157.010228647,21.0836274968,Molokai,254008022,-157.01022_21.08362
505,-156.998490007,21.0835230574,Molokai,254009001,-156.99849_21.08352
506,-156.998292471,21.0833605846,Molokai,254009002,-156.99829_21.08336
507,-156.99868358,21.0832361642,Molokai,254009003,-156.99868_21.08323
508,-156.998864907,21.0829650587,Molokai,254009004,-156.99886_21.08296
509,-156.795523045,21.0738135647,Molokai,257007036,-156.79552_21.07381
510,-156.794196542,21.0760124056,Molokai,257007042,-156.79419_21.07601
511,-156.796069392,21.07158016,Molokai,257007055,-156.79606_21.07158
512,-156.802770231,21.0712775752,Molokai,257007059,-156.80277_21.07127
513,-156.795899002,21.074643569,Molokai,257007061,-156.79589_21.07464
514,-156.796316779,21.0714706747,Molokai,257007066,-156.79631_21.07147
515,-156.801883149,21.072404596,Molokai,257007069,-156.80188_21.07240
516,-156.79894863,21.0731765974,Molokai,257007074,-156.79894_21.07317
517,-156.797909218,21.0736585019,Molokai,257007077,-156.79790_21.07365
518,-156.796877601,21.0736451308,Molokai,257007080,-156.79687_21.07364
519,-156.801297659,21.0705104621,Molokai,257007083,-156.80129_21.07051
520,-156.804168106,21.068564529,Molokai,257008004,-156.80416_21.06856
521,-156.815705261,21.0677296154,Molokai,257008009,-156.81570_21.06772
522,-156.811915099,21.0690983583,Molokai,257008016,-156.81191_21.06909
523,-156.806158901,21.0711401594,Molokai,257008019,-156.80615_21.07114
524,-157.089748434,21.1819714414,Molokai,252006081,-157.08974_21.18197
525,-157.085732501,21.1811086492,Molokai,252006122,-157.08573_21.18110
526,-157.089448523,21.1819063944,Molokai,252006124,-157.08944_21.18190
527,-157.086032583,21.1811730732,Molokai,252006150,-157.08603_21.18117
528,-157.086332665,21.1812374977,Molokai,252006151,-157.08633_21.18123
529,-157.086629529,21.1813117541,Molokai,252006152,-157.08662_21.18131
530,-156.816776122,21.0677491796,Molokai,257011002,-156.81677_21.06774
531,-156.819133538,21.0678971826,Molokai,257011006,-156.81913_21.06789
532,-156.824181717,21.0644788401,Molokai,257011011,-156.82418_21.06447
533,-157.089148438,21.1818419762,Molokai,252006163,-157.08914_21.18184
534,-157.088848353,21.1817775575,Molokai,252006164,-157.08884_21.18177
535,-157.088548269,21.1817131383,Molokai,252006165,-157.08854_21.18171
536,-157.052180215,21.1622521569,Molokai,252007002,-157.05218_21.16225
537,-157.054146222,21.1624193078,Molokai,252007003,-157.05414_21.16241
538,-157.055849024,21.1629652008,Molokai,252007004,-157.05584_21.16296
539,-157.058935645,21.1641688031,Molokai,252007006,-157.05893_21.16416
540,-157.060513004,21.1643568148,Molokai,252007007,-157.06051_21.16435
541,-157.044394739,21.1676433053,Molokai,252007030,-157.04439_21.16764
542,-157.048225752,21.166315734,Molokai,252007031,-157.04822_21.16631
543,-157.048334421,21.1697856046,Molokai,252007033,-157.04833_21.16978
544,-157.049084708,21.1729603511,Molokai,252007035,-157.04908_21.17296
545,-157.053324319,21.1713141587,Molokai,252007036,-157.05332_21.17131
546,-157.052529005,21.1761443205,Molokai,252007038,-157.05252_21.17614
547,-157.052380346,21.1782459896,Molokai,252007039,-157.05238_21.17824
548,-157.055048452,21.179025392,Molokai,252007040,-157.05504_21.17902
549,-157.051415945,21.1690146526,Molokai,252007046,-157.05141_21.16901
550,-157.048833541,21.1710736971,Molokai,252007059,-157.04883_21.17107
551,-157.056938506,21.1639103622,Molokai,252007061,-157.05693_21.16391
552,-157.069873633,21.1594035115,Molokai,252007071,-157.06987_21.15940
553,-157.062513378,21.1671019183,Molokai,252007072,-157.06251_21.16710
554,-156.954606974,21.0741461621,Molokai,254015055,-156.95460_21.07414
555,-156.952164223,21.0758134942,Molokai,254015062,-156.95216_21.07581
556,-156.971147292,21.0742081884,Molokai,254016004,-156.97114_21.07420
557,-156.970178859,21.0798521509,Molokai,254016013,-156.97017_21.07985
558,-157.047706962,21.1062397714,Molokai,252008046,-157.04770_21.10623
559,-157.029620601,21.096378778,Molokai,252008055,-157.02962_21.09637
560,-157.046351542,21.1027820683,Molokai,252008060,-157.04635_21.10278
561,-157.046087261,21.1026701533,Molokai,252008061,-157.04608_21.10267
562,-157.045834181,21.102560606,Molokai,252008062,-157.04583_21.10256
563,-157.045571093,21.102448666,Molokai,252008063,-157.04557_21.10244
564,-157.045974945,21.1033980681,Molokai,252008064,-157.04597_21.10339
565,-157.045705424,21.1032947461,Molokai,252008065,-157.04570_21.10329
566,-157.045450445,21.1031816801,Molokai,252008066,-157.04545_21.10318
567,-157.045187431,21.1030692833,Molokai,252008067,-157.04518_21.10306
568,-157.044884571,21.1029397217,Molokai,252008068,-157.04488_21.10293
569,-157.044641448,21.1028303444,Molokai,252008069,-157.04464_21.10283
570,-157.044136252,21.1026178078,Molokai,252008071,-157.04413_21.10261
571,-157.043834696,21.1024871215,Molokai,252008072,-157.04383_21.10248
572,-157.043583545,21.1023826057,Molokai,252008073,-157.04358_21.10238
573,-157.043326893,21.1022739844,Molokai,252008074,-157.04332_21.10227
574,-157.043083575,21.1021675262,Molokai,252008075,-157.04308_21.10216
575,-157.030176859,21.096612396,Molokai,252008076,-157.03017_21.09661
576,-157.029302869,21.0987323257,Molokai,252008077,-157.02930_21.09873
577,-157.040013521,21.1025449035,Molokai,252008090,-157.04001_21.10254
578,-157.046770793,21.1057910431,Molokai,252008102,-157.04677_21.10579
579,-157.047500891,21.1025431559,Molokai,252008119,-157.04750_21.10254
580,-157.046604602,21.106061899,Molokai,252008122,-157.04660_21.10606
581,-157.046451562,21.106372631,Molokai,252008123,-157.04645_21.10637
582,-157.047190115,21.1011858752,Molokai,252008127,-157.04719_21.10118
583,-157.040160879,21.096161599,Molokai,252009002,-157.04016_21.09616
584,-157.039826963,21.0969611334,Molokai,252009004,-157.03982_21.09696
585,-157.040103109,21.0969775453,Molokai,252009005,-157.04010_21.09697
586,-157.040355967,21.0970735703,Molokai,252009006,-157.04035_21.09707
587,-157.040634952,21.0971556856,Molokai,252009007,-157.04063_21.09715
588,-157.040931175,21.097259503,Molokai,252009008,-157.04093_21.09725
589,-157.04188633,21.0976560808,Molokai,252009010,-157.04188_21.09765
590,-157.040524145,21.0961274475,Molokai,252009021,-157.04052_21.09612
591,-157.038092421,21.0975369102,Molokai,252009024,-157.03809_21.09753
592,-157.035823406,21.1000337122,Molokai,252032054,-157.03582_21.10003
593,-157.035260053,21.0995577326,Molokai,252032047,-157.03526_21.09955
594,-157.000209294,21.0845137947,Molokai,254009036,-157.00020_21.08451
595,-156.999685702,21.0814818781,Molokai,254009037,-156.99968_21.08148
596,-156.999860384,21.0815658223,Molokai,254009038,-156.99986_21.08156
597,-157.000272512,21.0833395877,Molokai,254009039,-157.00027_21.08333
598,-156.999518501,21.0820467593,Molokai,254009041,-156.99951_21.08204
599,-157.000764506,21.0820965279,Molokai,254009042,-157.00076_21.08209
600,-156.998680595,21.0827991443,Molokai,254009043,-156.99868_21.08279
601,-156.999905274,21.0836474113,Molokai,254009044,-156.99990_21.08364
602,-156.999026333,21.0822113485,Molokai,254009046,-156.99902_21.08221
603,-156.999900516,21.0839071801,Molokai,254009047,-156.99990_21.08390
604,-156.998471465,21.0830786947,Molokai,254009049,-156.99847_21.08307
605,-157.001511054,21.082583978,Molokai,254009050,-157.00151_21.08258
606,-157.001606712,21.0824146008,Molokai,254009051,-157.00160_21.08241
607,-157.001408706,21.0822748491,Molokai,254009052,-157.00140_21.08227
608,-157.001679236,21.0820613885,Molokai,254009054,-157.00167_21.08206
609,-157.001524589,21.0819788354,Molokai,254009055,-157.00152_21.08197
610,-157.001155909,21.0819716244,Molokai,254009056,-157.00115_21.08197
611,-157.052914569,21.1106978538,Molokai,252011032,-157.05291_21.11069
612,-157.053374855,21.1314039218,Molokai,252012005,-157.05337_21.13140
613,-157.053615,21.128990877,Molokai,252012021,-157.05361_21.12899
614,-157.017226435,21.1542651778,Molokai,252012031,-157.01722_21.15426
615,-157.015946899,21.15427313,Molokai,252012032,-157.01594_21.15427
616,-157.01490964,21.1539188844,Molokai,252012033,-157.01490_21.15391
617,-157.013730914,21.1540972476,Molokai,252012034,-157.01373_21.15409
618,-157.030178317,21.177666533,Molokai,252013003,-157.03017_21.17766
619,-157.013182582,21.1499527133,Molokai,252010003,-157.01318_21.14995
620,-157.051535211,21.10787241,Molokai,252011013,-157.05153_21.10787
621,-157.083793786,21.1069612276,Molokai,252011022,-157.08379_21.10696
622,-156.944072583,21.0661117937,Molokai,254001020,-156.94407_21.06611
623,-156.95134662,21.06563617,Molokai,254001042,-156.95134_21.06563
624,-156.950389822,21.0669553357,Molokai,254001094,-156.95038_21.06695
625,-156.945309645,21.0639922655,Molokai,254001105,-156.94530_21.06399
626,-156.996743796,21.0787746781,Molokai,254002015,-156.99674_21.07877
627,-157.035320477,21.101276672,Molokai,252032058,-157.03532_21.10127
628,-157.036015741,21.0996677472,Molokai,252032053,-157.03601_21.09966
629,-157.018034654,21.1602856805,Molokai,252013021,-157.01803_21.16028
630,-157.015166474,21.1550936152,Molokai,252013028,-157.01516_21.15509
631,-157.01420677,21.15524208,Molokai,252013030,-157.01420_21.15524
632,-157.01370749,21.155462848,Molokai,252013031,-157.01370_21.15546
633,-157.013323999,21.1557825825,Molokai,252013032,-157.01332_21.15578
634,-157.020953169,21.1603554377,Molokai,252013034,-157.02095_21.16035
635,-157.019535811,21.1605238778,Molokai,252013035,-157.01953_21.16052
636,-157.011810934,21.16460789,Molokai,252014004,-157.01181_21.16460
637,-157.056745318,21.1661197243,Molokai,252015060,-157.05674_21.16611
638,-157.006729228,21.1641875913,Molokai,252014058,-157.00672_21.16418
639,-157.009802281,21.1584008573,Molokai,252014059,-157.00980_21.15840
640,-157.054989405,21.1653163078,Molokai,252015004,-157.05498_21.16531
641,-157.055972917,21.1657436098,Molokai,252015005,-157.05597_21.16574
642,-157.056138328,21.1671525715,Molokai,252015007,-157.05613_21.16715
643,-157.051814912,21.164365898,Molokai,252030054,-157.05181_21.16436
644,-157.05167984,21.1649287799,Molokai,252030056,-157.05167_21.16492
645,-157.051535533,21.1654921278,Molokai,252030058,-157.05153_21.16549
646,-157.051462911,21.1657734494,Molokai,252030059,-157.05146_21.16577
647,-157.05123621,21.1666162644,Molokai,252030062,-157.05123_21.16661
648,-157.051057741,21.1669655099,Molokai,252030063,-157.05105_21.16696
649,-157.051138658,21.1673265533,Molokai,252030064,-157.05113_21.16732
650,-156.963680697,21.0696198527,Molokai,254003035,-156.96368_21.06961
651,-156.999682186,21.0811266965,Molokai,254005043,-156.99968_21.08112
652,-156.99468686,21.0782205086,Molokai,254006002,-156.99468_21.07822
653,-156.994055715,21.0781453709,Molokai,254006003,-156.99405_21.07814
654,-157.055920033,21.1680268098,Molokai,252015008,-157.05592_21.16802
655,-157.055704805,21.1688966086,Molokai,252015009,-157.05570_21.16889
656,-157.055427862,21.1699889573,Molokai,252015010,-157.05542_21.16998
657,-157.055689623,21.1713825515,Molokai,252015011,-157.05568_21.17138
658,-157.054832695,21.1708795941,Molokai,252015012,-157.05483_21.17087
659,-157.053098438,21.1693467174,Molokai,252015014,-157.05309_21.16934
660,-157.053609184,21.1685321256,Molokai,252015015,-157.05360_21.16853
661,-157.053979297,21.1670568701,Molokai,252015017,-157.05397_21.16705
662,-157.054167787,21.1662944814,Molokai,252015018,-157.05416_21.16629
663,-157.057848146,21.1664241284,Molokai,252015019,-157.05784_21.16642
664,-157.058656788,21.1666061542,Molokai,252015020,-157.05865_21.16660
665,-157.059438971,21.1668095341,Molokai,252015021,-157.05943_21.16680
666,-157.060320405,21.1664787532,Molokai,252015022,-157.06032_21.16647
667,-157.059420263,21.1684629961,Molokai,252015023,-157.05942_21.16846
668,-157.059145066,21.1695750364,Molokai,252015024,-157.05914_21.16957
669,-157.058796536,21.1709661216,Molokai,252015025,-157.05879_21.17096
670,-157.058520075,21.1720854132,Molokai,252015026,-157.05852_21.17208
671,-157.05856072,21.1735090423,Molokai,252015027,-157.05856_21.17350
672,-157.057814865,21.1733263685,Molokai,252015028,-157.05781_21.17332
673,-157.057162406,21.1727887917,Molokai,252015029,-157.05716_21.17278
674,-157.056424067,21.1723652219,Molokai,252015030,-157.05642_21.17236
675,-157.057108024,21.1711263713,Molokai,252015031,-157.05710_21.17112
676,-157.057617116,21.1690943876,Molokai,252015033,-157.05761_21.16909
677,-157.057873758,21.1680507585,Molokai,252015034,-157.05787_21.16805
678,-157.061026097,21.1672565527,Molokai,252015035,-157.06102_21.16725
679,-157.061798705,21.1674330453,Molokai,252015036,-157.06179_21.16743
680,-157.061077742,21.1686846764,Molokai,252015037,-157.06107_21.16868
681,-157.060206823,21.1702070433,Molokai,252015038,-157.06020_21.17020
682,-157.060477021,21.1711199166,Molokai,252015039,-157.06047_21.17111
683,-157.060212737,21.1721932821,Molokai,252015040,-157.06021_21.17219
684,-157.060202349,21.1738793259,Molokai,252015041,-157.06020_21.17387
685,-157.059419654,21.1737083385,Molokai,252015042,-157.05941_21.17370
686,-157.058939736,21.1704102111,Molokai,252015043,-157.05893_21.17041
687,-157.058657945,21.1715309647,Molokai,252015044,-157.05865_21.17153
688,-157.051789181,21.1683224641,Molokai,252015048,-157.05178_21.16832
689,-157.060946817,21.1692209247,Molokai,252015049,-157.06094_21.16922
690,-157.060064224,21.1674878071,Molokai,252015050,-157.06006_21.16748
691,-157.057264072,21.165485445,Molokai,252015006,-157.05726_21.16548
692,-157.057116944,21.1660747478,Molokai,252015059,-157.05711_21.16607
693,-157.05696004,21.1700721424,Molokai,252015032,-157.05696_21.17007
694,-157.004665451,21.1613561382,Molokai,252016020,-157.00466_21.16135
695,-157.004952992,21.1612219667,Molokai,252016021,-157.00495_21.16122
696,-157.005499401,21.1610057375,Molokai,252016023,-157.00549_21.16100
697,-157.0092159,21.1603092951,Molokai,252016045,-157.00921_21.16030
698,-157.008505478,21.1607153572,Molokai,252016046,-157.00850_21.16071
699,-157.00737014,21.1609588729,Molokai,252016047,-157.00737_21.16095
700,-157.00787762,21.1602346559,Molokai,252016048,-157.00787_21.16023
701,-157.007328833,21.1604574329,Molokai,252016049,-157.00732_21.16045
702,-157.005218059,21.1616045692,Molokai,252016050,-157.00521_21.16160
703,-157.006724958,21.1608616744,Molokai,252016053,-157.00672_21.16086
704,-157.007638797,21.1603311802,Molokai,252016060,-157.00763_21.16033
705,-157.00662776,21.1606223761,Molokai,252016062,-157.00662_21.16062
706,-157.048863735,21.1654604485,Molokai,252030002,-157.04886_21.16546
707,-157.049448943,21.1654566028,Molokai,252030006,-157.04944_21.16545
708,-157.050024173,21.1667300049,Molokai,252030012,-157.05002_21.16673
709,-157.04994193,21.1662085171,Molokai,252030014,-157.04994_21.16620
710,-157.049852382,21.1660355042,Molokai,252030015,-157.04985_21.16603
711,-157.050413904,21.1660069012,Molokai,252030018,-157.05041_21.16600
712,-157.050661297,21.1659775719,Molokai,252030019,-157.05066_21.16597
713,-157.00708676,21.0815573305,Molokai,254003009,-157.00708_21.08155
714,-157.050835099,21.1662661211,Molokai,252030020,-157.05083_21.16626
715,-157.050517868,21.1663155175,Molokai,252030021,-157.05051_21.16631
716,-157.050554303,21.1665818399,Molokai,252030022,-157.05055_21.16658
717,-157.050702592,21.1669973556,Molokai,252030024,-157.05070_21.16699
718,-157.050497189,21.1669113715,Molokai,252030025,-157.05049_21.16691
719,-157.050967436,21.1655469895,Molokai,252030030,-157.05096_21.16554
720,-157.053104149,21.1642198175,Molokai,252030031,-157.05310_21.16421
721,-157.052949268,21.1648720669,Molokai,252030033,-157.05294_21.16487
722,-157.052865041,21.1651948471,Molokai,252030034,-157.05286_21.16519
723,-157.052778939,21.1655165661,Molokai,252030035,-157.05277_21.16551
724,-157.052532449,21.1664868514,Molokai,252030038,-157.05253_21.16648
725,-157.052447769,21.1668109518,Molokai,252030039,-157.05244_21.16681
726,-157.052330051,21.1672268065,Molokai,252030040,-157.05233_21.16722
727,-157.052119781,21.1680612835,Molokai,252030042,-157.05211_21.16806
728,-157.052607849,21.1640875815,Molokai,252030043,-157.05260_21.16408
729,-157.05251601,21.1644318467,Molokai,252030044,-157.05251_21.16443
730,-157.052432668,21.1647559546,Molokai,252030045,-157.05243_21.16475
731,-157.052349723,21.1650789407,Molokai,252030046,-157.05234_21.16507
732,-157.052263961,21.1654005143,Molokai,252030047,-157.05226_21.16540
733,-157.052180168,21.1657231789,Molokai,252030048,-157.05218_21.16572
734,-157.052100296,21.1660474312,Molokai,252030049,-157.05210_21.16604
735,-157.05201748,21.1663711798,Molokai,252030050,-157.05201_21.16637
736,-157.051937176,21.1666951082,Molokai,252030051,-157.05193_21.16669
737,-157.051915161,21.1670807245,Molokai,252030052,-157.05191_21.16708
738,-157.051656034,21.1673006836,Molokai,252030053,-157.05165_21.16730
739,-156.750434684,21.1316107735,Molokai,258015004,-156.75043_21.13161
740,-156.74406202,21.146938546,Molokai,258015006,-156.74406_21.14693
741,-156.958959141,21.0672691857,Molokai,254018018,-156.95895_21.06726
742,-156.957239418,21.0668552567,Molokai,254018024,-156.95723_21.06685
743,-156.9570253,21.0667841033,Molokai,254018025,-156.95702_21.06678
744,-156.987561271,21.0787532716,Molokai,254011031,-156.98756_21.07875
745,-156.987714712,21.0788973867,Molokai,254011032,-156.98771_21.07889
746,-156.987940484,21.0788932908,Molokai,254011034,-156.98794_21.07889
747,-156.988461725,21.077578933,Molokai,254011041,-156.98846_21.07757
748,-156.988282974,21.0780459359,Molokai,254011043,-156.98828_21.07804
749,-156.99793752,21.0843808938,Molokai,254004011,-156.99793_21.08438
750,-156.998559605,21.084227924,Molokai,254004012,-156.99855_21.08422
751,-156.998539984,21.0845863682,Molokai,254004014,-156.99853_21.08458
752,-156.998346653,21.0848572295,Molokai,254004015,-156.99834_21.08485
753,-156.998265104,21.0851102006,Molokai,254004016,-156.99826_21.08511
754,-156.998012671,21.0855213583,Molokai,254004017,-156.99801_21.08552
755,-156.997857704,21.0857847862,Molokai,254004018,-156.99785_21.08578
756,-156.997755874,21.0861410378,Molokai,254004019,-156.99775_21.08614
757,-156.999078599,21.0850033445,Molokai,254004025,-156.99907_21.08500
758,-156.999515894,21.0845941774,Molokai,254004027,-156.99951_21.08459
759,-157.00003809,21.0848057292,Molokai,254004028,-157.00003_21.08480
760,-156.999690764,21.0853882444,Molokai,254004030,-156.99969_21.08538
761,-156.999518086,21.0856784178,Molokai,254004031,-156.99951_21.08567
762,-156.999344713,21.085967182,Molokai,254004032,-156.99934_21.08596
763,-156.998510825,21.0868535343,Molokai,254004036,-156.99851_21.08685
764,-156.997826342,21.0866541338,Molokai,254004038,-156.99782_21.08665
765,-156.997486582,21.0865670174,Molokai,254004039,-156.99748_21.08656
766,-156.997215308,21.0863538633,Molokai,254004040,-156.99721_21.08635
767,-156.997097665,21.0865685956,Molokai,254004041,-156.99709_21.08656
768,-156.996798412,21.086492279,Molokai,254004043,-156.99679_21.08649
769,-156.997583825,21.0849627755,Molokai,254004044,-156.99758_21.08496
770,-156.998184044,21.0853002599,Molokai,254004045,-156.99818_21.08530
771,-156.998716958,21.0839942648,Molokai,254004046,-156.99871_21.08399
772,-156.997804381,21.0859661051,Molokai,254004047,-156.99780_21.08596
773,-156.998251292,21.085598067,Molokai,254004048,-156.99825_21.08559
774,-156.998538217,21.0856828785,Molokai,254004085,-156.99853_21.08568
775,-156.997760683,21.0846762273,Molokai,254004087,-156.99776_21.08467
776,-157.001325124,21.0810124107,Molokai,254005018,-157.00132_21.08101
777,-157.001185462,21.0809823379,Molokai,254005019,-157.00118_21.08098
778,-157.001065952,21.0808691853,Molokai,254005020,-157.00106_21.08086
779,-157.000215671,21.0806240173,Molokai,254005025,-157.00021_21.08062
780,-157.002202666,21.08164779,Molokai,254005028,-157.00220_21.08164
781,-157.001705509,21.0816896957,Molokai,254005031,-157.00170_21.08168
782,-157.001419092,21.0815784924,Molokai,254005032,-157.00141_21.08157
783,-157.00127494,21.0815813966,Molokai,254005033,-157.00127_21.08158
784,-157.00098241,21.0815174382,Molokai,254005035,-157.00098_21.08151
785,-157.000835359,21.0814820975,Molokai,254005036,-157.00083_21.08148
786,-157.000691362,21.0814431955,Molokai,254005037,-157.00069_21.08144
787,-157.00044476,21.0813903244,Molokai,254005038,-157.00044_21.08139
788,-157.000033374,21.0812378334,Molokai,254005040,-157.00003_21.08123
789,-156.96307864,21.0684511039,Molokai,254017006,-156.96307_21.06845
790,-156.964258775,21.0689377305,Molokai,254017011,-156.96425_21.06893
791,-156.965811158,21.0693674966,Molokai,254017017,-156.96581_21.06936
792,-156.966326149,21.0694389808,Molokai,254017021,-156.96632_21.06943
793,-156.967179721,21.0698005151,Molokai,254017025,-156.96717_21.06980
794,-156.967386185,21.0698774295,Molokai,254017026,-156.96738_21.06987
795,-156.967599206,21.0699684333,Molokai,254017027,-156.96759_21.06996
796,-156.967842195,21.0700544258,Molokai,254017028,-156.96784_21.07005
797,-156.969741716,21.0704785669,Molokai,254017032,-156.96974_21.07047
798,-156.969975196,21.0705126091,Molokai,254017033,-156.96997_21.07051
799,-156.970430653,21.0705698564,Molokai,254017035,-156.97043_21.07056
800,-156.970633515,21.0705938003,Molokai,254017036,-156.97063_21.07059
801,-156.971064606,21.0706210135,Molokai,254017038,-156.97106_21.07062
802,-156.999626623,21.0801158001,Molokai,254002018,-156.99962_21.08011
803,-156.99918166,21.0800533696,Molokai,254002028,-156.99918_21.08005
804,-156.999047333,21.0802183669,Molokai,254002029,-156.99904_21.08021
805,-156.998431857,21.0798180148,Molokai,254002032,-156.99843_21.07981
806,-156.997950731,21.0805078542,Molokai,254002047,-156.99795_21.08050
807,-156.996267495,21.0797901466,Molokai,254002052,-156.99626_21.07979
808,-156.995873788,21.0793210763,Molokai,254002057,-156.99587_21.07932
809,-156.995521472,21.0791903548,Molokai,254002058,-156.99552_21.07919
810,-156.995285023,21.0790992915,Molokai,254002059,-156.99528_21.07909
811,-156.995220436,21.079514267,Molokai,254002061,-156.99522_21.07951
812,-156.995002251,21.0799758928,Molokai,254002064,-156.99500_21.07997
813,-156.995797143,21.079743208,Molokai,254002067,-156.99579_21.07974
814,-156.998462777,21.080585369,Molokai,254002072,-156.99846_21.08058
815,-156.981741303,21.0772630095,Molokai,254003019,-156.98174_21.07726
816,-156.956472631,21.0849575568,Molokai,254003028,-156.95647_21.08495
817,-156.993406231,21.0780355754,Molokai,254006004,-156.99340_21.07803
818,-156.992473587,21.0777738812,Molokai,254006006,-156.99247_21.07777
819,-156.991838374,21.0775999116,Molokai,254006008,-156.99183_21.07759
820,-156.991489898,21.0775802663,Molokai,254006009,-156.99148_21.07758
821,-156.991074468,21.0775424458,Molokai,254006010,-156.99107_21.07754
822,-156.990623562,21.0774384997,Molokai,254006011,-156.99062_21.07743
823,-156.990167127,21.0772958216,Molokai,254006012,-156.99016_21.07729
824,-156.989799341,21.0771765155,Molokai,254006013,-156.98979_21.07717
825,-156.986285623,21.0765346512,Molokai,254006014,-156.98628_21.07653
826,-156.985767974,21.0763000236,Molokai,254006015,-156.98576_21.07630
827,-156.985242473,21.076073443,Molokai,254006016,-156.98524_21.07607
828,-156.984725696,21.0758419493,Molokai,254006017,-156.98472_21.07584
829,-156.981195993,21.0733540539,Molokai,254006019,-156.98119_21.07335
830,-156.980595049,21.073247723,Molokai,254006020,-156.98059_21.07324
831,-156.999204142,21.0823684155,Molokai,254009006,-156.99920_21.08236
832,-156.999269183,21.0820173994,Molokai,254009007,-156.99926_21.08201
833,-156.999490753,21.0814334025,Molokai,254009010,-156.99949_21.08143
834,-157.000352446,21.0817859701,Molokai,254009011,-157.00035_21.08178
835,-156.999762171,21.0826800586,Molokai,254009014,-156.99976_21.08268
836,-156.999580831,21.0829650573,Molokai,254009015,-156.99958_21.08296
837,-156.999003286,21.0835356913,Molokai,254009017,-156.99900_21.08353
838,-156.999301409,21.0837137919,Molokai,254009018,-156.99930_21.08371
839,-156.999566239,21.0838718027,Molokai,254009019,-156.99956_21.08387
840,-156.999749763,21.0841404696,Molokai,254009020,-156.99974_21.08414
841,-156.99999182,21.083502236,Molokai,254009021,-156.99999_21.08350
842,-157.000000768,21.0832127462,Molokai,254009022,-157.00000_21.08321
843,-157.000299833,21.0829967786,Molokai,254009023,-157.00029_21.08299
844,-157.000474566,21.0827071277,Molokai,254009024,-157.00047_21.08270
845,-157.000963288,21.0822501789,Molokai,254009026,-157.00096_21.08225
846,-157.000906729,21.081849343,Molokai,254009027,-157.00090_21.08184
847,-157.001280553,21.0824888705,Molokai,254009029,-157.00128_21.08248
848,-157.001256664,21.082777556,Molokai,254009030,-157.00125_21.08277
849,-157.001082553,21.083067785,Molokai,254009031,-157.00108_21.08306
850,-157.000645975,21.0837898537,Molokai,254009033,-157.00064_21.08378
851,-156.781312874,21.0839627576,Molokai,257004036,-156.78131_21.08396
852,-156.780331869,21.0857710231,Molokai,257004039,-156.78033_21.08577
853,-156.770765788,21.0897366612,Molokai,257004040,-156.77076_21.08973
854,-156.775268987,21.0883096619,Molokai,257004044,-156.77526_21.08830
855,-156.775554164,21.0887287179,Molokai,257004045,-156.77555_21.08872
856,-156.771154994,21.0885573285,Molokai,257004050,-156.77115_21.08855
857,-156.773634784,21.0862788783,Molokai,257004052,-156.77363_21.08627
858,-156.77925697,21.0844114302,Molokai,257004056,-156.77925_21.08441
859,-156.826548374,21.0627894002,Molokai,257011061,-156.82654_21.06278
860,-156.826796613,21.0626689801,Molokai,257011062,-156.82679_21.06266
861,-156.827323438,21.0620491714,Molokai,257011063,-156.82732_21.06204
862,-156.82823361,21.0655649945,Molokai,257011065,-156.82823_21.06556
863,-156.824366269,21.0643631796,Molokai,257011066,-156.82436_21.06436
864,-156.824594228,21.0641709248,Molokai,257011067,-156.82459_21.06417
865,-156.824837408,21.0641907307,Molokai,257011068,-156.82483_21.06419
866,-156.824973907,21.0644355985,Molokai,257011069,-156.82497_21.06443
867,-156.825060936,21.0646642751,Molokai,257011070,-156.82506_21.06466
868,-156.824764976,21.0646217391,Molokai,257011071,-156.82476_21.06462
869,-156.82484161,21.0648156787,Molokai,257011072,-156.82484_21.06481
870,-156.824660962,21.0649380373,Molokai,257011073,-156.82466_21.06493
871,-156.824499186,21.0647740875,Molokai,257011074,-156.82449_21.06477
872,-156.82442731,21.0650943816,Molokai,257011075,-156.82442_21.06509
873,-156.824317954,21.064894251,Molokai,257011076,-156.82431_21.06489
874,-156.824237545,21.0652174944,Molokai,257011077,-156.82423_21.06521
875,-156.824075334,21.0650554088,Molokai,257011078,-156.82407_21.06505
876,-156.823999514,21.0653957509,Molokai,257011079,-156.82399_21.06539
877,-156.823924529,21.0651970649,Molokai,257011080,-156.82392_21.06519
878,-156.823785374,21.0655239826,Molokai,257011081,-156.82378_21.06552
879,-156.966242541,21.0780086903,Molokai,254016040,-156.96624_21.07800
880,-156.823644912,21.0653198287,Molokai,257011082,-156.82364_21.06531
881,-157.035407688,21.0986121859,Molokai,252032049,-157.03540_21.09861
882,-157.035621619,21.1016841254,Molokai,252032059,-157.03562_21.10168
883,-156.998777738,21.0820057017,Molokai,254010006,-156.99877_21.08200
884,-156.998642306,21.0822030975,Molokai,254010007,-156.99864_21.08220
885,-156.99839299,21.082577787,Molokai,254010009,-156.99839_21.08257
886,-156.988702248,21.0788112456,Molokai,254011044,-156.98870_21.07881
887,-156.935448098,21.0689905307,Molokai,254014053,-156.93544_21.06899
888,-156.941075769,21.0673051082,Molokai,254014078,-156.94107_21.06730
889,-156.94365259,21.0687464876,Molokai,254014083,-156.94365_21.06874
890,-156.959009842,21.0689773317,Molokai,254015003,-156.95900_21.06897
891,-156.961972341,21.0710728684,Molokai,254015008,-156.96197_21.07107
892,-156.959738163,21.0710982812,Molokai,254015039,-156.95973_21.07109
893,-156.968663818,21.0717008106,Molokai,254016024,-156.96866_21.07170
894,-156.956491735,21.0667007305,Molokai,254018028,-156.95649_21.06670
895,-156.911930749,21.05762792,Molokai,255001018,-156.91193_21.05762
896,-156.911039122,21.05740408,Molokai,255001028,-156.91103_21.05740
897,-156.879371588,21.0485274241,Molokai,255002004,-156.87937_21.04852
898,-156.881817393,21.05436032,Molokai,255002018,-156.88181_21.05436
899,-156.832824112,21.0599074553,Molokai,256001030,-156.83282_21.05990
900,-156.829265632,21.0619651948,Molokai,256001051,-156.82926_21.06196
901,-156.830229702,21.0617460669,Molokai,256001060,-156.83022_21.06174
902,-156.829464569,21.0632582314,Molokai,256002001,-156.82946_21.06325
903,-156.829362925,21.0631640135,Molokai,256002002,-156.82936_21.06316
904,-156.83011881,21.0631104918,Molokai,256002003,-156.83011_21.06311
905,-156.834358906,21.0599552229,Molokai,256002009,-156.83435_21.05995
906,-156.834066747,21.0613840017,Molokai,256002014,-156.83406_21.06138
907,-156.833530878,21.0613983611,Molokai,256002015,-156.83353_21.06139
908,-156.832188589,21.0628403848,Molokai,256002018,-156.83218_21.06284
909,-156.834311404,21.062700576,Molokai,256002021,-156.83431_21.06270
910,-156.775531335,21.0847778337,Molokai,257004024,-156.77553_21.08477
911,-156.77942375,21.0855422694,Molokai,257004027,-156.77942_21.08554
912,-156.7788467,21.0848132971,Molokai,257004028,-156.77884_21.08481
913,-156.771273417,21.0881161551,Molokai,257004060,-156.77127_21.08811
914,-156.795773058,21.0939114398,Molokai,257005014,-156.79577_21.09391
915,-156.7867382,21.086737848,Molokai,257005015,-156.78673_21.08673
916,-157.021086479,21.1520358093,Molokai,252012030,-157.02108_21.15203
917,-156.759979654,21.0964261176,Molokai,257001058,-156.75997_21.09642
918,-157.035372157,21.1040469434,Molokai,252032026,-157.03537_21.10404
919,-157.033550028,21.1044730522,Molokai,252032022,-157.03355_21.10447
920,-156.833485738,21.0581703715,Molokai,256003003,-156.83348_21.05817
921,-156.834281327,21.0574354335,Molokai,256003006,-156.83428_21.05743
922,-156.834782889,21.057246938,Molokai,256003007,-156.83478_21.05724
923,-156.797914452,21.0732470053,Molokai,257007065,-156.79791_21.07324
924,-156.835928748,21.0569182665,Molokai,256003013,-156.83592_21.05691
925,-156.835215645,21.0566511746,Molokai,256003016,-156.83521_21.05665
926,-156.835725259,21.0574446767,Molokai,256003017,-156.83572_21.05744
927,-156.834686862,21.0580159929,Molokai,256003021,-156.83468_21.05801
928,-156.834284527,21.0577241843,Molokai,256003022,-156.83428_21.05772
929,-156.833462543,21.059256376,Molokai,256003034,-156.83346_21.05925
930,-156.835170849,21.056108758,Molokai,256003037,-156.83517_21.05610
931,-156.834294,21.0585173735,Molokai,256003038,-156.83429_21.05851
932,-156.834133983,21.0586107496,Molokai,256003039,-156.83413_21.05861
933,-156.83560031,21.0570963122,Molokai,256003040,-156.83560_21.05709
934,-156.877696205,21.0551305128,Molokai,256007054,-156.87769_21.05513
935,-156.877847858,21.0550659719,Molokai,256007055,-156.87784_21.05506
936,-156.863853727,21.0523710711,Molokai,256008001,-156.86385_21.05237
937,-156.86770616,21.0540609232,Molokai,256008002,-156.86770_21.05406
938,-156.872101333,21.0526089833,Molokai,256008005,-156.87210_21.05260
939,-156.87376963,21.0515115122,Molokai,256008009,-156.87376_21.05151
940,-156.874019248,21.0515213055,Molokai,256008010,-156.87401_21.05152
941,-156.874288045,21.0514910686,Molokai,256008011,-156.87428_21.05149
942,-156.877541124,21.0471804038,Molokai,256008016,-156.87754_21.04718
943,-156.867324379,21.0541498807,Molokai,256008018,-156.86732_21.05414
944,-156.86697857,21.0542857894,Molokai,256008019,-156.86697_21.05428
945,-156.870247309,21.0522248614,Molokai,256008021,-156.87024_21.05222
946,-156.867537936,21.0518781809,Molokai,256009003,-156.86753_21.05187
947,-156.761516326,21.0964725042,Molokai,257001035,-156.76151_21.09647
948,-156.761288182,21.0999140583,Molokai,257001039,-156.76128_21.09991
949,-156.760617603,21.0976944712,Molokai,257001051,-156.76061_21.09769
950,-156.759220574,21.0961966649,Molokai,257001063,-156.75922_21.09619
951,-156.758166876,21.096904576,Molokai,257001066,-156.75816_21.09690
952,-156.757782162,21.0971472142,Molokai,257001067,-156.75778_21.09714
953,-156.757322782,21.0975882293,Molokai,257001068,-156.75732_21.09758
954,-156.757534748,21.0973913742,Molokai,257001078,-156.75753_21.09739
955,-156.756317482,21.0984433595,Molokai,257003003,-156.75631_21.09844
956,-156.756425219,21.0983491085,Molokai,257003005,-156.75642_21.09834
957,-156.756994306,21.0986189267,Molokai,257003007,-156.75699_21.09861
958,-156.83557121,21.0568090472,Molokai,256003041,-156.83557_21.05680
959,-156.8462524,21.0635480321,Molokai,256004002,-156.84625_21.06354
960,-156.84255483,21.0592329063,Molokai,256004005,-156.84255_21.05923
961,-156.842982019,21.0584243515,Molokai,256004007,-156.84298_21.05842
962,-156.843170678,21.0565352132,Molokai,256004010,-156.84317_21.05653
963,-156.842090648,21.0555828023,Molokai,256004011,-156.84209_21.05558
964,-156.841005941,21.0557491029,Molokai,256004014,-156.84100_21.05574
965,-156.841021019,21.0568792073,Molokai,256004017,-156.84102_21.05687
966,-156.84090986,21.0595361757,Molokai,256004019,-156.84090_21.05953
967,-156.839683917,21.0559986765,Molokai,256004024,-156.83968_21.05599
968,-156.83658127,21.0568068895,Molokai,256004036,-156.83658_21.05680
969,-156.841427683,21.0549065691,Molokai,256004052,-156.84142_21.05490
970,-156.842549924,21.0583957942,Molokai,256004059,-156.84254_21.05839
971,-156.849243964,21.0577307139,Molokai,256006008,-156.84924_21.05773
972,-156.872469428,21.0541969535,Molokai,256007027,-156.87246_21.05419
973,-156.874465913,21.0554370862,Molokai,256007037,-156.87446_21.05543
974,-156.875010073,21.0557994415,Molokai,256007039,-156.87501_21.05579
975,-156.875976559,21.0556072127,Molokai,256007044,-156.87597_21.05560
976,-156.876127256,21.0555434832,Molokai,256007045,-156.87612_21.05554
977,-156.876446952,21.055485828,Molokai,256007047,-156.87644_21.05548
978,-156.876839256,21.0554313857,Molokai,256007049,-156.87683_21.05543
979,-156.809763225,21.0716235964,Molokai,257005032,-156.80976_21.07162
980,-156.792218532,21.0758116222,Molokai,257006003,-156.79221_21.07581
981,-156.756059585,21.0986425333,Molokai,257003021,-156.75605_21.09864
982,-156.761944291,21.0954758517,Molokai,257003041,-156.76194_21.09547
983,-156.762894035,21.0956767679,Molokai,257003043,-156.76289_21.09567
984,-156.785765927,21.0821546073,Molokai,257006050,-156.78576_21.08215
985,-156.783913008,21.082850827,Molokai,257006053,-156.78391_21.08285
986,-156.782473724,21.0844074844,Molokai,257006055,-156.78247_21.08440
987,-156.788125759,21.0786027656,Molokai,257006060,-156.78812_21.07860
988,-156.782254655,21.0835398198,Molokai,257006061,-156.78225_21.08353
989,-156.790832926,21.0775450827,Molokai,257006069,-156.79083_21.07754
990,-156.794506549,21.0728357946,Molokai,257007005,-156.79450_21.07283
991,-156.795190633,21.072711226,Molokai,257007010,-156.79519_21.07271
992,-156.795560949,21.0730136011,Molokai,257007014,-156.79556_21.07301
993,-156.795823642,21.0720371016,Molokai,257007015,-156.79582_21.07203
994,-156.796294718,21.072837055,Molokai,257007016,-156.79629_21.07283
995,-156.80970906,21.0699970389,Molokai,257008076,-156.80970_21.06999
996,-156.81078865,21.0695165136,Molokai,257008078,-156.81078_21.06951
997,-156.811435515,21.069382901,Molokai,257008084,-156.81143_21.06938
998,-156.803781946,21.0692555412,Molokai,257008086,-156.80378_21.06925
999,-156.804314324,21.068943115,Molokai,257008087,-156.80431_21.06894
1000,-156.812868745,21.0689975605,Molokai,257008091,-156.81286_21.06899
1001,-156.819936646,21.0648670296,Molokai,257009001,-156.81993_21.06486
1002,-156.823216756,21.0634905601,Molokai,257010004,-156.82321_21.06349
1003,-156.825636279,21.0612027933,Molokai,257010012,-156.82563_21.06120
1004,-156.823058554,21.0636847914,Molokai,257010030,-156.82305_21.06368
1005,-156.824749505,21.0636715418,Molokai,257010034,-156.82474_21.06367
1006,-156.824641579,21.0637458434,Molokai,257010036,-156.82464_21.06374
1007,-156.844651425,21.0554107071,Molokai,256006034,-156.84465_21.05541
1008,-156.827741078,21.0652198283,Molokai,257011019,-156.82774_21.06521
1009,-156.827599577,21.0618093966,Molokai,257011051,-156.82759_21.06180
1010,-156.826641898,21.0624618845,Molokai,257011055,-156.82664_21.06246
1011,-156.8234932,21.065141967,Molokai,257011083,-156.82349_21.06514
1012,-156.823441266,21.0649366218,Molokai,257011084,-156.82344_21.06493
1013,-156.82368224,21.0647912628,Molokai,257011085,-156.82368_21.06479
1014,-156.823890618,21.0646739062,Molokai,257011086,-156.82389_21.06467
1015,-156.751207389,21.1082217093,Molokai,258001004,-156.75120_21.10822
1016,-156.746358021,21.1081050045,Molokai,258001008,-156.74635_21.10810
1017,-156.746315446,21.1066867661,Molokai,258001010,-156.74631_21.10668
1018,-156.742986274,21.111166316,Molokai,258002001,-156.74298_21.11116
1019,-156.743454168,21.11100483,Molokai,258002004,-156.74345_21.11100
1020,-156.745160423,21.1110716888,Molokai,258002008,-156.74516_21.11107
1021,-156.746242468,21.1118220082,Molokai,258002021,-156.74624_21.11182
1022,-156.745057135,21.1122145552,Molokai,258003020,-156.74505_21.11221
1023,-156.741844192,21.1119249114,Molokai,258003002,-156.74184_21.11192
1024,-156.746024659,21.1127747116,Molokai,258003021,-156.74602_21.11277
1025,-157.064753485,21.1585743916,Molokai,252007108,-157.06475_21.15857
1026,-157.05774905,21.1702059009,Molokai,252015058,-157.05774_21.17020
1027,-157.074943079,21.1792603409,Molokai,252021014,-157.07494_21.17926
1028,-157.075085542,21.1786677458,Molokai,252021007,-157.07508_21.17866
1029,-157.09508809,21.1783321451,Molokai,252025014,-157.09508_21.17833
1030,-157.096132391,21.1740518503,Molokai,252025011,-157.09613_21.17405
1031,-157.106564983,21.1518274943,Molokai,252002003,-157.10656_21.15182
1032,-157.112255466,21.1658932254,Molokai,252002019,-157.11225_21.16589
1033,-156.822519963,21.0644617571,Molokai,257010002,-156.82251_21.06446
1034,-157.039692795,21.0989276744,Molokai,252033055,-157.03969_21.09892
1035,-157.040625396,21.0997067167,Molokai,252033051,-157.04062_21.09970
1036,-157.037033574,21.1035912859,Molokai,252033001,-157.03703_21.10359
1037,-156.740360493,21.1145408372,Molokai,258005004,-156.74036_21.11454
1038,-156.742999844,21.11151373,Molokai,258003005,-156.74299_21.11151
1039,-156.863855468,21.0732096039,Molokai,256006002,-156.86385_21.07320
1040,-156.741650126,21.1149747779,Molokai,258007013,-156.74165_21.11497
1041,-156.737761924,21.1426638261,Molokai,258011006,-156.73776_21.14266
1042,-156.746781152,21.1547603774,Molokai,259003010,-156.74678_21.15476
1043,-157.115586437,21.1666452584,Molokai,252002032,-157.11558_21.16664
1044,-157.0827266,21.154072953,Molokai,252004061,-157.08272_21.15407
1045,-157.08008024,21.1540146061,Molokai,252004111,-157.08008_21.15401
1046,-157.080293748,21.1530130145,Molokai,252004098,-157.08029_21.15301
1047,-157.049757037,21.1604463889,Molokai,252007093,-157.04975_21.16044
1048,-157.0965387,21.1656640411,Molokai,252024012,-157.09653_21.16566
1049,-157.083206507,21.1792851111,Molokai,252025001,-157.08320_21.17928
1050,-157.099528992,21.1821395232,Molokai,252026014,-157.09952_21.18213
1051,-156.782012952,21.0836953823,Molokai,257006033,-156.78201_21.08369
1052,-156.791663402,21.0799283969,Molokai,257006074,-156.79166_21.07992
1053,-156.809365906,21.0686591213,Molokai,257008023,-156.80936_21.06865
1054,-157.039148992,21.1009083341,Molokai,252033039,-157.03914_21.10090
1055,-157.038282422,21.1009125549,Molokai,252033032,-157.03828_21.10091
1056,-157.037107015,21.0996970906,Molokai,252033024,-157.03710_21.09969
1057,-157.037468363,21.1006595978,Molokai,252033030,-157.03746_21.10065
1058,-157.03774179,21.1000617296,Molokai,252033029,-157.03774_21.10006
1059,-157.033163495,21.1043620717,Molokai,252032021,-157.03316_21.10436
1060,-157.032316789,21.1034773264,Molokai,252032018,-157.03231_21.10347
1061,-157.031936524,21.1028547635,Molokai,252032016,-157.03193_21.10285
1062,-157.031888095,21.1024970869,Molokai,252032015,-157.03188_21.10249
1063,-157.03230259,21.1012132361,Molokai,252032011,-157.03230_21.10121
1064,-157.033451409,21.1002380378,Molokai,252032007,-157.03345_21.10023
1065,-157.033101908,21.1018454944,Molokai,252032040,-157.03310_21.10184
1066,-157.033002643,21.1025135946,Molokai,252032038,-157.03300_21.10251
1067,-157.037837024,21.1032263618,Molokai,252033008,-157.03783_21.10322
1068,-157.039187706,21.1031254846,Molokai,252033010,-157.03918_21.10312
1069,-157.252153325,21.1728862093,Molokai,251006072,-157.25215_21.17288
1070,-157.27062669,21.1532579356,Molokai,251007041,-157.27062_21.15325
1071,-157.266504184,21.1599320664,Molokai,251007054,-157.26650_21.15993
1072,-156.98632297,21.0778990592,Molokai,254011052,-156.98632_21.07789
1073,-157.104482365,21.1657183604,Molokai,252002025,-157.10448_21.16571
1074,-157.071549842,21.1498180976,Molokai,252004010,-157.07154_21.14981
1075,-157.074337175,21.1502743075,Molokai,252004011,-157.07433_21.15027
1076,-157.063639848,21.1645463616,Molokai,252007009,-157.06363_21.16454
1077,-157.074700477,21.1736379589,Molokai,252022012,-157.07470_21.17363
1078,-157.0762772,21.1739703296,Molokai,252022013,-157.07627_21.17397
1079,-157.077932145,21.1737486554,Molokai,252022014,-157.07793_21.17374
1080,-157.080898775,21.1749086466,Molokai,252022016,-157.08089_21.17490
1081,-157.082368276,21.1753490917,Molokai,252022017,-157.08236_21.17534
1082,-157.075837068,21.1687726136,Molokai,252023020,-157.07583_21.16877
1083,-157.083087067,21.1662264014,Molokai,252023028,-157.08308_21.16622
1084,-157.095469959,21.1466725278,Molokai,252001011,-157.09546_21.14667
1085,-157.095652645,21.157786279,Molokai,252004056,-157.09565_21.15778
1086,-157.063166579,21.1802248204,Molokai,252017005,-157.06316_21.18022
1087,-156.988784203,21.0768613984,Molokai,254006033,-156.98878_21.07686
1088,-157.066464107,21.1664761205,Molokai,252007011,-157.06646_21.16647
1089,-157.061116842,21.1747965825,Molokai,252007020,-157.06111_21.17479
1090,-157.043186306,21.1644823846,Molokai,252007028,-157.04318_21.16448
1091,-157.06270074,21.1671329738,Molokai,252007094,-157.06270_21.16713
1092,-157.069986466,21.1726294048,Molokai,252022002,-157.06998_21.17262
1093,-157.085963786,21.1679389009,Molokai,252024001,-157.08596_21.16793
1094,-157.075082333,21.1650886137,Molokai,252023016,-157.07508_21.16508
1095,-157.033776656,21.0965853616,Molokai,252008028,-157.03377_21.09658
1096,-157.042872608,21.1033344395,Molokai,252008041,-157.04287_21.10333
1097,-156.997292554,21.0840912919,Molokai,254010017,-156.99729_21.08409
1098,-156.997037374,21.0844653598,Molokai,254010019,-156.99703_21.08446
1099,-157.070889588,21.1819062018,Molokai,252021005,-157.07088_21.18190
1100,-156.877457588,21.048032021,Molokai,256011023,-156.87745_21.04803
1101,-156.795743313,21.0737565421,Molokai,257007034,-156.79574_21.07375
1102,-157.097223942,21.169167749,Molokai,252024010,-157.09722_21.16916
1103,-157.087160427,21.1761996486,Molokai,252025004,-157.08716_21.17619
1104,-156.770208387,21.0900094719,Molokai,257004001,-156.77020_21.09000
1105,-157.110815308,21.1812765601,Molokai,252026012,-157.11081_21.18127
1106,-156.971455914,21.07065871,Molokai,254017040,-156.97145_21.07065
1107,-156.753283743,21.1012472951,Molokai,257003081,-156.75328_21.10124
1108,-156.988512325,21.0767612045,Molokai,254006058,-156.98851_21.07676
1109,-157.009860351,21.082252836,Molokai,254008005,-157.00986_21.08225
1110,-157.054046222,21.1624193078,Molokai,252007003,-157.05404_21.16241
1111,-157.060413004,21.1643568148,Molokai,252007007,-157.06041_21.16435
1112,-157.053224319,21.1713141587,Molokai,252007036,-157.05322_21.17131
1113,-156.970078859,21.0798521509,Molokai,254016013,-156.97007_21.07985
1114,-156.999760384,21.0815658223,Molokai,254009038,-156.99976_21.08156
1115,-157.052814569,21.1106978538,Molokai,252011032,-157.05281_21.11069
1116,-157.030078317,21.177666533,Molokai,252013003,-157.03007_21.17766
1117,-157.013082582,21.1499527133,Molokai,252010003,-157.01308_21.14995
1118,-157.083693786,21.1069612276,Molokai,252011022,-157.08369_21.10696
1119,-156.943972583,21.0661117937,Molokai,254001020,-156.94397_21.06611
1120,-156.950289822,21.0669553357,Molokai,254001094,-156.95028_21.06695
1121,-157.013223999,21.1557825825,Molokai,252013032,-157.01322_21.15578
1122,-157.020853169,21.1603554377,Molokai,252013034,-157.02085_21.16035
1123,-156.963580697,21.0696198527,Molokai,254003035,-156.96358_21.06961
1124,-157.054732695,21.1708795941,Molokai,252015012,-157.05473_21.17087
1125,-157.053879297,21.1670568701,Molokai,252015017,-157.05387_21.16705
1126,-157.058556788,21.1666061542,Molokai,252015020,-157.05855_21.16660
1127,-157.059320263,21.1684629961,Molokai,252015023,-157.05932_21.16846
1128,-157.004565451,21.1613561382,Molokai,252016020,-157.00456_21.16135
1129,-157.006624958,21.1608616744,Molokai,252016053,-157.00662_21.16086
1130,-156.998439984,21.0845863682,Molokai,254004014,-156.99843_21.08458
1131,-156.999415894,21.0845941774,Molokai,254004027,-156.99941_21.08459
1132,-156.99993809,21.0848057292,Molokai,254004028,-156.99993_21.08480
1133,-156.999418086,21.0856784178,Molokai,254004031,-156.99941_21.08567
1134,-157.000735359,21.0814820975,Molokai,254005036,-157.00073_21.08148
1135,-156.966226149,21.0694389808,Molokai,254017021,-156.96622_21.06943
1136,-156.992373587,21.0777738812,Molokai,254006006,-156.99237_21.07777
1137,-156.991738374,21.0775999116,Molokai,254006008,-156.99173_21.07759
1138,-156.991389898,21.0775802663,Molokai,254006009,-156.99138_21.07758
1139,-156.981095993,21.0733540539,Molokai,254006019,-156.98109_21.07335
1140,-157.000199833,21.0829967786,Molokai,254009023,-157.00019_21.08299
1141,-156.832724112,21.0599074553,Molokai,256001030,-156.83272_21.05990
1142,-156.83001881,21.0631104918,Molokai,256002003,-156.83001_21.06311
1143,-156.77932375,21.0855422694,Molokai,257004027,-156.77932_21.08554
1144,-156.877747858,21.0550659719,Molokai,256007055,-156.87774_21.05506
1145,-156.86760616,21.0540609232,Molokai,256008002,-156.86760_21.05406
1146,-156.872001333,21.0526089833,Molokai,256008005,-156.87200_21.05260
1147,-156.843070678,21.0565352132,Molokai,256004010,-156.84307_21.05653
1148,-156.875876559,21.0556072127,Molokai,256007044,-156.87587_21.05560
1149,-156.794406549,21.0728357946,Molokai,257007005,-156.79440_21.07283
1150,-156.796194718,21.072837055,Molokai,257007016,-156.79619_21.07283
1151,-156.819836646,21.0648670296,Molokai,257009001,-156.81983_21.06486
1152,-156.822958554,21.0636847914,Molokai,257010030,-156.82295_21.06368
1153,-156.826541898,21.0624618845,Molokai,257011055,-156.82654_21.06246
1154,-156.751107389,21.1082217093,Molokai,258001004,-156.75110_21.10822
1155,-157.05764905,21.1702059009,Molokai,252015058,-157.05764_21.17020
1156,-157.112155466,21.1658932254,Molokai,252002019,-157.11215_21.16589
1157,-156.741550126,21.1149747779,Molokai,258007013,-156.74155_21.11497
1158,-156.781912952,21.0836953823,Molokai,257006033,-156.78191_21.08369
1159,-157.004253264,21.1645400011,Molokai,252018043,-157.00425_21.16454
1160,-157.004453264,21.1645400011,Molokai,252018043,-157.00445_21.16454
1161,-157.046923812,21.1032803758,Molokai,252008034,-157.04692_21.10328
1162,-157.047123812,21.1032803758,Molokai,252008034,-157.04712_21.10328
1163,-157.105156172,21.1708700861,Molokai,252027018,-157.10515_21.17087
1164,-157.105356172,21.1708700861,Molokai,252027018,-157.10535_21.17087
1165,-157.111290268,21.1721862423,Molokai,252027022,-157.11129_21.17218
1166,-157.111490268,21.1721862423,Molokai,252027022,-157.11149_21.17218
1167,-156.981641303,21.0772630095,Molokai,254003019,-156.98164_21.07726
1168,-156.981841303,21.0772630095,Molokai,254003019,-156.98184_21.07726
1169,-156.827499577,21.0618093966,Molokai,257011051,-156.82749_21.06180
1170,-156.827699577,21.0618093966,Molokai,257011051,-156.82769_21.06180
1171,-156.737661924,21.1426638261,Molokai,258011006,-156.73766_21.14266
1172,-156.737861924,21.1426638261,Molokai,258011006,-156.73786_21.14266
1173,-156.737761924,21.1427638261,Molokai,258011006,-156.73776_21.14276
1174,-157.017934654,21.1602856805,Molokai,252013021,-157.01793_21.16028
1175,-157.018134654,21.1602856805,Molokai,252013021,-157.01813_21.16028
1176,-157.018034654,21.1603856805,Molokai,252013021,-157.01803_21.16038
1177,-157.018034654,21.1601856805,Molokai,252013021,-157.01803_21.16018
1178,-157.017934654,21.1603856805,Molokai,252013021,-157.01793_21.16038
1179,-157.017934654,21.1601856805,Molokai,252013021,-157.01793_21.16018
1180,-157.018134654,21.1603856805,Molokai,252013021,-157.01813_21.16038
1181,-157.018134654,21.1601856805,Molokai,252013021,-157.01813_21.16018
1182,-156.999646657,21.0798743095,Molokai,254002018,-156.99964_21.07987
1183,-156.999575273,21.0799932826,Molokai,254002018,-156.99957_21.07999
1184,-156.999534822,21.0800932199,Molokai,254002018,-156.99953_21.08009
1185,-156.999465818,21.0802145724,Molokai,254002018,-156.99946_21.08021
1186,-156.999439644,21.0803406839,Molokai,254002018,-156.99943_21.08034
1187,-156.999546719,21.0804453801,Molokai,254002018,-156.99954_21.08044
1188,-156.999691866,21.0803906525,Molokai,254002018,-156.99969_21.08039
1189,-156.999768009,21.0802788179,Molokai,254002018,-156.99976_21.08027
1190,-156.999829875,21.0801598448,Molokai,254002018,-156.99982_21.08015
1191,-156.999913156,21.0800337334,Molokai,254002018,-156.99991_21.08003
1192,-157.009536585,21.1591368987,Molokai,252014059,-157.00953_21.15913
1193,-157.009700768,21.1590048386,Molokai,252014059,-157.00970_21.15900
1194,-157.009832828,21.1588370866,Molokai,252014059,-157.00983_21.15883
1195,-157.009943473,21.1586621962,Molokai,252014059,-157.00994_21.15866
1196,-157.010146917,21.1585194285,Molokai,252014059,-157.01014_21.15851
1197,-157.01039676,21.1582338932,Molokai,252014059,-157.01039_21.15823
1198,-157.010239716,21.1581803554,Molokai,252014059,-157.01023_21.15818
1199,-157.010029133,21.1581018331,Molokai,252014059,-157.01002_21.15810
1200,-157.009829259,21.1580304493,Molokai,252014059,-157.00982_21.15803
1201,-157.009611538,21.1579554963,Molokai,252014059,-157.00961_21.15795
1202,-157.009615107,21.1584730291,Molokai,252014059,-157.00961_21.15847
1203,-157.009504462,21.158658627,Molokai,252014059,-157.00950_21.15865
1204,-157.242287955,21.1851830598,Molokai,251003011,-157.24228_21.18518
1205,-157.242459276,21.1851973365,Molokai,251003011,-157.24245_21.18519
1206,-157.242573491,21.1853401042,Molokai,251003011,-157.24257_21.18534
1207,-157.24270674,21.1854162469,Molokai,251003011,-157.24270_21.18541
1208,-157.242887579,21.1854685951,Molokai,251003011,-157.24288_21.18546
1209,-157.243077936,21.1854971486,Molokai,251003011,-157.24307_21.18549
1210,-157.243396784,21.1852687203,Molokai,251003011,-157.24339_21.18526
1211,-157.243577623,21.1853924523,Molokai,251003011,-157.24357_21.18539
1212,-157.243734668,21.1854019702,Molokai,251003011,-157.24373_21.18540
1213,-157.244024962,21.1854590772,Molokai,251003011,-157.24402_21.18545
1214,-157.244015444,21.1858207553,Molokai,251003011,-157.24401_21.18582
1215,-157.244153453,21.185958764,Molokai,251003011,-157.24415_21.18595
1216,-157.244286702,21.1860349068,Molokai,251003011,-157.24428_21.18603
1217,-157.24314932,21.1859254516,Molokai,251003011,-157.24314_21.18592
1218,-157.243311123,21.1859730408,Molokai,251003011,-157.24331_21.18597
1219,-157.24354907,21.18602063,Molokai,251003011,-157.24354_21.18602
1220,-157.243601418,21.1861586388,Molokai,251003011,-157.24360_21.18615
1221,-157.243534793,21.1863632724,Molokai,251003011,-157.24353_21.18636
1222,-157.243453891,21.1865821828,Molokai,251003011,-157.24345_21.18658
1223,-157.243315882,21.1866107364,Molokai,251003011,-157.24331_21.18661
1224,-157.243230222,21.1867154326,Molokai,251003011,-157.24323_21.18671
1225,-157.243763221,21.1872103605,Molokai,251003011,-157.24376_21.18721
1226,-157.243905989,21.187367405,Molokai,251003011,-157.24390_21.18736
1227,-157.244063033,21.1873245747,Molokai,251003011,-157.24406_21.18732
1228,-157.244196283,21.1872865033,Molokai,251003011,-157.24419_21.18728
1229,-157.244110622,21.1868344057,Molokai,251003011,-157.24411_21.18683
1230,-157.244020203,21.1866868791,Molokai,251003011,-157.24402_21.18668
1231,-157.243939301,21.186572665,Molokai,251003011,-157.24393_21.18657
1232,-157.244415193,21.1872579497,Molokai,251003011,-157.24441_21.18725
1233,-157.244576997,21.1872722265,Molokai,251003011,-157.24457_21.18727
1234,-157.244886327,21.1854210059,Molokai,251003011,-157.24488_21.18542
1235,-157.245286076,21.1855542557,Molokai,251003011,-157.24528_21.18555
1236,-157.245566853,21.1854352826,Molokai,251003011,-157.24556_21.18543
1237,-157.245838111,21.185292515,Molokai,251003011,-157.24583_21.18529
1238,-157.246047504,21.1850736045,Molokai,251003011,-157.24604_21.18507
1239,-157.246066539,21.1855114254,Molokai,251003011,-157.24606_21.18551
1240,-157.246180753,21.1858968981,Molokai,251003011,-157.24618_21.18589
1241,-157.246204548,21.1860587014,Molokai,251003011,-157.24620_21.18605
1242,-157.246409182,21.186510799,Molokai,251003011,-157.24640_21.18651
1243,-157.245681067,21.1864632098,Molokai,251003011,-157.24568_21.18646
1244,-157.24540029,21.1864441741,Molokai,251003011,-157.24540_21.18644
1245,-157.245186139,21.1861205674,Molokai,251003011,-157.24518_21.18612
1246,-157.24513855,21.1858112375,Molokai,251003011,-157.24513_21.18581
1247,-157.245514504,21.1866726023,Molokai,251003011,-157.24551_21.18667
1248,-157.245433603,21.1869486198,Molokai,251003011,-157.24543_21.18694
1249,-157.245638236,21.1872769854,Molokai,251003011,-157.24563_21.18727
1250,-157.2458857,21.1874149942,Molokai,251003011,-157.24588_21.18741
1251,-157.246180753,21.1874340299,Molokai,251003011,-157.24618_21.18743
1252,-157.246566226,21.1874340299,Molokai,251003011,-157.24656_21.18743
1253,-157.246708994,21.1867868165,Molokai,251003011,-157.24670_21.18678
1254,-157.247201542,21.1870366599,Molokai,251003011,-157.24720_21.18703
1255,-157.247451386,21.1872936417,Molokai,251003011,-157.24745_21.18729
1256,-157.247615568,21.1875077932,Molokai,251003011,-157.24761_21.18750
1257,-157.247008806,21.1883358456,Molokai,251003011,-157.24700_21.18833
1258,-157.24668044,21.1882716001,Molokai,251003011,-157.24668_21.18827
1259,-157.246402043,21.1881930779,Molokai,251003011,-157.24640_21.18819
1260,-157.246080816,21.1881930779,Molokai,251003011,-157.24608_21.18819
1261,-157.245745312,21.1883144304,Molokai,251003011,-157.24574_21.18831
1262,-157.245731035,21.1886356577,Molokai,251003011,-157.24573_21.18863
1263,-157.245866665,21.1889711617,Molokai,251003011,-157.24586_21.18897
1264,-157.246244999,21.1889497465,Molokai,251003011,-157.24624_21.18894
1265,-157.246473427,21.1888926395,Molokai,251003011,-157.24647_21.18889
1266,-157.24497278,21.1904035972,Molokai,251003011,-157.24497_21.19040
1267,-157.245115548,21.1901680306,Molokai,251003011,-157.24511_21.19016
1268,-157.245279731,21.1899645866,Molokai,251003011,-157.24527_21.18996
1269,-157.245572405,21.1900181245,Molokai,251003011,-157.24557_21.19001
1270,-157.246043538,21.1899003412,Molokai,251003011,-157.24604_21.18990
1271,-157.245740157,21.1905285189,Molokai,251003011,-157.24574_21.19052
1272,-157.245647358,21.1911816809,Molokai,251003011,-157.24564_21.19118
1273,-157.246064953,21.1911959577,Molokai,251003011,-157.24606_21.19119
1274,-157.246661008,21.1910531901,Molokai,251003011,-157.24666_21.19105
1275,-157.24700722,21.1909853754,Molokai,251003011,-157.24700_21.19098
1276,-157.247142849,21.1907747931,Molokai,251003011,-157.24714_21.19077
1277,-157.247042911,21.1905035346,Molokai,251003011,-157.24704_21.19050
1278,-157.246725253,21.1904143048,Molokai,251003011,-157.24672_21.19041
1279,-157.246835898,21.1901644614,Molokai,251003011,-157.24683_21.19016
