,Uid,Flikr_ID,Flikr_X,Flikr_Y
0,-157.13194_21.14422,flk_2044_Maui,-157.123380335,21.0997050237
1,-157.25780_21.14791,flk_2179_Maui,-157.274273366,21.160019067
2,-157.24613_21.19028,flk_2413_Maui,-157.249831896,21.1913810915
3,-157.20856_21.15703,flk_2294_Maui,-157.254832339,21.1756262289
4,-157.21922_21.17738,flk_2377_Maui,-157.249885072,21.186865486
5,-157.21093_21.17253,flk_2377_Maui,-157.249885072,21.186865486
6,-157.20814_21.16662,flk_2377_Maui,-157.249885072,21.186865486
7,-157.24633_21.18319,flk_2377_Maui,-157.249885072,21.186865486
8,-157.24587_21.18317,flk_2377_Maui,-157.249885072,21.186865486
9,-157.24543_21.18312,flk_2377_Maui,-157.249885072,21.186865486
10,-157.24389_21.18321,flk_2377_Maui,-157.249885072,21.186865486
11,-157.24301_21.18322,flk_2377_Maui,-157.249885072,21.186865486
12,-157.22836_21.17295,flk_2353_Maui,-157.252345536,21.1823747877
13,-157.22915_21.17232,flk_2353_Maui,-157.252345536,21.1823747877
14,-157.25752_21.16708,flk_2250_Maui,-157.259699578,21.1711602222
15,-157.25225_21.17288,flk_2294_Maui,-157.254832339,21.1756262289
16,-157.23650_21.18016,flk_2377_Maui,-157.249885072,21.186865486
17,-157.24170_21.18236,flk_2377_Maui,-157.249885072,21.186865486
18,-157.23469_21.18124,flk_2377_Maui,-157.249885072,21.186865486
19,-157.23121_21.17582,flk_2353_Maui,-157.252345536,21.1823747877
20,-157.23136_21.17679,flk_2377_Maui,-157.249885072,21.186865486
21,-157.23181_21.17986,flk_2377_Maui,-157.249885072,21.186865486
22,-157.23348_21.17754,flk_2367_Maui,-157.249911654,21.1846076823
23,-157.23346_21.17572,flk_2353_Maui,-157.252345536,21.1823747877
24,-157.27220_21.15726,flk_2179_Maui,-157.274273366,21.160019067
25,-157.27072_21.15325,flk_2175_Maui,-157.279113417,21.157810264
26,-157.26758_21.15938,flk_2183_Maui,-157.269433179,21.162227721
27,-157.26660_21.15993,flk_2183_Maui,-157.269433179,21.162227721
28,-157.26175_21.16380,flk_2199_Maui,-157.264566524,21.1666940528
29,-156.98750_21.07828,flk_1868_Maui,-156.988965624,21.0755854086
30,-156.98726_21.07819,flk_1869_Maui,-156.98656041,21.0755568864
31,-156.98642_21.07789,flk_1869_Maui,-156.98656041,21.0755568864
32,-156.98697_21.07781,flk_1869_Maui,-156.98656041,21.0755568864
33,-156.98728_21.07744,flk_1869_Maui,-156.98656041,21.0755568864
34,-156.98824_21.07720,flk_1868_Maui,0.0,0.0
35,-156.98806_21.07713,flk_1868_Maui,0.0,0.0
36,-156.98814_21.07745,flk_1868_Maui,-156.988965624,21.0755854086
37,-156.98796_21.07792,flk_1868_Maui,-156.988965624,21.0755854086
38,-156.98781_21.07782,flk_1869_Maui,-156.98656041,21.0755568864
39,-157.00002_21.08562,flk_1884_Maui,-157.003336682,21.0802708527
40,-157.00017_21.08539,flk_1884_Maui,-157.003336682,21.0802708527
41,-157.00031_21.08518,flk_1884_Maui,-157.003336682,21.0802708527
42,-157.00043_21.08498,flk_1884_Maui,-157.003336682,21.0802708527
43,-157.00078_21.08444,flk_1884_Maui,-157.003336682,21.0802708527
44,-157.00089_21.08427,flk_1884_Maui,-157.003336682,21.0802708527
45,-156.99628_21.08483,flk_1886_Maui,-156.998526064,21.0802141696
46,-156.99612_21.08507,flk_1886_Maui,-156.998526064,21.0802141696
47,-156.99580_21.08554,flk_1886_Maui,-156.998526064,21.0802141696
48,-156.99588_21.08630,flk_1886_Maui,-156.998526064,21.0802141696
49,-156.98738_21.07707,flk_1869_Maui,-156.98656041,21.0755568864
50,-156.98773_21.07739,flk_1869_Maui,-156.98656041,21.0755568864
51,-156.98855_21.07734,flk_1868_Maui,-156.988965624,21.0755854086
52,-156.98868_21.07753,flk_1868_Maui,-156.988965624,21.0755854086
53,-156.98881_21.07786,flk_1868_Maui,-156.988965624,21.0755854086
54,-157.10458_21.16571,flk_2439_Maui,-157.112555915,21.1944191997
55,-157.09902_21.16447,flk_2440_Maui,-157.110148605,21.194392285
56,-157.10404_21.14645,flk_2065_Maui,-157.111322835,21.1018291017
57,-157.07005_21.14893,flk_2068_Maui,-157.104105408,21.1017485387
58,-157.07164_21.14981,flk_2067_Maui,-157.106511213,21.1017754271
59,-157.05835_21.17505,flk_2397_Maui,-157.064498654,21.1871016988
60,-157.05894_21.17629,flk_2397_Maui,-157.064498654,21.1871016988
61,-157.05935_21.17527,flk_2397_Maui,-157.064498654,21.1871016988
62,-157.05927_21.17575,flk_2397_Maui,-157.064498654,21.1871016988
63,-156.98901_21.07795,flk_1868_Maui,-156.988965624,21.0755854086
64,-156.98876_21.07856,flk_1878_Maui,-156.991340506,21.0778713934
65,-156.98854_21.07856,flk_1878_Maui,-156.991340506,21.0778713934
66,-156.99727_21.08526,flk_1886_Maui,-156.998526064,21.0802141696
67,-156.99738_21.08476,flk_1886_Maui,-156.998526064,21.0802141696
68,-156.99775_21.08421,flk_1886_Maui,-156.998526064,21.0802141696
69,-156.99801_21.08400,flk_1886_Maui,-156.998526064,21.0802141696
70,-156.99819_21.08371,flk_1886_Maui,-156.998526064,21.0802141696
71,-157.08150_21.15589,flk_2440_Maui,-157.110148605,21.194392285
72,-157.08349_21.15446,flk_2466_Maui,-157.114934583,21.1967037116
73,-157.11548_21.17975,flk_2466_Maui,-157.114934583,21.1967037116
74,-157.11353_21.18030,flk_2466_Maui,-157.114934583,21.1967037116
75,-157.08203_21.18424,flk_2415_Maui,-157.081319484,21.1895514604
76,-157.08359_21.18458,flk_2432_Maui,-157.083697561,21.1918363715
77,-157.08543_21.18104,flk_2431_Maui,-157.086104793,21.1918636599
78,-157.06544_21.15892,flk_2445_Maui,-157.098112111,21.1942571978
79,-156.95489_21.06662,flk_1830_Maui,0.0,0.0
80,-156.95508_21.06664,flk_1830_Maui,0.0,0.0
81,-156.95531_21.06666,flk_1830_Maui,0.0,0.0
82,-156.95592_21.06668,flk_1830_Maui,0.0,0.0
83,-156.95629_21.06669,flk_1830_Maui,0.0,0.0
84,-156.95462_21.06733,flk_1830_Maui,-156.955416469,21.066153209
85,-156.95265_21.06691,flk_1831_Maui,-156.953011456,21.0661242238
86,-156.95364_21.06646,flk_1831_Maui,-156.953011456,21.0661242238
87,-157.28756_21.14135,flk_2150_Maui,-157.291329515,21.1421272197
88,-157.07443_21.15027,flk_2066_Maui,-157.108917022,21.1018022815
89,-157.06373_21.16454,flk_2430_Maui,-157.088512029,21.191890914
90,-157.07261_21.16906,flk_2432_Maui,-157.083697561,21.1918363715
91,-157.07323_21.17329,flk_2417_Maui,-157.076505112,21.1894967189
92,-157.07480_21.17363,flk_2417_Maui,-157.076505112,21.1894967189
93,-157.07637_21.17397,flk_2416_Maui,-157.078912296,21.1895241068
94,-157.07803_21.17374,flk_2432_Maui,-157.083697561,21.1918363715
95,-157.07948_21.17452,flk_2433_Maui,-157.081290334,21.1918090489
96,-157.08099_21.17490,flk_2430_Maui,-157.088512029,21.191890914
97,-157.08246_21.17534,flk_2431_Maui,-157.086104793,21.1918636599
98,-157.06868_21.17164,flk_2418_Maui,-157.074097933,21.1894692967
99,-157.06922_21.16945,flk_2416_Maui,-157.078912296,21.1895241068
100,-157.07747_21.17752,flk_2417_Maui,-157.076505112,21.1894967189
101,-157.07009_21.16708,flk_2432_Maui,-157.083697561,21.1918363715
102,-157.07035_21.16475,flk_2430_Maui,-157.088512029,21.191890914
103,-157.07058_21.16381,flk_2448_Maui,-157.09089026,21.1941757344
104,-157.07134_21.16069,flk_2445_Maui,-157.098112111,21.1942571978
105,-157.07103_21.15953,flk_2468_Maui,-157.100490537,21.1965418964
106,-157.07140_21.15960,flk_2468_Maui,-157.100490537,21.1965418964
107,-157.07178_21.15969,flk_2445_Maui,-157.098112111,21.1942571978
108,-157.07216_21.15976,flk_2445_Maui,-157.098112111,21.1942571978
109,-157.07218_21.16387,flk_2446_Maui,-157.095704824,21.1942300776
110,-157.07375_21.16420,flk_2448_Maui,-157.09089026,21.1941757344
111,-157.07646_21.16490,flk_2446_Maui,-157.095704824,21.1942300776
112,-157.07593_21.16877,flk_2430_Maui,-157.088512029,21.191890914
113,-157.07941_21.16132,flk_2468_Maui,-157.100490537,21.1965418964
114,-157.08003_21.16555,flk_2445_Maui,-157.098112111,21.1942571978
115,-157.08252_21.16217,flk_2467_Maui,-157.102897868,21.1965689513
116,-157.08066_21.16978,flk_2448_Maui,-157.09089026,21.1941757344
117,-157.08318_21.16622,flk_2468_Maui,-157.100490537,21.1965418964
118,-156.86999_21.05081,flk_1762_Maui,0.0,0.0
119,-156.87096_21.05074,flk_1762_Maui,-156.871436195,21.0515745073
120,-157.00100_21.08410,flk_1884_Maui,-157.003336682,21.0802708527
121,-157.00110_21.08394,flk_1884_Maui,-157.003336682,21.0802708527
122,-157.00130_21.08364,flk_1884_Maui,-157.003336682,21.0802708527
123,-157.00150_21.08333,flk_1884_Maui,-157.003336682,21.0802708527
124,-157.00160_21.08317,flk_1884_Maui,-157.003336682,21.0802708527
125,-157.00170_21.08302,flk_1884_Maui,-157.003336682,21.0802708527
126,-157.00180_21.08287,flk_1884_Maui,-157.003336682,21.0802708527
127,-157.00210_21.08241,flk_1884_Maui,-157.003336682,21.0802708527
128,-157.00220_21.08225,flk_1884_Maui,-157.003336682,21.0802708527
129,-157.00227_21.08189,flk_1884_Maui,-157.003336682,21.0802708527
130,-157.00318_21.08174,flk_1884_Maui,-157.003336682,21.0802708527
131,-157.00341_21.08185,flk_1884_Maui,-157.003336682,21.0802708527
132,-157.00309_21.08224,flk_1884_Maui,-157.003336682,21.0802708527
133,-157.09556_21.14667,flk_2065_Maui,-157.111322835,21.1018291017
134,-157.12755_21.14364,flk_2044_Maui,-157.123380335,21.0997050237
135,-157.11619_21.15212,flk_2486_Maui,-157.126942925,21.1990952617
136,-157.09711_21.16406,flk_2441_Maui,-157.107741299,21.1943653361
137,-157.10089_21.16492,flk_2440_Maui,-157.110148605,21.194392285
138,-157.07593_21.15079,flk_2065_Maui,-157.111322835,21.1018291017
139,-157.07827_21.15148,flk_2047_Maui,-157.11616296,21.0996249816
140,-157.06701_21.15771,flk_2468_Maui,-157.100490537,21.1965418964
141,-157.06861_21.15797,flk_2468_Maui,-157.100490537,21.1965418964
142,-157.07200_21.15066,flk_2065_Maui,-157.111322835,21.1018291017
143,-157.07194_21.15851,flk_2468_Maui,-157.100490537,21.1965418964
144,-157.07360_21.15888,flk_2468_Maui,-157.100490537,21.1965418964
145,-157.07527_21.15923,flk_2467_Maui,-157.102897868,21.1965689513
146,-157.07867_21.15249,flk_2466_Maui,-157.114934583,21.1967037116
147,-157.08341_21.15778,flk_2441_Maui,-157.107741299,21.1943653361
148,-157.08080_21.15855,flk_2467_Maui,-157.102897868,21.1965689513
149,-157.08163_21.16030,flk_2467_Maui,-157.102897868,21.1965689513
150,-157.08261_21.16087,flk_2467_Maui,-157.102897868,21.1965689513
151,-157.09087_21.16281,flk_2442_Maui,-157.105333996,21.1943383529
152,-157.09301_21.16322,flk_2441_Maui,-157.107741299,21.1943653361
153,-157.09674_21.15794,flk_2466_Maui,-157.114934583,21.1967037116
154,-157.08416_21.16128,flk_2467_Maui,-157.102897868,21.1965689513
155,-157.08933_21.16006,flk_2441_Maui,-157.107741299,21.1943653361
156,-157.09575_21.15778,flk_2466_Maui,-157.114934583,21.1967037116
157,-157.08719_21.15855,flk_2441_Maui,-157.107741299,21.1943653361
158,-157.08086_21.15942,flk_2467_Maui,-157.102897868,21.1965689513
159,-157.08181_21.15376,flk_2466_Maui,-157.114934583,21.1967037116
160,-157.08184_21.15496,flk_2440_Maui,-157.110148605,21.194392285
161,-156.95257_21.06707,flk_1831_Maui,-156.953011456,21.0661242238
162,-156.95249_21.06722,flk_1831_Maui,-156.953011456,21.0661242238
163,-156.95242_21.06738,flk_1831_Maui,-156.953011456,21.0661242238
164,-156.95232_21.06753,flk_1831_Maui,-156.953011456,21.0661242238
165,-156.95223_21.06776,flk_1831_Maui,-156.953011456,21.0661242238
166,-156.95193_21.06780,flk_1831_Maui,-156.953011456,21.0661242238
167,-156.95166_21.06782,flk_1831_Maui,-156.953011456,21.0661242238
168,-156.95161_21.06765,flk_1831_Maui,-156.953011456,21.0661242238
169,-156.95186_21.06738,flk_1831_Maui,-156.953011456,21.0661242238
170,-156.95204_21.06722,flk_1831_Maui,-156.953011456,21.0661242238
171,-156.95180_21.06721,flk_1831_Maui,-156.953011456,21.0661242238
172,-156.95155_21.06727,flk_1831_Maui,-156.953011456,21.0661242238
173,-156.95156_21.06707,flk_1831_Maui,-156.953011456,21.0661242238
174,-156.95165_21.06681,flk_1832_Maui,-156.950606448,21.0660952046
175,-156.95186_21.06677,flk_1832_Maui,-156.950606448,21.0660952046
176,-156.95207_21.06684,flk_1831_Maui,-156.953011456,21.0661242238
177,-156.95225_21.06609,flk_1831_Maui,0.0,0.0
178,-156.95207_21.06601,flk_1831_Maui,0.0,0.0
179,-156.95362_21.06737,flk_1831_Maui,-156.953011456,21.0661242238
180,-156.94586_21.07134,flk_1832_Maui,0.0,0.0
181,-156.93975_21.07173,flk_1824_Maui,-156.941017531,21.0637213586
182,-156.76197_21.09679,flk_2059_Maui,0.0,0.0
183,-156.76287_21.09747,flk_2059_Maui,0.0,0.0
184,-156.76363_21.09848,flk_2059_Maui,-156.762555702,21.0953271529
185,-157.00741_21.16127,flk_2088_Maui,-157.096859233,21.1039253013
186,-157.00769_21.16119,flk_2088_Maui,-157.096859233,21.1039253013
187,-157.05891_21.17517,flk_2397_Maui,-157.064498654,21.1871016988
188,-157.06179_21.17893,flk_2397_Maui,-157.064498654,21.1871016988
189,-157.06326_21.18022,flk_2397_Maui,-157.064498654,21.1871016988
190,-157.06483_21.18059,flk_2397_Maui,-157.064498654,21.1871016988
191,-157.05941_21.17631,flk_2397_Maui,-157.064498654,21.1871016988
192,-157.05985_21.17731,flk_2398_Maui,-157.06209153,21.1870741086
193,-157.06076_21.17765,flk_2397_Maui,-157.064498654,21.1871016988
194,-157.06090_21.17688,flk_2397_Maui,-157.064498654,21.1871016988
195,-157.06107_21.17648,flk_2397_Maui,-157.064498654,21.1871016988
196,-157.06031_21.17636,flk_2397_Maui,-157.064498654,21.1871016988
197,-157.05991_21.17547,flk_2397_Maui,-157.064498654,21.1871016988
198,-157.00697_21.16215,flk_2087_Maui,-157.099265063,21.1039522952
199,-157.00687_21.16186,flk_2087_Maui,-157.099265063,21.1039522952
200,-157.00669_21.16195,flk_2087_Maui,-157.099265063,21.1039522952
201,-157.00653_21.16204,flk_2089_Maui,-157.094453407,21.1038982734
202,-157.00676_21.16228,flk_2087_Maui,-157.099265063,21.1039522952
203,-157.00675_21.16256,flk_2466_Maui,-157.114934583,21.1967037116
204,-157.00607_21.16231,flk_2089_Maui,-157.094453407,21.1038982734
205,-157.00554_21.16218,flk_2089_Maui,-157.094453407,21.1038982734
206,-157.00556_21.16198,flk_2089_Maui,-157.094453407,21.1038982734
207,-157.00579_21.16191,flk_2089_Maui,-157.094453407,21.1038982734
208,-157.00597_21.16181,flk_2089_Maui,-157.094453407,21.1038982734
209,-156.97902_21.07264,flk_1860_Maui,0.0,0.0
210,-156.97856_21.07244,flk_1860_Maui,0.0,0.0
211,-156.97779_21.07208,flk_1850_Maui,0.0,0.0
212,-156.97743_21.07189,flk_1850_Maui,0.0,0.0
213,-156.98923_21.07688,flk_1868_Maui,0.0,0.0
214,-156.98888_21.07686,flk_1868_Maui,0.0,0.0
215,-157.06210_21.16463,flk_2430_Maui,-157.088512029,21.191890914
216,-157.06519_21.16514,flk_2430_Maui,-157.088512029,21.191890914
217,-157.06656_21.16647,flk_2431_Maui,-157.086104793,21.1918636599
218,-157.06882_21.16369,flk_2449_Maui,-157.088482985,21.1941485114
219,-157.04613_21.16245,flk_2448_Maui,-157.09089026,21.1941757344
220,-157.06121_21.17479,flk_2396_Maui,-157.066905781,21.1871292547
221,-157.06346_21.17201,flk_2419_Maui,-157.071690757,21.1894418403
222,-157.06472_21.17397,flk_2420_Maui,-157.069283585,21.1894143496
223,-157.06586_21.17588,flk_2421_Maui,-157.066876416,21.1893868247
224,-157.04328_21.16448,flk_2418_Maui,-157.074097933,21.1894692967
225,-157.00406_21.16160,flk_2078_Maui,-157.075236042,21.1014232181
226,-157.00311_21.16169,flk_2080_Maui,-157.070424535,21.1013685207
227,-157.00333_21.16198,flk_2078_Maui,-157.075236042,21.1014232181
228,-157.00368_21.16239,flk_2078_Maui,-157.075236042,21.1014232181
229,-157.00388_21.16229,flk_2078_Maui,-157.075236042,21.1014232181
230,-157.00425_21.16210,flk_2078_Maui,-157.075236042,21.1014232181
231,-157.00443_21.16201,flk_2076_Maui,-157.080047565,21.1014777791
232,-157.00631_21.16162,flk_2089_Maui,-157.094453407,21.1038982734
233,-157.00647_21.16153,flk_2076_Maui,-157.080047565,21.1014777791
234,-157.00520_21.16214,flk_2076_Maui,-157.080047565,21.1014777791
235,-157.00529_21.16230,flk_2076_Maui,-157.080047565,21.1014777791
236,-157.00547_21.16261,flk_2088_Maui,-157.096859233,21.1039253013
237,-157.00556_21.16277,flk_2088_Maui,-157.096859233,21.1039253013
238,-156.99814_21.08295,flk_1886_Maui,-156.998526064,21.0802141696
239,-157.00460_21.16186,flk_2076_Maui,-157.080047565,21.1014777791
240,-157.00488_21.16254,flk_2090_Maui,-157.092047584,21.1038712113
241,-157.00408_21.16278,flk_2077_Maui,-157.077641802,21.1014505157
242,-157.00419_21.16303,flk_2077_Maui,-157.077641802,21.1014505157
243,-157.00376_21.16340,flk_2090_Maui,-157.092047584,21.1038712113
244,-157.00434_21.16375,flk_2088_Maui,-157.096859233,21.1039253013
245,-157.00416_21.16344,flk_2090_Maui,-157.092047584,21.1038712113
246,-157.00483_21.16353,flk_2088_Maui,-157.096859233,21.1039253013
247,-157.00476_21.16333,flk_2088_Maui,-157.096859233,21.1039253013
248,-157.00469_21.16316,flk_2090_Maui,-157.092047584,21.1038712113
249,-157.00555_21.16355,flk_2466_Maui,-157.114934583,21.1967037116
250,-157.00567_21.16376,flk_2466_Maui,-157.114934583,21.1967037116
251,-157.00578_21.16396,flk_2466_Maui,-157.114934583,21.1967037116
252,-157.00556_21.16401,flk_2467_Maui,-157.102897868,21.1965689513
253,-157.00538_21.16370,flk_2088_Maui,-157.096859233,21.1039253013
254,-157.00522_21.16378,flk_2088_Maui,-157.096859233,21.1039253013
255,-157.00540_21.16409,flk_2487_Maui,-157.124535519,21.1990685463
256,-157.00491_21.16393,flk_2088_Maui,-157.096859233,21.1039253013
257,-157.00509_21.16424,flk_2487_Maui,-157.124535519,21.1990685463
258,-157.00481_21.16418,flk_2487_Maui,-157.124535519,21.1990685463
259,-157.00414_21.16427,flk_2069_Maui,-157.101699607,21.1017216162
260,-157.00435_21.16454,flk_2487_Maui,-157.124535519,21.1990685463
261,-157.00459_21.16481,flk_2467_Maui,-157.102897868,21.1965689513
262,-157.00489_21.16479,flk_2467_Maui,-157.102897868,21.1965689513
263,-157.00547_21.16464,flk_2467_Maui,-157.102897868,21.1965689513
264,-157.00592_21.16462,flk_2467_Maui,-157.102897868,21.1965689513
265,-157.00575_21.16438,flk_2467_Maui,-157.102897868,21.1965689513
266,-157.00603_21.16426,flk_2467_Maui,-157.102897868,21.1965689513
267,-157.00616_21.16454,flk_2467_Maui,-157.102897868,21.1965689513
268,-157.00505_21.16292,flk_2090_Maui,-157.092047584,21.1038712113
269,-157.05414_21.17199,flk_2397_Maui,-157.064498654,21.1871016988
270,-157.06280_21.16713,flk_2416_Maui,-157.078912296,21.1895241068
271,-157.06308_21.16722,flk_2416_Maui,-157.078912296,21.1895241068
272,-157.06338_21.16727,flk_2416_Maui,-157.078912296,21.1895241068
273,-157.06367_21.16735,flk_2432_Maui,-157.083697561,21.1918363715
274,-157.05438_21.17224,flk_2397_Maui,-157.064498654,21.1871016988
275,-157.05462_21.17249,flk_2397_Maui,-157.064498654,21.1871016988
276,-157.05489_21.17273,flk_2397_Maui,-157.064498654,21.1871016988
277,-157.05513_21.17299,flk_2397_Maui,-157.064498654,21.1871016988
278,-157.03023_21.09296,flk_2012_Maui,-157.032052048,21.0918958424
279,-157.03305_21.09458,flk_2022_Maui,-157.034427882,21.0941812922
280,-157.03387_21.09496,flk_2022_Maui,-157.034427882,21.0941812922
281,-157.07721_21.18321,flk_2417_Maui,-157.076505112,21.1894967189
282,-157.07877_21.18354,flk_2416_Maui,-157.078912296,21.1895241068
283,-157.07478_21.17968,flk_2418_Maui,-157.074097933,21.1894692967
284,-157.06762_21.17599,flk_2420_Maui,-157.069283585,21.1894143496
285,-157.07008_21.17262,flk_2417_Maui,-157.076505112,21.1894967189
286,-157.07129_21.17273,flk_2417_Maui,-157.076505112,21.1894967189
287,-157.07016_21.17654,flk_2419_Maui,-157.071690757,21.1894418403
288,-157.07045_21.17660,flk_2419_Maui,-157.071690757,21.1894418403
289,-157.07074_21.17666,flk_2419_Maui,-157.071690757,21.1894418403
290,-157.07104_21.17672,flk_2419_Maui,-157.071690757,21.1894418403
291,-157.07133_21.17679,flk_2419_Maui,-157.071690757,21.1894418403
292,-157.08469_21.16657,flk_2468_Maui,-157.100490537,21.1965418964
293,-157.08606_21.16793,flk_2468_Maui,-157.100490537,21.1965418964
294,-157.08786_21.16719,flk_2467_Maui,-157.102897868,21.1965689513
295,-157.08844_21.17135,flk_2468_Maui,-157.100490537,21.1965418964
296,-157.09097_21.16782,flk_2467_Maui,-157.102897868,21.1965689513
297,-157.09252_21.16821,flk_2467_Maui,-157.102897868,21.1965689513
298,-157.09504_21.16464,flk_2442_Maui,-157.105333996,21.1943383529
299,-157.07518_21.16508,flk_2446_Maui,-157.095704824,21.1942300776
300,-157.03453_21.09521,flk_2022_Maui,-157.034427882,21.0941812922
301,-157.02861_21.09604,flk_2012_Maui,-157.032052048,21.0918958424
302,-157.03177_21.09674,flk_2022_Maui,-157.034427882,21.0941812922
303,-157.03387_21.09658,flk_2022_Maui,-157.034427882,21.0941812922
304,-157.04190_21.09985,flk_2038_Maui,-157.041615041,21.0965223527
305,-157.04395_21.10145,flk_2037_Maui,-157.044020673,21.0965501211
306,-157.04702_21.10328,flk_2036_Maui,-157.046426309,21.0965778554
307,-157.04836_21.10315,flk_2035_Maui,-157.04883195,21.0966055556
308,-157.04870_21.10500,flk_2035_Maui,-157.04883195,21.0966055556
309,-157.04969_21.10587,flk_2035_Maui,-157.04883195,21.0966055556
310,-157.04145_21.10320,flk_2038_Maui,-157.041615041,21.0965223527
311,-157.04297_21.10333,flk_2037_Maui,-157.044020673,21.0965501211
312,-157.04397_21.10364,flk_2037_Maui,-157.044020673,21.0965501211
313,-157.04511_21.10404,flk_2036_Maui,-157.046426309,21.0965778554
314,-157.04587_21.10469,flk_2036_Maui,-157.046426309,21.0965778554
315,-157.04715_21.10509,flk_2036_Maui,-157.046426309,21.0965778554
316,-156.99801_21.08314,flk_1886_Maui,-156.998526064,21.0802141696
317,-156.99752_21.08390,flk_1886_Maui,-156.998526064,21.0802141696
318,-156.99739_21.08409,flk_1886_Maui,-156.998526064,21.0802141696
319,-156.99713_21.08446,flk_1886_Maui,-156.998526064,21.0802141696
320,-156.99701_21.08465,flk_1886_Maui,-156.998526064,21.0802141696
321,-156.99687_21.08485,flk_1886_Maui,-156.998526064,21.0802141696
322,-156.99658_21.08527,flk_1886_Maui,-156.998526064,21.0802141696
323,-156.99621_21.08582,flk_1886_Maui,-156.998526064,21.0802141696
324,-156.99862_21.08139,flk_1886_Maui,-156.998526064,21.0802141696
325,-156.99822_21.08195,flk_1886_Maui,-156.998526064,21.0802141696
326,-156.99810_21.08214,flk_1886_Maui,-156.998526064,21.0802141696
327,-156.99797_21.08233,flk_1886_Maui,-156.998526064,21.0802141696
328,-156.99784_21.08252,flk_1886_Maui,-156.998526064,21.0802141696
329,-156.99772_21.08271,flk_1886_Maui,-156.998526064,21.0802141696
330,-156.99747_21.08308,flk_1886_Maui,-156.998526064,21.0802141696
331,-156.99735_21.08327,flk_1886_Maui,-156.998526064,21.0802141696
332,-156.99704_21.08340,flk_1886_Maui,-156.998526064,21.0802141696
333,-156.99692_21.08357,flk_1886_Maui,-156.998526064,21.0802141696
334,-156.99669_21.08381,flk_1886_Maui,-156.998526064,21.0802141696
335,-156.99684_21.08402,flk_1886_Maui,-156.998526064,21.0802141696
336,-156.99671_21.08420,flk_1886_Maui,-156.998526064,21.0802141696
337,-156.99658_21.08439,flk_1886_Maui,-156.998526064,21.0802141696
338,-156.98834_21.07849,flk_1878_Maui,-156.991340506,21.0778713934
339,-156.98783_21.07813,flk_1869_Maui,-156.98656041,21.0755568864
340,-156.98773_21.07839,flk_1868_Maui,-156.988965624,21.0755854086
341,-156.98755_21.07805,flk_1869_Maui,-156.98656041,21.0755568864
342,-156.98738_21.07798,flk_1869_Maui,-156.98656041,21.0755568864
343,-156.98685_21.07802,flk_1869_Maui,-156.98656041,21.0755568864
344,-156.98655_21.07763,flk_1869_Maui,-156.98656041,21.0755568864
345,-156.98645_21.07850,flk_1869_Maui,-156.98656041,21.0755568864
346,-156.98667_21.07856,flk_1868_Maui,-156.988965624,21.0755854086
347,-156.98688_21.07864,flk_1868_Maui,-156.988965624,21.0755854086
348,-156.98735_21.07867,flk_1868_Maui,-156.988965624,21.0755854086
349,-157.00588_21.16273,flk_2088_Maui,-157.096859233,21.1039253013
350,-157.00612_21.16270,flk_2088_Maui,-157.096859233,21.1039253013
351,-157.00625_21.16290,flk_2088_Maui,-157.096859233,21.1039253013
352,-157.06633_21.18101,flk_2421_Maui,-157.066876416,21.1893868247
353,-157.06786_21.18123,flk_2421_Maui,-157.066876416,21.1893868247
354,-157.06942_21.18156,flk_2420_Maui,-157.069283585,21.1894143496
355,-157.07098_21.18190,flk_2420_Maui,-157.069283585,21.1894143496
356,-157.07255_21.18223,flk_2418_Maui,-157.074097933,21.1894692967
357,-157.07566_21.18292,flk_2417_Maui,-157.076505112,21.1894967189
358,-156.85161_21.05797,flk_1806_Maui,-156.852101918,21.0581042264
359,-156.87697_21.04899,flk_1748_Maui,-156.878714151,21.0471500809
360,-156.87755_21.04803,flk_1748_Maui,0.0,0.0
361,-156.87726_21.04898,flk_1748_Maui,-156.878714151,21.0471500809
362,-156.76117_21.09520,flk_2060_Maui,0.0,0.0
363,-156.76187_21.09609,flk_2059_Maui,0.0,0.0
364,-156.76199_21.09639,flk_2059_Maui,0.0,0.0
365,-156.98789_21.07911,flk_1868_Maui,-156.988965624,21.0755854086
366,-156.98706_21.07882,flk_1868_Maui,-156.988965624,21.0755854086
367,-157.00248_21.08288,flk_1884_Maui,-157.003336682,21.0802708527
368,-157.00237_21.08303,flk_1884_Maui,-157.003336682,21.0802708527
369,-157.00226_21.08318,flk_1884_Maui,-157.003336682,21.0802708527
370,-157.00215_21.08333,flk_1884_Maui,-157.003336682,21.0802708527
371,-157.00204_21.08347,flk_1884_Maui,-157.003336682,21.0802708527
372,-157.00193_21.08362,flk_1884_Maui,-157.003336682,21.0802708527
373,-157.00161_21.08407,flk_1884_Maui,-157.003336682,21.0802708527
374,-157.00138_21.08437,flk_1884_Maui,-157.003336682,21.0802708527
375,-157.00115_21.08468,flk_1884_Maui,-157.003336682,21.0802708527
376,-157.00103_21.08485,flk_1884_Maui,-157.003336682,21.0802708527
377,-157.00090_21.08503,flk_1884_Maui,-157.003336682,21.0802708527
378,-157.00076_21.08522,flk_1884_Maui,-157.003336682,21.0802708527
379,-157.00061_21.08541,flk_1884_Maui,-157.003336682,21.0802708527
380,-157.00046_21.08562,flk_1884_Maui,-157.003336682,21.0802708527
381,-157.00030_21.08585,flk_1884_Maui,-157.003336682,21.0802708527
382,-157.00013_21.08608,flk_1884_Maui,-157.003336682,21.0802708527
383,-156.95339_21.06640,flk_1831_Maui,0.0,0.0
384,-156.95436_21.06659,flk_1830_Maui,0.0,0.0
385,-156.95454_21.06661,flk_1830_Maui,0.0,0.0
386,-156.95471_21.06662,flk_1830_Maui,0.0,0.0
387,-156.79584_21.07375,flk_1871_Maui,0.0,0.0
388,-157.09732_21.16916,flk_2442_Maui,-157.105333996,21.1943383529
389,-157.09888_21.16950,flk_2441_Maui,-157.107741299,21.1943653361
390,-157.08724_21.16317,flk_2467_Maui,-157.102897868,21.1965689513
391,-157.08664_21.17198,flk_2468_Maui,-157.100490537,21.1965418964
392,-157.08726_21.17619,flk_2446_Maui,-157.095704824,21.1942300776
393,-156.76241_21.09543,flk_2059_Maui,0.0,0.0
394,-156.77030_21.09000,flk_2023_Maui,0.0,0.0
395,-156.77278_21.08783,flk_1988_Maui,0.0,0.0
396,-156.77363_21.08723,flk_1987_Maui,0.0,0.0
397,-156.77535_21.08943,flk_1987_Maui,-156.774716186,21.0864567298
398,-156.77466_21.08658,flk_1987_Maui,0.0,0.0
399,-156.79158_21.07644,flk_1879_Maui,0.0,0.0
400,-156.79130_21.07665,flk_1887_Maui,0.0,0.0
401,-156.78955_21.07762,flk_1887_Maui,0.0,0.0
402,-156.78581_21.08057,flk_1899_Maui,0.0,0.0
403,-156.79344_21.07649,flk_1871_Maui,-156.794156705,21.0731648385
404,-157.00011_21.16149,flk_2057_Maui,-157.056019502,21.0989460313
405,-157.00730_21.16189,flk_2087_Maui,-157.099265063,21.1039522952
406,-157.00744_21.16210,flk_2087_Maui,-157.099265063,21.1039522952
407,-157.00755_21.16234,flk_2087_Maui,-157.099265063,21.1039522952
408,-157.00739_21.16247,flk_2087_Maui,-157.099265063,21.1039522952
409,-157.00715_21.16255,flk_2466_Maui,-157.114934583,21.1967037116
410,-157.08975_21.17270,flk_2468_Maui,-157.100490537,21.1965418964
411,-157.09102_21.17271,flk_2468_Maui,-157.100490537,21.1965418964
412,-157.09193_21.17720,flk_2445_Maui,-157.098112111,21.1942571978
413,-157.09363_21.17756,flk_2468_Maui,-157.100490537,21.1965418964
414,-157.09675_21.17823,flk_2468_Maui,-157.100490537,21.1965418964
415,-157.09919_21.17482,flk_2442_Maui,-157.105333996,21.1943383529
416,-157.09778_21.18070,flk_2468_Maui,-157.100490537,21.1965418964
417,-157.10038_21.17677,flk_2467_Maui,-157.102897868,21.1965689513
418,-157.10051_21.18298,flk_2467_Maui,-157.102897868,21.1965689513
419,-157.10779_21.18060,flk_2440_Maui,-157.110148605,21.194392285
420,-157.10935_21.18094,flk_2439_Maui,-157.112555915,21.1944191997
421,-157.11091_21.18127,flk_2439_Maui,-157.112555915,21.1944191997
422,-157.10076_21.16599,flk_2441_Maui,-157.107741299,21.1943653361
423,-157.10105_21.16606,flk_2440_Maui,-157.110148605,21.194392285
424,-157.10134_21.16612,flk_2440_Maui,-157.110148605,21.194392285
425,-157.10163_21.16618,flk_2440_Maui,-157.110148605,21.194392285
426,-157.10192_21.16624,flk_2440_Maui,-157.110148605,21.194392285
427,-157.10011_21.17367,flk_2442_Maui,-157.105333996,21.1943383529
428,-157.09982_21.17361,flk_2442_Maui,-157.105333996,21.1943383529
429,-157.09953_21.17355,flk_2442_Maui,-157.105333996,21.1943383529
430,-157.09895_21.17342,flk_2442_Maui,-157.105333996,21.1943383529
431,-157.10407_21.16835,flk_2440_Maui,-157.110148605,21.194392285
432,-157.10525_21.17087,flk_2440_Maui,-157.110148605,21.194392285
433,-157.10681_21.17120,flk_2439_Maui,-157.112555915,21.1944191997
434,-157.10837_21.17153,flk_2439_Maui,-157.112555915,21.1944191997
435,-157.10992_21.17187,flk_2439_Maui,-157.112555915,21.1944191997
436,-157.11139_21.17218,flk_2439_Maui,-157.112555915,21.1944191997
437,-157.11328_21.17635,flk_2466_Maui,-157.114934583,21.1967037116
438,-157.11397_21.17349,flk_2466_Maui,-157.114934583,21.1967037116
439,-156.97155_21.07065,flk_1852_Maui,0.0,0.0
440,-156.96346_21.06887,flk_1842_Maui,0.0,0.0
441,-156.96478_21.06915,flk_1841_Maui,0.0,0.0
442,-156.96024_21.06768,flk_1843_Maui,0.0,0.0
443,-156.75801_21.10079,flk_2091_Maui,0.0,0.0
444,-156.75281_21.10168,flk_2095_Maui,0.0,0.0
445,-156.75338_21.10124,flk_2095_Maui,0.0,0.0
446,-157.00697_21.16247,flk_2466_Maui,-157.114934583,21.1967037116
447,-156.98841_21.07668,flk_1868_Maui,0.0,0.0
448,-156.98821_21.07658,flk_1868_Maui,0.0,0.0
449,-156.98719_21.07612,flk_1869_Maui,0.0,0.0
450,-156.98801_21.07649,flk_1868_Maui,0.0,0.0
451,-156.97832_21.07236,flk_1860_Maui,0.0,0.0
452,-156.97811_21.07225,flk_1860_Maui,0.0,0.0
453,-156.98953_21.07709,flk_1868_Maui,0.0,0.0
454,-156.98861_21.07676,flk_1868_Maui,0.0,0.0
455,-156.98921_21.07709,flk_1868_Maui,0.0,0.0
456,-156.98747_21.07630,flk_1869_Maui,0.0,0.0
457,-156.98760_21.07619,flk_1869_Maui,0.0,0.0
458,-156.98250_21.07395,flk_1859_Maui,-156.98178047,21.0732422559
459,-156.98223_21.07383,flk_1859_Maui,-156.98178047,21.0732422559
460,-156.98197_21.07368,flk_1859_Maui,-156.98178047,21.0732422559
461,-156.98025_21.07313,flk_1860_Maui,0.0,0.0
462,-156.97987_21.07299,flk_1860_Maui,0.0,0.0
463,-157.01101_21.08273,flk_1897_Maui,0.0,0.0
464,-157.01126_21.08286,flk_1897_Maui,0.0,0.0
465,-157.01151_21.08300,flk_1896_Maui,-157.012927948,21.0826413357
466,-157.01206_21.08326,flk_1896_Maui,-157.012927948,21.0826413357
467,-157.01233_21.08334,flk_1896_Maui,-157.012927948,21.0826413357
468,-157.01263_21.08345,flk_1896_Maui,0.0,0.0
469,-157.01290_21.08353,flk_1896_Maui,0.0,0.0
470,-157.01242_21.08416,flk_1896_Maui,-157.012927948,21.0826413357
471,-157.01203_21.08385,flk_1896_Maui,-157.012927948,21.0826413357
472,-157.01178_21.08374,flk_1896_Maui,-157.012927948,21.0826413357
473,-157.01152_21.08362,flk_1896_Maui,-157.012927948,21.0826413357
474,-157.01126_21.08350,flk_1897_Maui,-157.010522585,21.082613144
475,-157.01074_21.08326,flk_1897_Maui,-157.010522585,21.082613144
476,-157.01049_21.08375,flk_1897_Maui,-157.010522585,21.082613144
477,-157.01075_21.08388,flk_1897_Maui,-157.010522585,21.082613144
478,-157.01101_21.08400,flk_1897_Maui,-157.010522585,21.082613144
479,-157.01126_21.08412,flk_1897_Maui,-157.010522585,21.082613144
480,-157.01152_21.08424,flk_1896_Maui,-157.012927948,21.0826413357
481,-157.01177_21.08436,flk_1896_Maui,-157.012927948,21.0826413357
482,-157.01230_21.08440,flk_1896_Maui,-157.012927948,21.0826413357
483,-157.01216_21.08467,flk_1896_Maui,-157.012927948,21.0826413357
484,-157.00911_21.08191,flk_1898_Maui,0.0,0.0
485,-157.00945_21.08203,flk_1897_Maui,0.0,0.0
486,-157.00970_21.08213,flk_1897_Maui,0.0,0.0
487,-157.00996_21.08225,flk_1897_Maui,0.0,0.0
488,-157.01021_21.08236,flk_1897_Maui,0.0,0.0
489,-157.01049_21.08251,flk_1897_Maui,0.0,0.0
490,-157.01075_21.08262,flk_1897_Maui,0.0,0.0
491,-157.01048_21.08314,flk_1897_Maui,-157.010522585,21.082613144
492,-157.01022_21.08302,flk_1897_Maui,-157.010522585,21.082613144
493,-157.00996_21.08290,flk_1897_Maui,0.0,0.0
494,-157.00970_21.08278,flk_1897_Maui,0.0,0.0
495,-157.00945_21.08266,flk_1897_Maui,0.0,0.0
496,-157.00919_21.08255,flk_1898_Maui,0.0,0.0
497,-157.00883_21.08237,flk_1898_Maui,0.0,0.0
498,-157.00856_21.08282,flk_1898_Maui,0.0,0.0
499,-157.00895_21.08300,flk_1897_Maui,-157.010522585,21.082613144
500,-157.00921_21.08313,flk_1897_Maui,-157.010522585,21.082613144
501,-157.00946_21.08325,flk_1897_Maui,-157.010522585,21.082613144
502,-157.00971_21.08337,flk_1897_Maui,-157.010522585,21.082613144
503,-157.00997_21.08350,flk_1897_Maui,-157.010522585,21.082613144
504,-157.01022_21.08362,flk_1897_Maui,-157.010522585,21.082613144
505,-156.99849_21.08352,flk_1886_Maui,-156.998526064,21.0802141696
506,-156.99829_21.08336,flk_1886_Maui,-156.998526064,21.0802141696
507,-156.99868_21.08323,flk_1886_Maui,-156.998526064,21.0802141696
508,-156.99886_21.08296,flk_1886_Maui,-156.998526064,21.0802141696
509,-156.79552_21.07381,flk_1871_Maui,0.0,0.0
510,-156.79419_21.07601,flk_1871_Maui,-156.794156705,21.0731648385
511,-156.79606_21.07158,flk_1863_Maui,0.0,0.0
512,-156.80277_21.07127,flk_1861_Maui,-156.801404546,21.071001249
513,-156.79589_21.07464,flk_1871_Maui,-156.794156705,21.0731648385
514,-156.79631_21.07147,flk_1863_Maui,0.0,0.0
515,-156.80188_21.07240,flk_1861_Maui,-156.801404546,21.071001249
516,-156.79894_21.07317,flk_1862_Maui,-156.798999696,21.070970076
517,-156.79790_21.07365,flk_1862_Maui,0.0,0.0
518,-156.79687_21.07364,flk_1871_Maui,0.0,0.0
519,-156.80129_21.07051,flk_1861_Maui,0.0,0.0
520,-156.80416_21.06856,flk_1847_Maui,0.0,0.0
521,-156.81570_21.06772,flk_1836_Maui,-156.815932646,21.0644158387
522,-156.81191_21.06909,flk_1844_Maui,-156.811090078,21.0666111267
523,-156.80615_21.07114,flk_1846_Maui,-156.806280493,21.0665490333
524,-157.08974_21.18197,flk_2446_Maui,-157.095704824,21.1942300776
525,-157.08573_21.18110,flk_2431_Maui,-157.086104793,21.1918636599
526,-157.08944_21.18190,flk_2446_Maui,-157.095704824,21.1942300776
527,-157.08603_21.18117,flk_2431_Maui,-157.086104793,21.1918636599
528,-157.08633_21.18123,flk_2430_Maui,-157.088512029,21.191890914
529,-157.08662_21.18131,flk_2430_Maui,-157.088512029,21.191890914
530,-156.81677_21.06774,flk_1835_Maui,-156.818337418,21.0644467627
531,-156.81913_21.06789,flk_1835_Maui,-156.818337418,21.0644467627
532,-156.82418_21.06447,flk_1833_Maui,0.0,0.0
533,-157.08914_21.18184,flk_2430_Maui,-157.088512029,21.191890914
534,-157.08884_21.18177,flk_2430_Maui,-157.088512029,21.191890914
535,-157.08854_21.18171,flk_2430_Maui,-157.088512029,21.191890914
536,-157.05218_21.16225,flk_2448_Maui,-157.09089026,21.1941757344
537,-157.05414_21.16241,flk_2448_Maui,-157.09089026,21.1941757344
538,-157.05584_21.16296,flk_2448_Maui,-157.09089026,21.1941757344
539,-157.05893_21.16416,flk_2430_Maui,-157.088512029,21.191890914
540,-157.06051_21.16435,flk_2430_Maui,-157.088512029,21.191890914
541,-157.04439_21.16764,flk_2397_Maui,-157.064498654,21.1871016988
542,-157.04822_21.16631,flk_2420_Maui,-157.069283585,21.1894143496
543,-157.04833_21.16978,flk_2397_Maui,-157.064498654,21.1871016988
544,-157.04908_21.17296,flk_2398_Maui,-157.06209153,21.1870741086
545,-157.05332_21.17131,flk_2397_Maui,-157.064498654,21.1871016988
546,-157.05252_21.17614,flk_2399_Maui,-157.05968441,21.1870464842
547,-157.05238_21.17824,flk_2400_Maui,-157.057277294,21.1870188255
548,-157.05504_21.17902,flk_2399_Maui,-157.05968441,21.1870464842
549,-157.05141_21.16901,flk_2397_Maui,-157.064498654,21.1871016988
550,-157.04883_21.17107,flk_2398_Maui,-157.06209153,21.1870741086
551,-157.05693_21.16391,flk_2430_Maui,-157.088512029,21.191890914
552,-157.06987_21.15940,flk_2468_Maui,-157.100490537,21.1965418964
553,-157.06251_21.16710,flk_2416_Maui,-157.078912296,21.1895241068
554,-156.95460_21.07414,flk_1830_Maui,-156.955416469,21.066153209
555,-156.95216_21.07581,flk_1830_Maui,-156.955416469,21.066153209
556,-156.97114_21.07420,flk_1852_Maui,-156.972190448,21.0708700967
557,-156.97017_21.07985,flk_1852_Maui,-156.972190448,21.0708700967
558,-157.04770_21.10623,flk_2035_Maui,-157.04883195,21.0966055556
559,-157.02962_21.09637,flk_2012_Maui,-157.032052048,21.0918958424
560,-157.04635_21.10278,flk_2036_Maui,-157.046426309,21.0965778554
561,-157.04608_21.10267,flk_2036_Maui,-157.046426309,21.0965778554
562,-157.04583_21.10256,flk_2036_Maui,-157.046426309,21.0965778554
563,-157.04557_21.10244,flk_2036_Maui,-157.046426309,21.0965778554
564,-157.04597_21.10339,flk_2036_Maui,-157.046426309,21.0965778554
565,-157.04570_21.10329,flk_2036_Maui,-157.046426309,21.0965778554
566,-157.04545_21.10318,flk_2036_Maui,-157.046426309,21.0965778554
567,-157.04518_21.10306,flk_2036_Maui,-157.046426309,21.0965778554
568,-157.04488_21.10293,flk_2036_Maui,-157.046426309,21.0965778554
569,-157.04464_21.10283,flk_2037_Maui,-157.044020673,21.0965501211
570,-157.04413_21.10261,flk_2037_Maui,-157.044020673,21.0965501211
571,-157.04383_21.10248,flk_2037_Maui,-157.044020673,21.0965501211
572,-157.04358_21.10238,flk_2037_Maui,-157.044020673,21.0965501211
573,-157.04332_21.10227,flk_2037_Maui,-157.044020673,21.0965501211
574,-157.04308_21.10216,flk_2037_Maui,-157.044020673,21.0965501211
575,-157.03017_21.09661,flk_2022_Maui,-157.034427882,21.0941812922
576,-157.02930_21.09873,flk_2022_Maui,-157.034427882,21.0941812922
577,-157.04001_21.10254,flk_2038_Maui,-157.041615041,21.0965223527
578,-157.04677_21.10579,flk_2036_Maui,-157.046426309,21.0965778554
579,-157.04750_21.10254,flk_2035_Maui,-157.04883195,21.0966055556
580,-157.04660_21.10606,flk_2036_Maui,-157.046426309,21.0965778554
581,-157.04645_21.10637,flk_2036_Maui,-157.046426309,21.0965778554
582,-157.04719_21.10118,flk_2036_Maui,-157.046426309,21.0965778554
583,-157.04016_21.09616,flk_2039_Maui,0.0,0.0
584,-157.03982_21.09696,flk_2039_Maui,-157.039209412,21.0964945503
585,-157.04010_21.09697,flk_2039_Maui,-157.039209412,21.0964945503
586,-157.04035_21.09707,flk_2039_Maui,-157.039209412,21.0964945503
587,-157.04063_21.09715,flk_2039_Maui,-157.039209412,21.0964945503
588,-157.04093_21.09725,flk_2038_Maui,-157.041615041,21.0965223527
589,-157.04188_21.09765,flk_2038_Maui,-157.041615041,21.0965223527
590,-157.04052_21.09612,flk_2038_Maui,0.0,0.0
591,-157.03809_21.09753,flk_2039_Maui,-157.039209412,21.0964945503
592,-157.03582_21.10003,flk_2039_Maui,-157.039209412,21.0964945503
593,-157.03526_21.09955,flk_2039_Maui,-157.039209412,21.0964945503
594,-157.00020_21.08451,flk_1884_Maui,-157.003336682,21.0802708527
595,-156.99968_21.08148,flk_1886_Maui,-156.998526064,21.0802141696
596,-156.99986_21.08156,flk_1885_Maui,-157.000931371,21.0802425282
597,-157.00027_21.08333,flk_1885_Maui,-157.000931371,21.0802425282
598,-156.99951_21.08204,flk_1885_Maui,-157.000931371,21.0802425282
599,-157.00076_21.08209,flk_1884_Maui,-157.003336682,21.0802708527
600,-156.99868_21.08279,flk_1886_Maui,-156.998526064,21.0802141696
601,-156.99990_21.08364,flk_1885_Maui,-157.000931371,21.0802425282
602,-156.99902_21.08221,flk_1886_Maui,-156.998526064,21.0802141696
603,-156.99990_21.08390,flk_1885_Maui,-157.000931371,21.0802425282
604,-156.99847_21.08307,flk_1886_Maui,-156.998526064,21.0802141696
605,-157.00151_21.08258,flk_1884_Maui,-157.003336682,21.0802708527
606,-157.00160_21.08241,flk_1884_Maui,-157.003336682,21.0802708527
607,-157.00140_21.08227,flk_1884_Maui,-157.003336682,21.0802708527
608,-157.00167_21.08206,flk_1884_Maui,-157.003336682,21.0802708527
609,-157.00152_21.08197,flk_1884_Maui,-157.003336682,21.0802708527
610,-157.00115_21.08197,flk_1884_Maui,-157.003336682,21.0802708527
611,-157.05291_21.11069,flk_2057_Maui,-157.056019502,21.0989460313
612,-157.05337_21.13140,flk_2080_Maui,-157.070424535,21.1013685207
613,-157.05361_21.12899,flk_2081_Maui,-157.068018787,21.1013411208
614,-157.01722_21.15426,flk_2080_Maui,-157.070424535,21.1013685207
615,-157.01594_21.15427,flk_2080_Maui,-157.070424535,21.1013685207
616,-157.01490_21.15391,flk_2080_Maui,-157.070424535,21.1013685207
617,-157.01373_21.15409,flk_2081_Maui,-157.068018787,21.1013411208
618,-157.03017_21.17766,flk_2401_Maui,-157.052463073,21.1869634054
619,-157.01318_21.14995,flk_2058_Maui,-157.053613814,21.0989184301
620,-157.05153_21.10787,flk_2058_Maui,-157.053613814,21.0989184301
621,-157.08379_21.10696,flk_2075_Maui,-157.082453332,21.1015050085
622,-156.94407_21.06611,flk_1823_Maui,-156.943422487,21.0637505105
623,-156.95134_21.06563,flk_1832_Maui,0.0,0.0
624,-156.95038_21.06695,flk_1832_Maui,-156.950606448,21.0660952046
625,-156.94530_21.06399,flk_1822_Maui,0.0,0.0
626,-156.99674_21.07877,flk_1876_Maui,0.0,0.0
627,-157.03532_21.10127,flk_2039_Maui,-157.039209412,21.0964945503
628,-157.03601_21.09966,flk_2039_Maui,-157.039209412,21.0964945503
629,-157.01803_21.16028,flk_2468_Maui,-157.100490537,21.1965418964
630,-157.01516_21.15509,flk_2079_Maui,-157.072830287,21.1013958864
631,-157.01420_21.15524,flk_2080_Maui,-157.070424535,21.1013685207
632,-157.01370_21.15546,flk_2079_Maui,-157.072830287,21.1013958864
633,-157.01332_21.15578,flk_2079_Maui,-157.072830287,21.1013958864
634,-157.02095_21.16035,flk_2467_Maui,-157.102897868,21.1965689513
635,-157.01953_21.16052,flk_2468_Maui,-157.100490537,21.1965418964
636,-157.01181_21.16460,flk_2420_Maui,-157.069283585,21.1894143496
637,-157.05674_21.16611,flk_2416_Maui,-157.078912296,21.1895241068
638,-157.00672_21.16418,flk_2468_Maui,-157.100490537,21.1965418964
639,-157.00980_21.15840,flk_2076_Maui,-157.080047565,21.1014777791
640,-157.05498_21.16531,flk_2432_Maui,-157.083697561,21.1918363715
641,-157.05597_21.16574,flk_2432_Maui,-157.083697561,21.1918363715
642,-157.05613_21.16715,flk_2417_Maui,-157.076505112,21.1894967189
643,-157.05181_21.16436,flk_2431_Maui,-157.086104793,21.1918636599
644,-157.05167_21.16492,flk_2433_Maui,-157.081290334,21.1918090489
645,-157.05153_21.16549,flk_2416_Maui,-157.078912296,21.1895241068
646,-157.05146_21.16577,flk_2416_Maui,-157.078912296,21.1895241068
647,-157.05123_21.16661,flk_2419_Maui,-157.071690757,21.1894418403
648,-157.05105_21.16696,flk_2420_Maui,-157.069283585,21.1894143496
649,-157.05113_21.16732,flk_2421_Maui,-157.066876416,21.1893868247
650,-156.96368_21.06961,flk_1841_Maui,-156.965005842,21.0685262717
651,-156.99968_21.08112,flk_1886_Maui,-156.998526064,21.0802141696
652,-156.99468_21.07822,flk_1877_Maui,0.0,0.0
653,-156.99405_21.07814,flk_1877_Maui,0.0,0.0
654,-157.05592_21.16802,flk_2419_Maui,-157.071690757,21.1894418403
655,-157.05570_21.16889,flk_2420_Maui,-157.069283585,21.1894143496
656,-157.05542_21.16998,flk_2421_Maui,-157.066876416,21.1893868247
657,-157.05568_21.17138,flk_2397_Maui,-157.064498654,21.1871016988
658,-157.05483_21.17087,flk_2396_Maui,-157.066905781,21.1871292547
659,-157.05309_21.16934,flk_2421_Maui,-157.066876416,21.1893868247
660,-157.05360_21.16853,flk_2421_Maui,-157.066876416,21.1893868247
661,-157.05397_21.16705,flk_2418_Maui,-157.074097933,21.1894692967
662,-157.05416_21.16629,flk_2417_Maui,-157.076505112,21.1894967189
663,-157.05784_21.16642,flk_2416_Maui,-157.078912296,21.1895241068
664,-157.05865_21.16660,flk_2416_Maui,-157.078912296,21.1895241068
665,-157.05943_21.16680,flk_2416_Maui,-157.078912296,21.1895241068
666,-157.06032_21.16647,flk_2416_Maui,-157.078912296,21.1895241068
667,-157.05942_21.16846,flk_2418_Maui,-157.074097933,21.1894692967
668,-157.05914_21.16957,flk_2419_Maui,-157.071690757,21.1894418403
669,-157.05879_21.17096,flk_2421_Maui,-157.066876416,21.1893868247
670,-157.05852_21.17208,flk_2396_Maui,-157.066905781,21.1871292547
671,-157.05856_21.17350,flk_2397_Maui,-157.064498654,21.1871016988
672,-157.05781_21.17332,flk_2397_Maui,-157.064498654,21.1871016988
673,-157.05716_21.17278,flk_2397_Maui,-157.064498654,21.1871016988
674,-157.05642_21.17236,flk_2397_Maui,-157.064498654,21.1871016988
675,-157.05710_21.17112,flk_2396_Maui,-157.066905781,21.1871292547
676,-157.05761_21.16909,flk_2420_Maui,-157.069283585,21.1894143496
677,-157.05787_21.16805,flk_2418_Maui,-157.074097933,21.1894692967
678,-157.06102_21.16725,flk_2416_Maui,-157.078912296,21.1895241068
679,-157.06179_21.16743,flk_2416_Maui,-157.078912296,21.1895241068
680,-157.06107_21.16868,flk_2417_Maui,-157.076505112,21.1894967189
681,-157.06020_21.17020,flk_2420_Maui,-157.069283585,21.1894143496
682,-157.06047_21.17111,flk_2421_Maui,-157.066876416,21.1893868247
683,-157.06021_21.17219,flk_2396_Maui,-157.066905781,21.1871292547
684,-157.06020_21.17387,flk_2397_Maui,-157.064498654,21.1871016988
685,-157.05941_21.17370,flk_2397_Maui,-157.064498654,21.1871016988
686,-157.05893_21.17041,flk_2421_Maui,-157.066876416,21.1893868247
687,-157.05865_21.17153,flk_2421_Maui,-157.066876416,21.1893868247
688,-157.05178_21.16832,flk_2421_Maui,-157.066876416,21.1893868247
689,-157.06094_21.16922,flk_2418_Maui,-157.074097933,21.1894692967
690,-157.06006_21.16748,flk_2417_Maui,-157.076505112,21.1894967189
691,-157.05726_21.16548,flk_2432_Maui,-157.083697561,21.1918363715
692,-157.05711_21.16607,flk_2416_Maui,-157.078912296,21.1895241068
693,-157.05696_21.17007,flk_2421_Maui,-157.066876416,21.1893868247
694,-157.00466_21.16135,flk_2078_Maui,-157.075236042,21.1014232181
695,-157.00495_21.16122,flk_2078_Maui,-157.075236042,21.1014232181
696,-157.00549_21.16100,flk_2076_Maui,-157.080047565,21.1014777791
697,-157.00921_21.16030,flk_2087_Maui,-157.099265063,21.1039522952
698,-157.00850_21.16071,flk_2088_Maui,-157.096859233,21.1039253013
699,-157.00737_21.16095,flk_2088_Maui,-157.096859233,21.1039253013
700,-157.00787_21.16023,flk_2076_Maui,-157.080047565,21.1014777791
701,-157.00732_21.16045,flk_2076_Maui,-157.080047565,21.1014777791
702,-157.00521_21.16160,flk_2076_Maui,-157.080047565,21.1014777791
703,-157.00672_21.16086,flk_2088_Maui,-157.096859233,21.1039253013
704,-157.00763_21.16033,flk_2076_Maui,-157.080047565,21.1014777791
705,-157.00662_21.16062,flk_2078_Maui,-157.075236042,21.1014232181
706,-157.04886_21.16546,flk_2418_Maui,-157.074097933,21.1894692967
707,-157.04944_21.16545,flk_2416_Maui,-157.078912296,21.1895241068
708,-157.05002_21.16673,flk_2419_Maui,-157.071690757,21.1894418403
709,-157.04994_21.16620,flk_2418_Maui,-157.074097933,21.1894692967
710,-157.04985_21.16603,flk_2418_Maui,-157.074097933,21.1894692967
711,-157.05041_21.16600,flk_2418_Maui,-157.074097933,21.1894692967
712,-157.05066_21.16597,flk_2418_Maui,-157.074097933,21.1894692967
713,-157.00708_21.08155,flk_1898_Maui,0.0,0.0
714,-157.05083_21.16626,flk_2418_Maui,-157.074097933,21.1894692967
715,-157.05051_21.16631,flk_2418_Maui,-157.074097933,21.1894692967
716,-157.05055_21.16658,flk_2419_Maui,-157.071690757,21.1894418403
717,-157.05070_21.16699,flk_2420_Maui,-157.069283585,21.1894143496
718,-157.05049_21.16691,flk_2420_Maui,-157.069283585,21.1894143496
719,-157.05096_21.16554,flk_2416_Maui,-157.078912296,21.1895241068
720,-157.05310_21.16421,flk_2431_Maui,-157.086104793,21.1918636599
721,-157.05294_21.16487,flk_2432_Maui,-157.083697561,21.1918363715
722,-157.05286_21.16519,flk_2432_Maui,-157.083697561,21.1918363715
723,-157.05277_21.16551,flk_2416_Maui,-157.078912296,21.1895241068
724,-157.05253_21.16648,flk_2418_Maui,-157.074097933,21.1894692967
725,-157.05244_21.16681,flk_2418_Maui,-157.074097933,21.1894692967
726,-157.05233_21.16722,flk_2418_Maui,-157.074097933,21.1894692967
727,-157.05211_21.16806,flk_2420_Maui,-157.069283585,21.1894143496
728,-157.05260_21.16408,flk_2431_Maui,-157.086104793,21.1918636599
729,-157.05251_21.16443,flk_2431_Maui,-157.086104793,21.1918636599
730,-157.05243_21.16475,flk_2432_Maui,-157.083697561,21.1918363715
731,-157.05234_21.16507,flk_2432_Maui,-157.083697561,21.1918363715
732,-157.05226_21.16540,flk_2416_Maui,-157.078912296,21.1895241068
733,-157.05218_21.16572,flk_2416_Maui,-157.078912296,21.1895241068
734,-157.05210_21.16604,flk_2417_Maui,-157.076505112,21.1894967189
735,-157.05201_21.16637,flk_2418_Maui,-157.074097933,21.1894692967
736,-157.05193_21.16669,flk_2419_Maui,-157.071690757,21.1894418403
737,-157.05191_21.16708,flk_2420_Maui,-157.069283585,21.1894143496
738,-157.05165_21.16730,flk_2421_Maui,-157.066876416,21.1893868247
739,-156.75043_21.13161,flk_2130_Maui,-156.733282443,21.1220290931
740,-156.74406_21.14693,flk_2159_Maui,-156.718572766,21.1398919334
741,-156.95895_21.06726,flk_1829_Maui,0.0,0.0
742,-156.95723_21.06685,flk_1829_Maui,0.0,0.0
743,-156.95702_21.06678,flk_1829_Maui,0.0,0.0
744,-156.98756_21.07875,flk_1868_Maui,-156.988965624,21.0755854086
745,-156.98771_21.07889,flk_1868_Maui,-156.988965624,21.0755854086
746,-156.98794_21.07889,flk_1878_Maui,-156.991340506,21.0778713934
747,-156.98846_21.07757,flk_1868_Maui,-156.988965624,21.0755854086
748,-156.98828_21.07804,flk_1868_Maui,-156.988965624,21.0755854086
749,-156.99793_21.08438,flk_1886_Maui,-156.998526064,21.0802141696
750,-156.99855_21.08422,flk_1886_Maui,-156.998526064,21.0802141696
751,-156.99853_21.08458,flk_1886_Maui,-156.998526064,21.0802141696
752,-156.99834_21.08485,flk_1886_Maui,-156.998526064,21.0802141696
753,-156.99826_21.08511,flk_1886_Maui,-156.998526064,21.0802141696
754,-156.99801_21.08552,flk_1886_Maui,-156.998526064,21.0802141696
755,-156.99785_21.08578,flk_1886_Maui,-156.998526064,21.0802141696
756,-156.99775_21.08614,flk_1885_Maui,-157.000931371,21.0802425282
757,-156.99907_21.08500,flk_1885_Maui,-157.000931371,21.0802425282
758,-156.99951_21.08459,flk_1885_Maui,-157.000931371,21.0802425282
759,-157.00003_21.08480,flk_1884_Maui,-157.003336682,21.0802708527
760,-156.99969_21.08538,flk_1885_Maui,-157.000931371,21.0802425282
761,-156.99951_21.08567,flk_1885_Maui,-157.000931371,21.0802425282
762,-156.99934_21.08596,flk_1884_Maui,-157.003336682,21.0802708527
763,-156.99851_21.08685,flk_1885_Maui,-157.000931371,21.0802425282
764,-156.99782_21.08665,flk_1885_Maui,-157.000931371,21.0802425282
765,-156.99748_21.08656,flk_1886_Maui,-156.998526064,21.0802141696
766,-156.99721_21.08635,flk_1886_Maui,-156.998526064,21.0802141696
767,-156.99709_21.08656,flk_1886_Maui,-156.998526064,21.0802141696
768,-156.99679_21.08649,flk_1886_Maui,-156.998526064,21.0802141696
769,-156.99758_21.08496,flk_1886_Maui,-156.998526064,21.0802141696
770,-156.99818_21.08530,flk_1886_Maui,-156.998526064,21.0802141696
771,-156.99871_21.08399,flk_1886_Maui,-156.998526064,21.0802141696
772,-156.99780_21.08596,flk_1885_Maui,-157.000931371,21.0802425282
773,-156.99825_21.08559,flk_1886_Maui,-156.998526064,21.0802141696
774,-156.99853_21.08568,flk_1886_Maui,-156.998526064,21.0802141696
775,-156.99776_21.08467,flk_1886_Maui,-156.998526064,21.0802141696
776,-157.00132_21.08101,flk_1885_Maui,-157.000931371,21.0802425282
777,-157.00118_21.08098,flk_1885_Maui,-157.000931371,21.0802425282
778,-157.00106_21.08086,flk_1885_Maui,-157.000931371,21.0802425282
779,-157.00021_21.08062,flk_1885_Maui,-157.000931371,21.0802425282
780,-157.00220_21.08164,flk_1884_Maui,-157.003336682,21.0802708527
781,-157.00170_21.08168,flk_1884_Maui,-157.003336682,21.0802708527
782,-157.00141_21.08157,flk_1884_Maui,-157.003336682,21.0802708527
783,-157.00127_21.08158,flk_1884_Maui,-157.003336682,21.0802708527
784,-157.00098_21.08151,flk_1885_Maui,-157.000931371,21.0802425282
785,-157.00083_21.08148,flk_1885_Maui,-157.000931371,21.0802425282
786,-157.00069_21.08144,flk_1885_Maui,-157.000931371,21.0802425282
787,-157.00044_21.08139,flk_1885_Maui,-157.000931371,21.0802425282
788,-157.00003_21.08123,flk_1885_Maui,-157.000931371,21.0802425282
789,-156.96307_21.06845,flk_1842_Maui,0.0,0.0
790,-156.96425_21.06893,flk_1841_Maui,0.0,0.0
791,-156.96581_21.06936,flk_1841_Maui,0.0,0.0
792,-156.96632_21.06943,flk_1840_Maui,0.0,0.0
793,-156.96717_21.06980,flk_1854_Maui,0.0,0.0
794,-156.96738_21.06987,flk_1854_Maui,0.0,0.0
795,-156.96759_21.06996,flk_1854_Maui,0.0,0.0
796,-156.96784_21.07005,flk_1854_Maui,0.0,0.0
797,-156.96974_21.07047,flk_1853_Maui,0.0,0.0
798,-156.96997_21.07051,flk_1853_Maui,0.0,0.0
799,-156.97043_21.07056,flk_1853_Maui,0.0,0.0
800,-156.97063_21.07059,flk_1853_Maui,0.0,0.0
801,-156.97106_21.07062,flk_1852_Maui,0.0,0.0
802,-156.99962_21.08011,flk_1886_Maui,-156.998526064,21.0802141696
803,-156.99918_21.08005,flk_1886_Maui,-156.998526064,21.0802141696
804,-156.99904_21.08021,flk_1886_Maui,-156.998526064,21.0802141696
805,-156.99843_21.07981,flk_1886_Maui,-156.998526064,21.0802141696
806,-156.99795_21.08050,flk_1886_Maui,-156.998526064,21.0802141696
807,-156.99626_21.07979,flk_1876_Maui,-156.996151028,21.0779282742
808,-156.99587_21.07932,flk_1876_Maui,-156.996151028,21.0779282742
809,-156.99552_21.07919,flk_1876_Maui,0.0,0.0
810,-156.99528_21.07909,flk_1876_Maui,0.0,0.0
811,-156.99522_21.07951,flk_1876_Maui,-156.996151028,21.0779282742
812,-156.99500_21.07997,flk_1876_Maui,-156.996151028,21.0779282742
813,-156.99579_21.07974,flk_1876_Maui,-156.996151028,21.0779282742
814,-156.99846_21.08058,flk_1886_Maui,-156.998526064,21.0802141696
815,-156.98174_21.07726,flk_1870_Maui,-156.984155199,21.0755283302
816,-156.95647_21.08495,flk_1842_Maui,-156.962600776,21.0684974193
817,-156.99340_21.07803,flk_1877_Maui,0.0,0.0
818,-156.99247_21.07777,flk_1878_Maui,0.0,0.0
819,-156.99183_21.07759,flk_1878_Maui,0.0,0.0
820,-156.99148_21.07758,flk_1878_Maui,0.0,0.0
821,-156.99107_21.07754,flk_1878_Maui,0.0,0.0
822,-156.99062_21.07743,flk_1878_Maui,0.0,0.0
823,-156.99016_21.07729,flk_1878_Maui,0.0,0.0
824,-156.98979_21.07717,flk_1878_Maui,0.0,0.0
825,-156.98628_21.07653,flk_1869_Maui,-156.98656041,21.0755568864
826,-156.98576_21.07630,flk_1869_Maui,-156.98656041,21.0755568864
827,-156.98524_21.07607,flk_1870_Maui,-156.984155199,21.0755283302
828,-156.98472_21.07584,flk_1870_Maui,-156.984155199,21.0755283302
829,-156.98119_21.07335,flk_1859_Maui,-156.98178047,21.0732422559
830,-156.98059_21.07324,flk_1859_Maui,-156.98178047,21.0732422559
831,-156.99920_21.08236,flk_1886_Maui,-156.998526064,21.0802141696
832,-156.99926_21.08201,flk_1885_Maui,-157.000931371,21.0802425282
833,-156.99949_21.08143,flk_1886_Maui,-156.998526064,21.0802141696
834,-157.00035_21.08178,flk_1885_Maui,-157.000931371,21.0802425282
835,-156.99976_21.08268,flk_1885_Maui,-157.000931371,21.0802425282
836,-156.99958_21.08296,flk_1885_Maui,-157.000931371,21.0802425282
837,-156.99900_21.08353,flk_1886_Maui,-156.998526064,21.0802141696
838,-156.99930_21.08371,flk_1885_Maui,-157.000931371,21.0802425282
839,-156.99956_21.08387,flk_1885_Maui,-157.000931371,21.0802425282
840,-156.99974_21.08414,flk_1885_Maui,-157.000931371,21.0802425282
841,-156.99999_21.08350,flk_1885_Maui,-157.000931371,21.0802425282
842,-157.00000_21.08321,flk_1885_Maui,-157.000931371,21.0802425282
843,-157.00029_21.08299,flk_1885_Maui,-157.000931371,21.0802425282
844,-157.00047_21.08270,flk_1885_Maui,-157.000931371,21.0802425282
845,-157.00096_21.08225,flk_1884_Maui,-157.003336682,21.0802708527
846,-157.00090_21.08184,flk_1884_Maui,-157.003336682,21.0802708527
847,-157.00128_21.08248,flk_1884_Maui,-157.003336682,21.0802708527
848,-157.00125_21.08277,flk_1884_Maui,-157.003336682,21.0802708527
849,-157.00108_21.08306,flk_1884_Maui,-157.003336682,21.0802708527
850,-157.00064_21.08378,flk_1884_Maui,-157.003336682,21.0802708527
851,-156.78131_21.08396,flk_1920_Maui,0.0,0.0
852,-156.78033_21.08577,flk_1921_Maui,-156.779593402,21.0820054037
853,-156.77076_21.08973,flk_2013_Maui,0.0,0.0
854,-156.77526_21.08830,flk_1987_Maui,0.0,0.0
855,-156.77555_21.08872,flk_1987_Maui,-156.774716186,21.0864567298
856,-156.77115_21.08855,flk_2013_Maui,0.0,0.0
857,-156.77363_21.08627,flk_1987_Maui,0.0,0.0
858,-156.77925_21.08441,flk_1921_Maui,0.0,0.0
859,-156.82654_21.06278,flk_1825_Maui,0.0,0.0
860,-156.82679_21.06266,flk_1825_Maui,0.0,0.0
861,-156.82732_21.06204,flk_1825_Maui,0.0,0.0
862,-156.82823_21.06556,flk_1825_Maui,-156.825584575,21.0622820703
863,-156.82436_21.06436,flk_1833_Maui,0.0,0.0
864,-156.82459_21.06417,flk_1833_Maui,0.0,0.0
865,-156.82483_21.06419,flk_1833_Maui,0.0,0.0
866,-156.82497_21.06443,flk_1833_Maui,0.0,0.0
867,-156.82506_21.06466,flk_1833_Maui,0.0,0.0
868,-156.82476_21.06462,flk_1833_Maui,0.0,0.0
869,-156.82484_21.06481,flk_1833_Maui,0.0,0.0
870,-156.82466_21.06493,flk_1833_Maui,0.0,0.0
871,-156.82449_21.06477,flk_1833_Maui,0.0,0.0
872,-156.82442_21.06509,flk_1833_Maui,0.0,0.0
873,-156.82431_21.06489,flk_1833_Maui,0.0,0.0
874,-156.82423_21.06521,flk_1833_Maui,0.0,0.0
875,-156.82407_21.06505,flk_1833_Maui,0.0,0.0
876,-156.82399_21.06539,flk_1833_Maui,0.0,0.0
877,-156.82392_21.06519,flk_1833_Maui,0.0,0.0
878,-156.82378_21.06552,flk_1833_Maui,0.0,0.0
879,-156.96624_21.07800,flk_1853_Maui,-156.969785334,21.070841343
880,-156.82364_21.06531,flk_1833_Maui,0.0,0.0
881,-157.03540_21.09861,flk_2022_Maui,-157.034427882,21.0941812922
882,-157.03562_21.10168,flk_2039_Maui,-157.039209412,21.0964945503
883,-156.99877_21.08200,flk_1886_Maui,-156.998526064,21.0802141696
884,-156.99864_21.08220,flk_1886_Maui,-156.998526064,21.0802141696
885,-156.99839_21.08257,flk_1886_Maui,-156.998526064,21.0802141696
886,-156.98870_21.07881,flk_1878_Maui,-156.991340506,21.0778713934
887,-156.93544_21.06899,flk_1812_Maui,-156.936238777,21.06140553
888,-156.94107_21.06730,flk_1824_Maui,-156.941017531,21.0637213586
889,-156.94365_21.06874,flk_1823_Maui,0.0,0.0
890,-156.95900_21.06897,flk_1843_Maui,-156.960195715,21.0684685328
891,-156.96197_21.07107,flk_1842_Maui,-156.962600776,21.0684974193
892,-156.95973_21.07109,flk_1843_Maui,-156.960195715,21.0684685328
893,-156.96866_21.07170,flk_1853_Maui,-156.969785334,21.070841343
894,-156.95649_21.06670,flk_1830_Maui,0.0,0.0
895,-156.91193_21.05762,flk_1784_Maui,0.0,0.0
896,-156.91103_21.05740,flk_1784_Maui,0.0,0.0
897,-156.87937_21.04852,flk_1748_Maui,0.0,0.0
898,-156.88181_21.05436,flk_1755_Maui,-156.883491426,21.0494674206
899,-156.83282_21.05990,flk_1816_Maui,0.0,0.0
900,-156.82926_21.06196,flk_1817_Maui,0.0,0.0
901,-156.83022_21.06174,flk_1817_Maui,0.0,0.0
902,-156.82946_21.06325,flk_1818_Maui,-156.828022104,21.0600555899
903,-156.82936_21.06316,flk_1818_Maui,-156.828022104,21.0600555899
904,-156.83011_21.06311,flk_1817_Maui,-156.830426825,21.0600863367
905,-156.83435_21.05995,flk_1816_Maui,0.0,0.0
906,-156.83406_21.06138,flk_1816_Maui,-156.83283155,21.0601170495
907,-156.83353_21.06139,flk_1816_Maui,-156.83283155,21.0601170495
908,-156.83218_21.06284,flk_1816_Maui,-156.83283155,21.0601170495
909,-156.83431_21.06270,flk_1816_Maui,-156.83283155,21.0601170495
910,-156.77553_21.08477,flk_1953_Maui,0.0,0.0
911,-156.77942_21.08554,flk_1921_Maui,-156.779593402,21.0820054037
912,-156.77884_21.08481,flk_1987_Maui,-156.774716186,21.0864567298
913,-156.77127_21.08811,flk_2013_Maui,0.0,0.0
914,-156.79577_21.09391,flk_1899_Maui,-156.786841834,21.0798424953
915,-156.78673_21.08673,flk_1919_Maui,-156.784403398,21.0820682969
916,-157.02108_21.15203,flk_2081_Maui,-157.068018787,21.1013411208
917,-156.75997_21.09642,flk_2060_Maui,0.0,0.0
918,-157.03537_21.10404,flk_2039_Maui,-157.039209412,21.0964945503
919,-157.03355_21.10447,flk_2039_Maui,-157.039209412,21.0964945503
920,-156.83348_21.05817,flk_1809_Maui,0.0,0.0
921,-156.83428_21.05743,flk_1808_Maui,0.0,0.0
922,-156.83478_21.05724,flk_1808_Maui,0.0,0.0
923,-156.79791_21.07324,flk_1862_Maui,0.0,0.0
924,-156.83592_21.05691,flk_1808_Maui,0.0,0.0
925,-156.83521_21.05665,flk_1799_Maui,0.0,0.0
926,-156.83572_21.05744,flk_1808_Maui,0.0,0.0
927,-156.83468_21.05801,flk_1808_Maui,0.0,0.0
928,-156.83428_21.05772,flk_1808_Maui,0.0,0.0
929,-156.83346_21.05925,flk_1816_Maui,0.0,0.0
930,-156.83517_21.05610,flk_1799_Maui,0.0,0.0
931,-156.83429_21.05851,flk_1808_Maui,0.0,0.0
932,-156.83413_21.05861,flk_1808_Maui,0.0,0.0
933,-156.83560_21.05709,flk_1808_Maui,0.0,0.0
934,-156.87769_21.05513,flk_1756_Maui,-156.873872914,21.0493472922
935,-156.87784_21.05506,flk_1756_Maui,-156.873872914,21.0493472922
936,-156.86385_21.05237,flk_1764_Maui,0.0,0.0
937,-156.86770_21.05406,flk_1763_Maui,0.0,0.0
938,-156.87210_21.05260,flk_1762_Maui,-156.871436195,21.0515745073
939,-156.87376_21.05151,flk_1756_Maui,-156.873872914,21.0493472922
940,-156.87401_21.05152,flk_1756_Maui,-156.873872914,21.0493472922
941,-156.87428_21.05149,flk_1756_Maui,-156.873872914,21.0493472922
942,-156.87754_21.04718,flk_1748_Maui,0.0,0.0
943,-156.86732_21.05414,flk_1763_Maui,0.0,0.0
944,-156.86697_21.05428,flk_1763_Maui,-156.8666269,21.0515141641
945,-156.87024_21.05222,flk_1762_Maui,0.0,0.0
946,-156.86753_21.05187,flk_1763_Maui,0.0,0.0
947,-156.76151_21.09647,flk_2059_Maui,0.0,0.0
948,-156.76128_21.09991,flk_2059_Maui,-156.762555702,21.0953271529
949,-156.76061_21.09769,flk_2060_Maui,0.0,0.0
950,-156.75922_21.09619,flk_2060_Maui,0.0,0.0
951,-156.75816_21.09690,flk_2084_Maui,0.0,0.0
952,-156.75778_21.09714,flk_2084_Maui,0.0,0.0
953,-156.75732_21.09758,flk_2084_Maui,0.0,0.0
954,-156.75753_21.09739,flk_2084_Maui,0.0,0.0
955,-156.75631_21.09844,flk_2085_Maui,0.0,0.0
956,-156.75642_21.09834,flk_2085_Maui,0.0,0.0
957,-156.75699_21.09861,flk_2084_Maui,0.0,0.0
958,-156.83557_21.05680,flk_1808_Maui,0.0,0.0
959,-156.84625_21.06354,flk_1796_Maui,-156.847324952,21.0557860233
960,-156.84255_21.05923,flk_1797_Maui,-156.840110929,21.0556944164
961,-156.84298_21.05842,flk_1797_Maui,-156.840110929,21.0556944164
962,-156.84317_21.05653,flk_1777_Maui,-156.844952783,21.0534982299
963,-156.84209_21.05558,flk_1797_Maui,-156.840110929,21.0556944164
964,-156.84100_21.05574,flk_1797_Maui,0.0,0.0
965,-156.84102_21.05687,flk_1797_Maui,-156.840110929,21.0556944164
966,-156.84090_21.05953,flk_1797_Maui,-156.840110929,21.0556944164
967,-156.83968_21.05599,flk_1797_Maui,0.0,0.0
968,-156.83658_21.05680,flk_1798_Maui,0.0,0.0
969,-156.84142_21.05490,flk_1797_Maui,0.0,0.0
970,-156.84254_21.05839,flk_1797_Maui,-156.840110929,21.0556944164
971,-156.84924_21.05773,flk_1807_Maui,0.0,0.0
972,-156.87246_21.05419,flk_1762_Maui,-156.871436195,21.0515745073
973,-156.87446_21.05543,flk_1762_Maui,-156.871436195,21.0515745073
974,-156.87501_21.05579,flk_1762_Maui,-156.871436195,21.0515745073
975,-156.87597_21.05560,flk_1762_Maui,-156.871436195,21.0515745073
976,-156.87612_21.05554,flk_1762_Maui,-156.871436195,21.0515745073
977,-156.87644_21.05548,flk_1756_Maui,-156.873872914,21.0493472922
978,-156.87683_21.05543,flk_1756_Maui,-156.873872914,21.0493472922
979,-156.80976_21.07162,flk_1845_Maui,-156.808685283,21.066580097
980,-156.79221_21.07581,flk_1872_Maui,0.0,0.0
981,-156.75605_21.09864,flk_2091_Maui,0.0,0.0
982,-156.76194_21.09547,flk_2059_Maui,0.0,0.0
983,-156.76289_21.09567,flk_2059_Maui,0.0,0.0
984,-156.78576_21.08215,flk_1919_Maui,0.0,0.0
985,-156.78391_21.08285,flk_1919_Maui,0.0,0.0
986,-156.78247_21.08440,flk_1920_Maui,0.0,0.0
987,-156.78812_21.07860,flk_1887_Maui,0.0,0.0
988,-156.78225_21.08353,flk_1920_Maui,0.0,0.0
989,-156.79083_21.07754,flk_1887_Maui,0.0,0.0
990,-156.79450_21.07283,flk_1871_Maui,0.0,0.0
991,-156.79519_21.07271,flk_1871_Maui,0.0,0.0
992,-156.79556_21.07301,flk_1871_Maui,0.0,0.0
993,-156.79582_21.07203,flk_1863_Maui,0.0,0.0
994,-156.79629_21.07283,flk_1863_Maui,0.0,0.0
995,-156.80970_21.06999,flk_1845_Maui,-156.808685283,21.066580097
996,-156.81078_21.06951,flk_1844_Maui,0.0,0.0
997,-156.81143_21.06938,flk_1844_Maui,-156.811090078,21.0666111267
998,-156.80378_21.06925,flk_1855_Maui,0.0,0.0
999,-156.80431_21.06894,flk_1847_Maui,0.0,0.0
1000,-156.81286_21.06899,flk_1844_Maui,-156.811090078,21.0666111267
1001,-156.81993_21.06486,flk_1834_Maui,0.0,0.0
1002,-156.82321_21.06349,flk_1833_Maui,0.0,0.0
1003,-156.82563_21.06120,flk_1825_Maui,0.0,0.0
1004,-156.82305_21.06368,flk_1833_Maui,0.0,0.0
1005,-156.82474_21.06367,flk_1825_Maui,0.0,0.0
1006,-156.82464_21.06374,flk_1833_Maui,0.0,0.0
1007,-156.84465_21.05541,flk_1777_Maui,0.0,0.0
1008,-156.82774_21.06521,flk_1825_Maui,-156.825584575,21.0622820703
1009,-156.82759_21.06180,flk_1818_Maui,0.0,0.0
1010,-156.82664_21.06246,flk_1825_Maui,0.0,0.0
1011,-156.82349_21.06514,flk_1833_Maui,0.0,0.0
1012,-156.82344_21.06493,flk_1833_Maui,0.0,0.0
1013,-156.82368_21.06479,flk_1833_Maui,0.0,0.0
1014,-156.82389_21.06467,flk_1833_Maui,0.0,0.0
1015,-156.75120_21.10822,flk_2098_Maui,-156.750393806,21.1041965655
1016,-156.74635_21.10810,flk_2106_Maui,0.0,0.0
1017,-156.74631_21.10668,flk_2103_Maui,0.0,0.0
1018,-156.74298_21.11116,flk_2111_Maui,0.0,0.0
1019,-156.74345_21.11100,flk_2111_Maui,0.0,0.0
1020,-156.74516_21.11107,flk_2110_Maui,0.0,0.0
1021,-156.74624_21.11182,flk_2110_Maui,-156.745480905,21.1109040234
1022,-156.74505_21.11221,flk_2110_Maui,0.0,0.0
1023,-156.74184_21.11192,flk_2112_Maui,0.0,0.0
1024,-156.74602_21.11277,flk_2110_Maui,-156.745480905,21.1109040234
1025,-157.06475_21.15857,flk_2468_Maui,-157.100490537,21.1965418964
1026,-157.05774_21.17020,flk_2420_Maui,-157.069283585,21.1894143496
1027,-157.07494_21.17926,flk_2417_Maui,-157.076505112,21.1894967189
1028,-157.07508_21.17866,flk_2417_Maui,-157.076505112,21.1894967189
1029,-157.09508_21.17833,flk_2468_Maui,-157.100490537,21.1965418964
1030,-157.09613_21.17405,flk_2467_Maui,-157.102897868,21.1965689513
1031,-157.10656_21.15182,flk_2486_Maui,-157.126942925,21.1990952617
1032,-157.11225_21.16589,flk_2466_Maui,-157.114934583,21.1967037116
1033,-156.82251_21.06446,flk_1833_Maui,0.0,0.0
1034,-157.03969_21.09892,flk_2039_Maui,-157.039209412,21.0964945503
1035,-157.04062_21.09970,flk_2039_Maui,-157.039209412,21.0964945503
1036,-157.03703_21.10359,flk_2039_Maui,-157.039209412,21.0964945503
1037,-156.74036_21.11454,flk_2119_Maui,0.0,0.0
1038,-156.74299_21.11151,flk_2111_Maui,0.0,0.0
1039,-156.86385_21.07320,flk_1791_Maui,-156.859348411,21.0559380215
1040,-156.74165_21.11497,flk_2119_Maui,0.0,0.0
1041,-156.73776_21.14266,flk_2152_Maui,-156.721047645,21.1354101866
1042,-156.74678_21.15476,flk_2347_Maui,-156.751743388,21.1741994518
1043,-157.11558_21.16664,flk_2465_Maui,-157.117341937,21.1967305608
1044,-157.08272_21.15407,flk_2466_Maui,-157.114934583,21.1967037116
1045,-157.08008_21.15401,flk_2439_Maui,-157.112555915,21.1944191997
1046,-157.08029_21.15301,flk_2466_Maui,-157.114934583,21.1967037116
1047,-157.04975_21.16044,flk_2468_Maui,-157.100490537,21.1965418964
1048,-157.09653_21.16566,flk_2441_Maui,-157.107741299,21.1943653361
1049,-157.08320_21.17928,flk_2433_Maui,-157.081290334,21.1918090489
1050,-157.09952_21.18213,flk_2467_Maui,-157.102897868,21.1965689513
1051,-156.78201_21.08369,flk_1920_Maui,0.0,0.0
1052,-156.79166_21.07992,flk_1887_Maui,-156.789280197,21.0776166517
1053,-156.80936_21.06865,flk_1845_Maui,-156.808685283,21.066580097
1054,-157.03914_21.10090,flk_2039_Maui,-157.039209412,21.0964945503
1055,-157.03828_21.10091,flk_2039_Maui,-157.039209412,21.0964945503
1056,-157.03710_21.09969,flk_2039_Maui,-157.039209412,21.0964945503
1057,-157.03746_21.10065,flk_2039_Maui,-157.039209412,21.0964945503
1058,-157.03774_21.10006,flk_2039_Maui,-157.039209412,21.0964945503
1059,-157.03316_21.10436,flk_2039_Maui,-157.039209412,21.0964945503
1060,-157.03231_21.10347,flk_2021_Maui,-157.036833466,21.0942091595
1061,-157.03193_21.10285,flk_2021_Maui,-157.036833466,21.0942091595
1062,-157.03188_21.10249,flk_2021_Maui,-157.036833466,21.0942091595
1063,-157.03230_21.10121,flk_2022_Maui,-157.034427882,21.0941812922
1064,-157.03345_21.10023,flk_2021_Maui,-157.036833466,21.0942091595
1065,-157.03310_21.10184,flk_2039_Maui,-157.039209412,21.0964945503
1066,-157.03300_21.10251,flk_2039_Maui,-157.039209412,21.0964945503
1067,-157.03783_21.10322,flk_2039_Maui,-157.039209412,21.0964945503
1068,-157.03918_21.10312,flk_2038_Maui,-157.041615041,21.0965223527
1069,-157.25215_21.17288,flk_2294_Maui,-157.254832339,21.1756262289
1070,-157.27062_21.15325,flk_2175_Maui,-157.279113417,21.157810264
1071,-157.26650_21.15993,flk_2183_Maui,-157.269433179,21.162227721
1072,-156.98632_21.07789,flk_1869_Maui,-156.98656041,21.0755568864
1073,-157.10448_21.16571,flk_2439_Maui,-157.112555915,21.1944191997
1074,-157.07154_21.14981,flk_2067_Maui,-157.106511213,21.1017754271
1075,-157.07433_21.15027,flk_2066_Maui,-157.108917022,21.1018022815
1076,-157.06363_21.16454,flk_2430_Maui,-157.088512029,21.191890914
1077,-157.07470_21.17363,flk_2417_Maui,-157.076505112,21.1894967189
1078,-157.07627_21.17397,flk_2416_Maui,-157.078912296,21.1895241068
1079,-157.07793_21.17374,flk_2432_Maui,-157.083697561,21.1918363715
1080,-157.08089_21.17490,flk_2430_Maui,-157.088512029,21.191890914
1081,-157.08236_21.17534,flk_2431_Maui,-157.086104793,21.1918636599
1082,-157.07583_21.16877,flk_2430_Maui,-157.088512029,21.191890914
1083,-157.08308_21.16622,flk_2468_Maui,-157.100490537,21.1965418964
1084,-157.09546_21.14667,flk_2065_Maui,-157.111322835,21.1018291017
1085,-157.09565_21.15778,flk_2466_Maui,-157.114934583,21.1967037116
1086,-157.06316_21.18022,flk_2397_Maui,-157.064498654,21.1871016988
1087,-156.98878_21.07686,flk_1868_Maui,0.0,0.0
1088,-157.06646_21.16647,flk_2431_Maui,-157.086104793,21.1918636599
1089,-157.06111_21.17479,flk_2396_Maui,-157.066905781,21.1871292547
1090,-157.04318_21.16448,flk_2418_Maui,-157.074097933,21.1894692967
1091,-157.06270_21.16713,flk_2416_Maui,-157.078912296,21.1895241068
1092,-157.06998_21.17262,flk_2417_Maui,-157.076505112,21.1894967189
1093,-157.08596_21.16793,flk_2468_Maui,-157.100490537,21.1965418964
1094,-157.07508_21.16508,flk_2446_Maui,-157.095704824,21.1942300776
1095,-157.03377_21.09658,flk_2022_Maui,-157.034427882,21.0941812922
1096,-157.04287_21.10333,flk_2037_Maui,-157.044020673,21.0965501211
1097,-156.99729_21.08409,flk_1886_Maui,-156.998526064,21.0802141696
1098,-156.99703_21.08446,flk_1886_Maui,-156.998526064,21.0802141696
1099,-157.07088_21.18190,flk_2420_Maui,-157.069283585,21.1894143496
1100,-156.87745_21.04803,flk_1749_Maui,0.0,0.0
1101,-156.79574_21.07375,flk_1871_Maui,0.0,0.0
1102,-157.09722_21.16916,flk_2442_Maui,-157.105333996,21.1943383529
1103,-157.08716_21.17619,flk_2446_Maui,-157.095704824,21.1942300776
1104,-156.77020_21.09000,flk_2023_Maui,0.0,0.0
1105,-157.11081_21.18127,flk_2439_Maui,-157.112555915,21.1944191997
1106,-156.97145_21.07065,flk_1852_Maui,0.0,0.0
1107,-156.75328_21.10124,flk_2095_Maui,0.0,0.0
1108,-156.98851_21.07676,flk_1868_Maui,0.0,0.0
1109,-157.00986_21.08225,flk_1897_Maui,0.0,0.0
1110,-157.05404_21.16241,flk_2448_Maui,-157.09089026,21.1941757344
1111,-157.06041_21.16435,flk_2430_Maui,-157.088512029,21.191890914
1112,-157.05322_21.17131,flk_2397_Maui,-157.064498654,21.1871016988
1113,-156.97007_21.07985,flk_1852_Maui,-156.972190448,21.0708700967
1114,-156.99976_21.08156,flk_1885_Maui,-157.000931371,21.0802425282
1115,-157.05281_21.11069,flk_2057_Maui,-157.056019502,21.0989460313
1116,-157.03007_21.17766,flk_2401_Maui,-157.052463073,21.1869634054
1117,-157.01308_21.14995,flk_2058_Maui,-157.053613814,21.0989184301
1118,-157.08369_21.10696,flk_2075_Maui,-157.082453332,21.1015050085
1119,-156.94397_21.06611,flk_1823_Maui,-156.943422487,21.0637505105
1120,-156.95028_21.06695,flk_1832_Maui,-156.950606448,21.0660952046
1121,-157.01322_21.15578,flk_2079_Maui,-157.072830287,21.1013958864
1122,-157.02085_21.16035,flk_2467_Maui,-157.102897868,21.1965689513
1123,-156.96358_21.06961,flk_1842_Maui,0.0,0.0
1124,-157.05473_21.17087,flk_2382_Maui,0.0,0.0
1125,-157.05387_21.16705,flk_2418_Maui,-157.074097933,21.1894692967
1126,-157.05855_21.16660,flk_2416_Maui,-157.078912296,21.1895241068
1127,-157.05932_21.16846,flk_2418_Maui,-157.074097933,21.1894692967
1128,-157.00456_21.16135,flk_2078_Maui,-157.075236042,21.1014232181
1129,-157.00662_21.16086,flk_2076_Maui,-157.080047565,21.1014777791
1130,-156.99843_21.08458,flk_1886_Maui,-156.998526064,21.0802141696
1131,-156.99941_21.08459,flk_1885_Maui,-157.000931371,21.0802425282
1132,-156.99993_21.08480,flk_1884_Maui,-157.003336682,21.0802708527
1133,-156.99941_21.08567,flk_1885_Maui,-157.000931371,21.0802425282
1134,-157.00073_21.08148,flk_1885_Maui,-157.000931371,21.0802425282
1135,-156.96622_21.06943,flk_1840_Maui,0.0,0.0
1136,-156.99237_21.07777,flk_1878_Maui,0.0,0.0
1137,-156.99173_21.07759,flk_1878_Maui,0.0,0.0
1138,-156.99138_21.07758,flk_1878_Maui,0.0,0.0
1139,-156.98109_21.07335,flk_1859_Maui,-156.98178047,21.0732422559
1140,-157.00019_21.08299,flk_1885_Maui,-157.000931371,21.0802425282
1141,-156.83272_21.05990,flk_1816_Maui,0.0,0.0
1142,-156.83001_21.06311,flk_1817_Maui,-156.830426825,21.0600863367
1143,-156.77932_21.08554,flk_1987_Maui,-156.774716186,21.0864567298
1144,-156.87774_21.05506,flk_1756_Maui,-156.873872914,21.0493472922
1145,-156.86760_21.05406,flk_1763_Maui,0.0,0.0
1146,-156.87200_21.05260,flk_1762_Maui,-156.871436195,21.0515745073
1147,-156.84307_21.05653,flk_1777_Maui,-156.844952783,21.0534982299
1148,-156.87587_21.05560,flk_1762_Maui,-156.871436195,21.0515745073
1149,-156.79440_21.07283,flk_1871_Maui,0.0,0.0
1150,-156.79619_21.07283,flk_1863_Maui,0.0,0.0
1151,-156.81983_21.06486,flk_1834_Maui,0.0,0.0
1152,-156.82295_21.06368,flk_1833_Maui,0.0,0.0
1153,-156.82654_21.06246,flk_1825_Maui,0.0,0.0
1154,-156.75110_21.10822,flk_2098_Maui,-156.750393806,21.1041965655
1155,-157.05764_21.17020,flk_2421_Maui,-157.066876416,21.1893868247
1156,-157.11215_21.16589,flk_2466_Maui,-157.114934583,21.1967037116
1157,-156.74155_21.11497,flk_2119_Maui,0.0,0.0
1158,-156.78191_21.08369,flk_1920_Maui,0.0,0.0
1159,-157.00425_21.16454,flk_2487_Maui,-157.124535519,21.1990685463
1160,-157.00445_21.16454,flk_2487_Maui,-157.124535519,21.1990685463
1161,-157.04692_21.10328,flk_2036_Maui,-157.046426309,21.0965778554
1162,-157.04712_21.10328,flk_2036_Maui,-157.046426309,21.0965778554
1163,-157.10515_21.17087,flk_2440_Maui,-157.110148605,21.194392285
1164,-157.10535_21.17087,flk_2440_Maui,-157.110148605,21.194392285
1165,-157.11129_21.17218,flk_2439_Maui,-157.112555915,21.1944191997
1166,-157.11149_21.17218,flk_2439_Maui,-157.112555915,21.1944191997
1167,-156.98164_21.07726,flk_1870_Maui,-156.984155199,21.0755283302
1168,-156.98184_21.07726,flk_1870_Maui,-156.984155199,21.0755283302
1169,-156.82749_21.06180,flk_1818_Maui,0.0,0.0
1170,-156.82769_21.06180,flk_1818_Maui,0.0,0.0
1171,-156.73766_21.14266,flk_2152_Maui,-156.721047645,21.1354101866
1172,-156.73786_21.14266,flk_2152_Maui,-156.721047645,21.1354101866
1173,-156.73776_21.14276,flk_2190_Maui,0.0,0.0
1174,-157.01793_21.16028,flk_2468_Maui,-157.100490537,21.1965418964
1175,-157.01813_21.16028,flk_2468_Maui,-157.100490537,21.1965418964
1176,-157.01803_21.16038,flk_2468_Maui,-157.100490537,21.1965418964
1177,-157.01803_21.16018,flk_2468_Maui,-157.100490537,21.1965418964
1178,-157.01793_21.16038,flk_2468_Maui,-157.100490537,21.1965418964
1179,-157.01793_21.16018,flk_2468_Maui,-157.100490537,21.1965418964
1180,-157.01813_21.16038,flk_2468_Maui,-157.100490537,21.1965418964
1181,-157.01813_21.16018,flk_2468_Maui,-157.100490537,21.1965418964
1182,-156.99964_21.07987,flk_1886_Maui,-156.998526064,21.0802141696
1183,-156.99957_21.07999,flk_1886_Maui,-156.998526064,21.0802141696
1184,-156.99953_21.08009,flk_1886_Maui,-156.998526064,21.0802141696
1185,-156.99946_21.08021,flk_1886_Maui,-156.998526064,21.0802141696
1186,-156.99943_21.08034,flk_1886_Maui,-156.998526064,21.0802141696
1187,-156.99954_21.08044,flk_1886_Maui,-156.998526064,21.0802141696
1188,-156.99969_21.08039,flk_1886_Maui,-156.998526064,21.0802141696
1189,-156.99976_21.08027,flk_1886_Maui,-156.998526064,21.0802141696
1190,-156.99982_21.08015,flk_1886_Maui,-156.998526064,21.0802141696
1191,-156.99991_21.08003,flk_1886_Maui,-156.998526064,21.0802141696
1192,-157.00953_21.15913,flk_2355_Maui,0.0,0.0
1193,-157.00970_21.15900,flk_2355_Maui,0.0,0.0
1194,-157.00983_21.15883,flk_2076_Maui,-157.080047565,21.1014777791
1195,-157.00994_21.15866,flk_2076_Maui,-157.080047565,21.1014777791
1196,-157.01014_21.15851,flk_2076_Maui,-157.080047565,21.1014777791
1197,-157.01039_21.15823,flk_2355_Maui,0.0,0.0
1198,-157.01023_21.15818,flk_2076_Maui,-157.080047565,21.1014777791
1199,-157.01002_21.15810,flk_2076_Maui,-157.080047565,21.1014777791
1200,-157.00982_21.15803,flk_2355_Maui,0.0,0.0
1201,-157.00961_21.15795,flk_2355_Maui,0.0,0.0
1202,-157.00961_21.15847,flk_2076_Maui,-157.080047565,21.1014777791
1203,-157.00950_21.15865,flk_2076_Maui,-157.080047565,21.1014777791
1204,-157.24228_21.18518,flk_2378_Maui,0.0,0.0
1205,-157.24245_21.18519,flk_2378_Maui,0.0,0.0
1206,-157.24257_21.18534,flk_2378_Maui,0.0,0.0
1207,-157.24270_21.18541,flk_2378_Maui,0.0,0.0
1208,-157.24288_21.18546,flk_2378_Maui,0.0,0.0
1209,-157.24307_21.18549,flk_2378_Maui,0.0,0.0
1210,-157.24339_21.18526,flk_2378_Maui,0.0,0.0
1211,-157.24357_21.18539,flk_2378_Maui,0.0,0.0
1212,-157.24373_21.18540,flk_2378_Maui,0.0,0.0
1213,-157.24402_21.18545,flk_2378_Maui,0.0,0.0
1214,-157.24401_21.18582,flk_2378_Maui,0.0,0.0
1215,-157.24415_21.18595,flk_2378_Maui,0.0,0.0
1216,-157.24428_21.18603,flk_2378_Maui,0.0,0.0
1217,-157.24314_21.18592,flk_2378_Maui,0.0,0.0
1218,-157.24331_21.18597,flk_2378_Maui,0.0,0.0
1219,-157.24354_21.18602,flk_2378_Maui,0.0,0.0
1220,-157.24360_21.18615,flk_2378_Maui,0.0,0.0
1221,-157.24353_21.18636,flk_2378_Maui,0.0,0.0
1222,-157.24345_21.18658,flk_2378_Maui,0.0,0.0
1223,-157.24331_21.18661,flk_2378_Maui,0.0,0.0
1224,-157.24323_21.18671,flk_2378_Maui,0.0,0.0
1225,-157.24376_21.18721,flk_2378_Maui,0.0,0.0
1226,-157.24390_21.18736,flk_2378_Maui,0.0,0.0
1227,-157.24406_21.18732,flk_2378_Maui,0.0,0.0
1228,-157.24419_21.18728,flk_2378_Maui,0.0,0.0
1229,-157.24411_21.18683,flk_2378_Maui,0.0,0.0
1230,-157.24402_21.18668,flk_2378_Maui,0.0,0.0
1231,-157.24393_21.18657,flk_2378_Maui,0.0,0.0
1232,-157.24441_21.18725,flk_2378_Maui,0.0,0.0
1233,-157.24457_21.18727,flk_2378_Maui,0.0,0.0
1234,-157.24488_21.18542,flk_2378_Maui,0.0,0.0
1235,-157.24528_21.18555,flk_2378_Maui,0.0,0.0
1236,-157.24556_21.18543,flk_2378_Maui,0.0,0.0
1237,-157.24583_21.18529,flk_2378_Maui,0.0,0.0
1238,-157.24604_21.18507,flk_2378_Maui,0.0,0.0
1239,-157.24606_21.18551,flk_2378_Maui,0.0,0.0
1240,-157.24618_21.18589,flk_2378_Maui,0.0,0.0
1241,-157.24620_21.18605,flk_2378_Maui,0.0,0.0
1242,-157.24640_21.18651,flk_2378_Maui,0.0,0.0
1243,-157.24568_21.18646,flk_2378_Maui,0.0,0.0
1244,-157.24540_21.18644,flk_2378_Maui,0.0,0.0
1245,-157.24518_21.18612,flk_2378_Maui,0.0,0.0
1246,-157.24513_21.18581,flk_2378_Maui,0.0,0.0
1247,-157.24551_21.18667,flk_2378_Maui,0.0,0.0
1248,-157.24543_21.18694,flk_2378_Maui,0.0,0.0
1249,-157.24563_21.18727,flk_2378_Maui,0.0,0.0
1250,-157.24588_21.18741,flk_2378_Maui,0.0,0.0
1251,-157.24618_21.18743,flk_2378_Maui,0.0,0.0
1252,-157.24656_21.18743,flk_2378_Maui,0.0,0.0
1253,-157.24670_21.18678,flk_2378_Maui,0.0,0.0
1254,-157.24720_21.18703,flk_2378_Maui,0.0,0.0
1255,-157.24745_21.18729,flk_2378_Maui,0.0,0.0
1256,-157.24761_21.18750,flk_2378_Maui,0.0,0.0
1257,-157.24700_21.18833,flk_2395_Maui,0.0,0.0
1258,-157.24668_21.18827,flk_2395_Maui,0.0,0.0
1259,-157.24640_21.18819,flk_2395_Maui,0.0,0.0
1260,-157.24608_21.18819,flk_2395_Maui,0.0,0.0
1261,-157.24574_21.18831,flk_2395_Maui,0.0,0.0
1262,-157.24573_21.18863,flk_2395_Maui,0.0,0.0
1263,-157.24586_21.18897,flk_2395_Maui,0.0,0.0
1264,-157.24624_21.18894,flk_2395_Maui,0.0,0.0
1265,-157.24647_21.18889,flk_2395_Maui,0.0,0.0
1266,-157.24497_21.19040,flk_2414_Maui,0.0,0.0
1267,-157.24511_21.19016,flk_2413_Maui,-157.249831896,21.1913810915
1268,-157.24527_21.18996,flk_2413_Maui,-157.249831896,21.1913810915
1269,-157.24557_21.19001,flk_2413_Maui,-157.249831896,21.1913810915
1270,-157.24604_21.18990,flk_2413_Maui,-157.249831896,21.1913810915
1271,-157.24574_21.19052,flk_2414_Maui,0.0,0.0
1272,-157.24564_21.19118,flk_2414_Maui,0.0,0.0
1273,-157.24606_21.19119,flk_2414_Maui,0.0,0.0
1274,-157.24666_21.19105,flk_2414_Maui,0.0,0.0
1275,-157.24700_21.19098,flk_2414_Maui,0.0,0.0
1276,-157.24714_21.19077,flk_2414_Maui,0.0,0.0
1277,-157.24704_21.19050,flk_2414_Maui,0.0,0.0
1278,-157.24672_21.19041,flk_2414_Maui,0.0,0.0
1279,-157.24683_21.19016,flk_2413_Maui,-157.249831896,21.1913810915
