,Uid,rainfall_in
0,-157.13194_21.14422,23.1531410217
1,-157.25780_21.14791,16.8684425354
2,-157.24613_21.19028,18.6065254211
3,-157.20856_21.15703,23.351047515900003
4,-157.21922_21.17738,19.7210769653
5,-157.21093_21.17253,20.653430938699998
6,-157.20814_21.16662,21.612157821700002
7,-157.24633_21.18319,17.9626483917
8,-157.24587_21.18317,17.9626483917
9,-157.24543_21.18312,17.9626483917
10,-157.24389_21.18321,18.0891056061
11,-157.24301_21.18322,18.0891056061
12,-157.22836_21.17295,18.9931869507
13,-157.22915_21.17232,18.7365837097
14,-157.25752_21.16708,16.3755931854
15,-157.25225_21.17288,16.7469425201
16,-157.23650_21.18016,18.3210124969
17,-157.24170_21.18236,18.2128181458
18,-157.23469_21.18124,18.4728794098
19,-157.23121_21.17582,18.4653892517
20,-157.23136_21.17679,18.4653892517
21,-157.23181_21.17986,18.5288467407
22,-157.23348_21.17754,18.2586803436
23,-157.23346_21.17572,18.2586803436
24,-157.27220_21.15726,15.372982978800001
25,-157.27072_21.15325,15.5386257172
26,-157.26758_21.15938,15.6324920654
27,-157.26660_21.15993,15.7495918274
28,-157.26175_21.16380,16.053855896
29,-157.10458_21.16571,23.090475082399998
30,-157.09902_21.16447,23.498231887800003
31,-157.10404_21.14645,21.0235290527
32,-157.07005_21.14893,25.022176742600003
33,-157.07164_21.14981,24.6104412079
34,-157.05835_21.17505,33.9708175659
35,-157.05894_21.17629,33.9846115112
36,-157.05935_21.17527,33.9708175659
37,-157.05927_21.17575,33.9846115112
38,-157.08150_21.15589,24.728635788000002
39,-157.08349_21.15446,23.8680038452
40,-157.11548_21.17975,22.7636489868
41,-157.11353_21.18030,23.071758270300002
42,-157.08203_21.18424,28.2747974396
43,-157.08359_21.18458,27.817272186300002
44,-157.08543_21.18104,27.2148094177
45,-157.06544_21.15892,28.723136901900002
46,-157.28756_21.14135,14.530469894400001
47,-157.07443_21.15027,24.2048492432
48,-157.06373_21.16454,31.4507369995
49,-157.07261_21.16906,29.892501831100002
50,-157.07323_21.17329,30.351640701300003
51,-157.07480_21.17363,29.7275390625
52,-157.07637_21.17397,29.1129512787
53,-157.07803_21.17374,28.502967834499998
54,-157.07948_21.17452,28.502967834499998
55,-157.08099_21.17490,27.9177627563
56,-157.08246_21.17534,27.3436660767
57,-157.06868_21.17164,31.4192771912
58,-157.06922_21.16945,30.523815155
59,-157.07747_21.17752,29.241912841799998
60,-157.07009_21.16708,30.1179714203
61,-157.07035_21.16475,29.5945472717
62,-157.07058_21.16381,28.9815349579
63,-157.07134_21.16069,27.7285804749
64,-157.07103_21.15953,27.1524677277
65,-157.07140_21.15960,27.1524677277
66,-157.07178_21.15969,27.1524677277
67,-157.07216_21.15976,27.7285804749
68,-157.07218_21.16387,28.3839607239
69,-157.07375_21.16420,27.790166854899997
70,-157.07646_21.16490,27.7620182037
71,-157.07593_21.16877,28.6422138214
72,-157.07941_21.16132,26.1162776947
73,-157.08003_21.16555,26.6219882965
74,-157.08252_21.16217,25.6271286011
75,-157.08066_21.16978,27.4426612854
76,-157.08318_21.16622,26.0856018066
77,-157.09556_21.14667,21.157686233499998
78,-157.12755_21.14364,22.6268539429
79,-157.11619_21.15212,21.678787231399998
80,-157.09711_21.16406,23.464782714800002
81,-157.10089_21.16492,23.2871379852
82,-157.07593_21.15079,24.4564266205
83,-157.07827_21.15148,24.051050186199998
84,-157.06701_21.15771,28.1987686157
85,-157.06861_21.15797,28.1987686157
86,-157.07200_21.15066,24.6104412079
87,-157.07194_21.15851,27.1524677277
88,-157.07360_21.15888,26.631652831999997
89,-157.07527_21.15923,26.631652831999997
90,-157.07867_21.15249,24.051050186199998
91,-157.08341_21.15778,24.740154266399998
92,-157.08080_21.15855,25.181722641
93,-157.08163_21.16030,25.629104614299997
94,-157.08261_21.16087,25.1552314758
95,-157.09087_21.16281,24.341316223099998
96,-157.09301_21.16322,23.980094909699996
97,-157.09674_21.15794,22.9495658875
98,-157.08416_21.16128,25.1552314758
99,-157.08933_21.16006,23.9649124146
100,-157.09575_21.15778,22.9495658875
101,-157.08719_21.15855,23.9682254791
102,-157.08086_21.15942,25.181722641
103,-157.08181_21.15376,24.239906311
104,-157.08184_21.15496,24.239906311
105,-157.00741_21.16127,50.469299316400004
106,-157.00769_21.16119,50.469299316400004
107,-157.05891_21.17517,33.9708175659
108,-157.06179_21.17893,33.3952674866
109,-157.06326_21.18022,32.7123565674
110,-157.06483_21.18059,32.134037017800004
111,-157.05941_21.17631,33.9846115112
112,-157.05985_21.17731,33.4233627319
113,-157.06076_21.17765,33.4233627319
114,-157.06090_21.17688,33.4233627319
115,-157.06107_21.17648,33.4233627319
116,-157.06031_21.17636,33.4233627319
117,-157.05991_21.17547,33.3945426941
118,-157.00697_21.16215,50.6015357971
119,-157.00687_21.16186,50.469299316400004
120,-157.00669_21.16195,50.469299316400004
121,-157.00653_21.16204,50.6015357971
122,-157.00676_21.16228,50.6015357971
123,-157.00675_21.16256,50.6015357971
124,-157.00607_21.16231,50.6015357971
125,-157.00554_21.16218,51.538192749
126,-157.00556_21.16198,51.495208740200006
127,-157.00579_21.16191,50.469299316400004
128,-157.00597_21.16181,50.469299316400004
129,-157.06210_21.16463,31.4507369995
130,-157.06519_21.16514,30.830471038800003
131,-157.06656_21.16647,30.214176178000002
132,-157.06882_21.16369,28.9815349579
133,-157.04613_21.16245,35.6415405273
134,-157.06121_21.17479,33.3945426941
135,-157.06346_21.17201,32.6584091187
136,-157.06472_21.17397,32.198059082
137,-157.06586_21.17588,32.252784729
138,-157.04328_21.16448,36.7549209595
139,-157.00406_21.16160,51.495208740200006
140,-157.00311_21.16169,52.489074707
141,-157.00333_21.16198,52.489074707
142,-157.00368_21.16239,51.538192749
143,-157.00388_21.16229,51.538192749
144,-157.00425_21.16210,51.538192749
145,-157.00443_21.16201,51.538192749
146,-157.00631_21.16162,50.469299316400004
147,-157.00647_21.16153,50.469299316400004
148,-157.00520_21.16214,51.538192749
149,-157.00529_21.16230,51.538192749
150,-157.00547_21.16261,51.538192749
151,-157.00556_21.16277,51.538192749
152,-157.00460_21.16186,51.495208740200006
153,-157.00488_21.16254,51.538192749
154,-157.00408_21.16278,51.538192749
155,-157.00419_21.16303,51.538192749
156,-157.00376_21.16340,51.538192749
157,-157.00434_21.16375,51.538192749
158,-157.00416_21.16344,51.538192749
159,-157.00483_21.16353,51.538192749
160,-157.00476_21.16333,51.538192749
161,-157.00469_21.16316,51.538192749
162,-157.00555_21.16355,51.538192749
163,-157.00567_21.16376,51.538192749
164,-157.00578_21.16396,50.6015357971
165,-157.00556_21.16401,51.538192749
166,-157.00538_21.16370,51.538192749
167,-157.00522_21.16378,51.538192749
168,-157.00540_21.16409,51.538192749
169,-157.00491_21.16393,51.538192749
170,-157.00509_21.16424,51.538192749
171,-157.00481_21.16418,51.538192749
172,-157.00414_21.16427,51.2287101746
173,-157.00435_21.16454,51.2287101746
174,-157.00459_21.16481,51.2287101746
175,-157.00489_21.16479,51.2287101746
176,-157.00547_21.16464,51.2287101746
177,-157.00592_21.16462,50.3729438782
178,-157.00575_21.16438,50.3729438782
179,-157.00603_21.16426,50.3729438782
180,-157.00616_21.16454,50.3729438782
181,-157.00505_21.16292,51.538192749
182,-157.05414_21.17199,34.9501228333
183,-157.06280_21.16713,32.0034637451
184,-157.06308_21.16722,32.0034637451
185,-157.06338_21.16727,32.0034637451
186,-157.06367_21.16735,32.0034637451
187,-157.05438_21.17224,34.9501228333
188,-157.05462_21.17249,34.9501228333
189,-157.05489_21.17273,34.9501228333
190,-157.05513_21.17299,34.9501228333
191,-157.07721_21.18321,29.2989521027
192,-157.07877_21.18354,28.780895233200003
193,-157.07478_21.17968,29.919389724699997
194,-157.06762_21.17599,31.6562614441
195,-157.07008_21.17262,30.7964553833
196,-157.07129_21.17273,30.1695518494
197,-157.07016_21.17654,31.057228088400002
198,-157.07045_21.17660,31.057228088400002
199,-157.07074_21.17666,31.057228088400002
200,-157.07104_21.17672,30.451793670700003
201,-157.07133_21.17679,30.451793670700003
202,-157.08469_21.16657,25.983709335300002
203,-157.08606_21.16793,25.983709335300002
204,-157.08786_21.16719,25.4776916504
205,-157.08844_21.17135,26.062076568600002
206,-157.09097_21.16782,25.030513763400002
207,-157.09252_21.16821,24.6049804688
208,-157.09504_21.16464,23.992214202899998
209,-157.07518_21.16508,28.3600444794
210,-157.00588_21.16273,50.6015357971
211,-157.00612_21.16270,50.6015357971
212,-157.00625_21.16290,50.6015357971
213,-157.06633_21.18101,32.134037017800004
214,-157.06786_21.18123,31.5664291382
215,-157.06942_21.18156,31.004196166999996
216,-157.07098_21.18190,31.004196166999996
217,-157.07255_21.18223,30.4408683777
218,-157.07566_21.18292,29.2989521027
219,-157.09732_21.16916,24.1857585907
220,-157.09888_21.16950,23.894973754899997
221,-157.08724_21.16317,24.7210407257
222,-157.08664_21.17198,26.5980415344
223,-157.08726_21.17619,26.455171585100004
224,-157.00011_21.16149,53.475898742700004
225,-157.00730_21.16189,50.469299316400004
226,-157.00744_21.16210,50.6015357971
227,-157.00755_21.16234,50.6015357971
228,-157.00739_21.16247,50.6015357971
229,-157.00715_21.16255,50.6015357971
230,-157.08975_21.17270,25.5762577057
231,-157.09102_21.17271,25.5762577057
232,-157.09193_21.17720,25.4977340698
233,-157.09363_21.17756,25.093208313
234,-157.09675_21.17823,24.914838790900003
235,-157.09919_21.17482,24.2145767212
236,-157.09778_21.18070,25.059108734099997
237,-157.10038_21.17677,24.0803222656
238,-157.10051_21.18298,24.5387630463
239,-157.10779_21.18060,23.5158882141
240,-157.10935_21.18094,23.2903652191
241,-157.11091_21.18127,23.2903652191
242,-157.10076_21.16599,23.2871379852
243,-157.10105_21.16606,23.2871379852
244,-157.10134_21.16612,23.2871379852
245,-157.10163_21.16618,23.2871379852
246,-157.10192_21.16624,23.2871379852
247,-157.10011_21.17367,24.2145767212
248,-157.09982_21.17361,24.2145767212
249,-157.09953_21.17355,24.2145767212
250,-157.09895_21.17342,24.2145767212
251,-157.10407_21.16835,23.2538375854
252,-157.10525_21.17087,23.1783485413
253,-157.10681_21.17120,23.2695541382
254,-157.10837_21.17153,23.044055938699998
255,-157.10992_21.17187,22.8579959869
256,-157.11139_21.17218,22.8579959869
257,-157.11328_21.17635,22.8268013
258,-157.11397_21.17349,22.5553817749
259,-157.00697_21.16247,50.6015357971
260,-157.08974_21.18197,26.267026901199998
261,-157.08573_21.18110,27.2148094177
262,-157.08944_21.18190,26.267026901199998
263,-157.08603_21.18117,27.2148094177
264,-157.08633_21.18123,27.2148094177
265,-157.08662_21.18131,27.2148094177
266,-157.08914_21.18184,26.267026901199998
267,-157.08884_21.18177,26.7279777527
268,-157.08854_21.18171,26.7279777527
269,-157.05218_21.16225,33.6485824585
270,-157.05414_21.16241,33.0873451233
271,-157.05584_21.16296,32.509929657
272,-157.05893_21.16416,31.9437255859
273,-157.06051_21.16435,32.0564727783
274,-157.04439_21.16764,36.5597076416
275,-157.04822_21.16631,35.5788421631
276,-157.04833_21.16978,36.307674408000004
277,-157.04908_21.17296,35.9646835327
278,-157.05332_21.17131,34.9501228333
279,-157.05252_21.17614,35.4856987
280,-157.05238_21.17824,35.3802070618
281,-157.05504_21.17902,34.9356956482
282,-157.05141_21.16901,35.2718582153
283,-157.04883_21.17107,35.9646835327
284,-157.05693_21.16391,32.509929657
285,-157.06987_21.15940,27.674287795999998
286,-157.06251_21.16710,32.0034637451
287,-157.05337_21.13140,21.939025878899997
288,-157.05361_21.12899,21.296037674
289,-157.01722_21.15426,42.942111969
290,-157.01594_21.15427,44.116828918500005
291,-157.01490_21.15391,44.116828918500005
292,-157.01373_21.15409,45.2984809875
293,-157.03017_21.17766,40.180717468299996
294,-157.01318_21.14995,43.1623497009
295,-157.01803_21.16028,45.188598632799994
296,-157.01516_21.15509,44.116828918500005
297,-157.01420_21.15524,45.2984809875
298,-157.01370_21.15546,46.096370697
299,-157.01332_21.15578,46.096370697
300,-157.02095_21.16035,44.0772476196
301,-157.01953_21.16052,44.0772476196
302,-157.01181_21.16460,48.6191635132
303,-157.05674_21.16611,33.2537002563
304,-157.00672_21.16418,50.6015357971
305,-157.00980_21.15840,49.085258483900006
306,-157.05498_21.16531,33.8548660278
307,-157.05597_21.16574,33.2537002563
308,-157.05613_21.16715,33.8104171753
309,-157.05181_21.16436,34.4258842468
310,-157.05167_21.16492,34.4258842468
311,-157.05153_21.16549,34.4258842468
312,-157.05146_21.16577,34.4258842468
313,-157.05123_21.16661,34.9342727661
314,-157.05105_21.16696,34.9342727661
315,-157.05113_21.16732,34.9342727661
316,-157.05592_21.16802,33.8104171753
317,-157.05570_21.16889,34.1851921082
318,-157.05542_21.16998,34.1851921082
319,-157.05568_21.17138,34.4008865356
320,-157.05483_21.17087,34.7500648499
321,-157.05309_21.16934,34.7500648499
322,-157.05360_21.16853,34.3935928345
323,-157.05397_21.16705,34.3935928345
324,-157.05416_21.16629,33.8548660278
325,-157.05784_21.16642,32.6648864746
326,-157.05865_21.16660,33.2286529541
327,-157.05943_21.16680,33.2286529541
328,-157.06032_21.16647,32.0564727783
329,-157.05942_21.16846,33.2286529541
330,-157.05914_21.16957,33.617900848400005
331,-157.05879_21.17096,33.617900848400005
332,-157.05852_21.17208,33.8474578857
333,-157.05856_21.17350,33.9708175659
334,-157.05781_21.17332,33.9708175659
335,-157.05716_21.17278,34.4008865356
336,-157.05642_21.17236,34.4008865356
337,-157.05710_21.17112,34.4008865356
338,-157.05761_21.16909,33.617900848400005
339,-157.05787_21.16805,33.2286529541
340,-157.06102_21.16725,32.6166954041
341,-157.06179_21.16743,32.6166954041
342,-157.06107_21.16868,32.6166954041
343,-157.06020_21.17020,33.0143508911
344,-157.06047_21.17111,33.2564277649
345,-157.06021_21.17219,33.2564277649
346,-157.06020_21.17387,33.3945426941
347,-157.05941_21.17370,33.9708175659
348,-157.05893_21.17041,33.617900848400005
349,-157.05865_21.17153,33.8474578857
350,-157.05178_21.16832,34.9342727661
351,-157.06094_21.16922,33.0143508911
352,-157.06006_21.16748,32.6166954041
353,-157.05726_21.16548,33.2537002563
354,-157.05711_21.16607,33.2537002563
355,-157.05696_21.17007,34.1851921082
356,-157.00466_21.16135,51.495208740200006
357,-157.00495_21.16122,51.495208740200006
358,-157.00549_21.16100,51.495208740200006
359,-157.00921_21.16030,49.434230804399995
360,-157.00850_21.16071,49.434230804399995
361,-157.00737_21.16095,50.469299316400004
362,-157.00787_21.16023,50.469299316400004
363,-157.00732_21.16045,50.469299316400004
364,-157.00521_21.16160,51.495208740200006
365,-157.00672_21.16086,50.469299316400004
366,-157.00763_21.16033,50.469299316400004
367,-157.00662_21.16062,50.469299316400004
368,-157.04886_21.16546,35.012592315700005
369,-157.04944_21.16545,35.012592315700005
370,-157.05002_21.16673,35.4837036133
371,-157.04994_21.16620,35.012592315700005
372,-157.04985_21.16603,35.012592315700005
373,-157.05041_21.16600,35.012592315700005
374,-157.05066_21.16597,35.012592315700005
375,-157.05083_21.16626,34.4258842468
376,-157.05051_21.16631,35.012592315700005
377,-157.05055_21.16658,35.4837036133
378,-157.05070_21.16699,35.4837036133
379,-157.05049_21.16691,35.4837036133
380,-157.05096_21.16554,34.4258842468
381,-157.05310_21.16421,33.0873451233
382,-157.05294_21.16487,34.4258842468
383,-157.05286_21.16519,34.4258842468
384,-157.05277_21.16551,34.4258842468
385,-157.05253_21.16648,34.4258842468
386,-157.05244_21.16681,34.9342727661
387,-157.05233_21.16722,34.9342727661
388,-157.05211_21.16806,34.9342727661
389,-157.05260_21.16408,33.6485824585
390,-157.05251_21.16443,34.4258842468
391,-157.05243_21.16475,34.4258842468
392,-157.05234_21.16507,34.4258842468
393,-157.05226_21.16540,34.4258842468
394,-157.05218_21.16572,34.4258842468
395,-157.05210_21.16604,34.4258842468
396,-157.05201_21.16637,34.4258842468
397,-157.05193_21.16669,34.9342727661
398,-157.05191_21.16708,34.9342727661
399,-157.05165_21.16730,34.9342727661
400,-156.75043_21.13161,67.8347854614
401,-156.74406_21.14693,52.9059257507
402,-157.02108_21.15203,40.6674499512
403,-157.06475_21.15857,28.723136901900002
404,-157.05774_21.17020,33.617900848400005
405,-157.07494_21.17926,29.919389724699997
406,-157.07508_21.17866,29.919389724699997
407,-157.09508_21.17833,25.273477554299998
408,-157.09613_21.17405,24.545858383200002
409,-157.10656_21.15182,21.6298675537
410,-157.11225_21.16589,22.4899482727
411,-156.73776_21.14266,47.401260376
412,-156.74678_21.15476,54.2007865906
413,-157.11558_21.16664,22.4670066833
414,-157.08272_21.15407,23.8680038452
415,-157.08008_21.15401,24.239906311
416,-157.08029_21.15301,24.239906311
417,-157.04975_21.16044,33.369430542
418,-157.09653_21.16566,23.733785629299998
419,-157.08320_21.17928,27.6459999084
420,-157.09952_21.18213,24.7152271271
421,-157.25215_21.17288,16.7469425201
422,-157.27062_21.15325,15.5386257172
423,-157.26650_21.15993,15.7495918274
424,-157.10448_21.16571,23.090475082399998
425,-157.07154_21.14981,24.6104412079
426,-157.07433_21.15027,24.2048492432
427,-157.06363_21.16454,31.4507369995
428,-157.07470_21.17363,29.7275390625
429,-157.07627_21.17397,29.1129512787
430,-157.07793_21.17374,28.502967834499998
431,-157.08089_21.17490,27.9177627563
432,-157.08236_21.17534,27.3436660767
433,-157.07583_21.16877,28.6422138214
434,-157.08308_21.16622,26.0856018066
435,-157.09546_21.14667,21.157686233499998
436,-157.09565_21.15778,23.1231460571
437,-157.06316_21.18022,32.7123565674
438,-157.06646_21.16647,30.830471038800003
439,-157.06111_21.17479,33.3945426941
440,-157.04318_21.16448,36.7549209595
441,-157.06270_21.16713,32.0034637451
442,-157.06998_21.17262,30.7964553833
443,-157.08596_21.16793,25.983709335300002
444,-157.07508_21.16508,28.3600444794
445,-157.07088_21.18190,31.004196166999996
446,-157.09722_21.16916,24.1857585907
447,-157.08716_21.17619,26.455171585100004
448,-157.11081_21.18127,23.2903652191
449,-157.05404_21.16241,33.0873451233
450,-157.06041_21.16435,32.0564727783
451,-157.05322_21.17131,34.9501228333
452,-157.03007_21.17766,40.180717468299996
453,-157.01308_21.14995,43.1623497009
454,-157.01322_21.15578,46.096370697
455,-157.02085_21.16035,44.0772476196
456,-157.05473_21.17087,34.7500648499
457,-157.05387_21.16705,34.3935928345
458,-157.05855_21.16660,33.2286529541
459,-157.05932_21.16846,33.2286529541
460,-157.00456_21.16135,51.495208740200006
461,-157.00662_21.16086,50.469299316400004
462,-157.05764_21.17020,33.617900848400005
463,-157.11215_21.16589,22.4899482727
464,-157.00425_21.16454,51.2287101746
465,-157.00445_21.16454,51.2287101746
466,-157.10515_21.17087,23.1783485413
467,-157.10535_21.17087,23.1783485413
468,-157.11129_21.17218,22.8579959869
469,-157.11149_21.17218,22.8579959869
470,-156.73766_21.14266,47.401260376
471,-156.73786_21.14266,47.401260376
472,-156.73776_21.14276,47.401260376
473,-157.01793_21.16028,45.188598632799994
474,-157.01813_21.16028,45.188598632799994
475,-157.01803_21.16038,45.188598632799994
476,-157.01803_21.16018,45.188598632799994
477,-157.01793_21.16038,45.188598632799994
478,-157.01793_21.16018,45.188598632799994
479,-157.01813_21.16038,45.188598632799994
480,-157.01813_21.16018,45.188598632799994
481,-157.00953_21.15913,49.085258483900006
482,-157.00970_21.15900,49.085258483900006
483,-157.00983_21.15883,49.085258483900006
484,-157.00994_21.15866,49.085258483900006
485,-157.01014_21.15851,49.085258483900006
486,-157.01039_21.15823,47.945598602299995
487,-157.01023_21.15818,49.085258483900006
488,-157.01002_21.15810,49.085258483900006
489,-157.00982_21.15803,49.085258483900006
490,-157.00961_21.15795,49.085258483900006
491,-157.00961_21.15847,49.085258483900006
492,-157.00950_21.15865,49.085258483900006
493,-157.24228_21.18518,18.3052692413
494,-157.24245_21.18519,18.3052692413
495,-157.24257_21.18534,18.3052692413
496,-157.24270_21.18541,18.3052692413
497,-157.24288_21.18546,18.3052692413
498,-157.24307_21.18549,18.3052692413
499,-157.24339_21.18526,18.3052692413
500,-157.24357_21.18539,18.3052692413
501,-157.24373_21.18540,18.3052692413
502,-157.24402_21.18545,18.3052692413
503,-157.24401_21.18582,18.3052692413
504,-157.24415_21.18595,18.3052692413
505,-157.24428_21.18603,18.1870479584
506,-157.24314_21.18592,18.3052692413
507,-157.24331_21.18597,18.3052692413
508,-157.24354_21.18602,18.3052692413
509,-157.24360_21.18615,18.3052692413
510,-157.24353_21.18636,18.3052692413
511,-157.24345_21.18658,18.3052692413
512,-157.24331_21.18661,18.3052692413
513,-157.24323_21.18671,18.3052692413
514,-157.24376_21.18721,18.4998970032
515,-157.24390_21.18736,18.4998970032
516,-157.24406_21.18732,18.4998970032
517,-157.24419_21.18728,18.4998970032
518,-157.24411_21.18683,18.4998970032
519,-157.24402_21.18668,18.3052692413
520,-157.24393_21.18657,18.3052692413
521,-157.24441_21.18725,18.3985519409
522,-157.24457_21.18727,18.3985519409
523,-157.24488_21.18542,18.1870479584
524,-157.24528_21.18555,18.1870479584
525,-157.24556_21.18543,18.1870479584
526,-157.24583_21.18529,18.1870479584
527,-157.24604_21.18507,18.1870479584
528,-157.24606_21.18551,18.1870479584
529,-157.24618_21.18589,18.1870479584
530,-157.24620_21.18605,18.1870479584
531,-157.24640_21.18651,18.1870479584
532,-157.24568_21.18646,18.1870479584
533,-157.24540_21.18644,18.1870479584
534,-157.24518_21.18612,18.1870479584
535,-157.24513_21.18581,18.1870479584
536,-157.24551_21.18667,18.1870479584
537,-157.24543_21.18694,18.3985519409
538,-157.24563_21.18727,18.3985519409
539,-157.24588_21.18741,18.3985519409
540,-157.24618_21.18743,18.3985519409
541,-157.24656_21.18743,18.3104133606
542,-157.24670_21.18678,18.3104133606
543,-157.24720_21.18703,18.3104133606
544,-157.24745_21.18729,18.3104133606
545,-157.24761_21.18750,18.3104133606
546,-157.24700_21.18833,18.3104133606
547,-157.24668_21.18827,18.3104133606
548,-157.24640_21.18819,18.3985519409
549,-157.24608_21.18819,18.3985519409
550,-157.24574_21.18831,18.3985519409
551,-157.24573_21.18863,18.3985519409
552,-157.24586_21.18897,18.3985519409
553,-157.24624_21.18894,18.3985519409
554,-157.24647_21.18889,18.3985519409
555,-157.24497_21.19040,18.6065254211
556,-157.24511_21.19016,18.6065254211
557,-157.24527_21.18996,18.6065254211
558,-157.24557_21.19001,18.6065254211
559,-157.24604_21.18990,18.6065254211
560,-157.24574_21.19052,18.6065254211
561,-157.24564_21.19118,18.6065254211
562,-157.24606_21.19119,18.6065254211
563,-157.24666_21.19105,18.5333003998
564,-157.24700_21.19098,18.5333003998
565,-157.24714_21.19077,18.5333003998
566,-157.24704_21.19050,18.5333003998
567,-157.24672_21.19041,18.5333003998
568,-157.24683_21.19016,18.5333003998
569,-156.98750_21.07828,12.8340110779
570,-156.98726_21.07819,12.8340110779
571,-156.98642_21.07789,12.8340110779
572,-156.98697_21.07781,12.8340110779
573,-156.98728_21.07744,12.8340110779
574,-156.98824_21.07720,12.6287374496
575,-156.98806_21.07713,12.6287374496
576,-156.98814_21.07745,12.6287374496
577,-156.98796_21.07792,12.6287374496
578,-156.98781_21.07782,12.6287374496
579,-157.00002_21.08562,14.3940458298
580,-157.00017_21.08539,13.6137170792
581,-157.00031_21.08518,13.6137170792
582,-157.00043_21.08498,13.6137170792
583,-157.00078_21.08444,13.6137170792
584,-157.00089_21.08427,13.6137170792
585,-156.99628_21.08483,14.1346502304
586,-156.99612_21.08507,14.1346502304
587,-156.99580_21.08554,14.985793113699998
588,-156.99588_21.08630,14.985793113699998
589,-156.98738_21.07707,12.8340110779
590,-156.98773_21.07739,12.8340110779
591,-156.98855_21.07734,12.6287374496
592,-156.98868_21.07753,12.6287374496
593,-156.98881_21.07786,12.6287374496
594,-156.98901_21.07795,12.6287374496
595,-156.98876_21.07856,12.6287374496
596,-156.98854_21.07856,12.6287374496
597,-156.99727_21.08526,13.8684339523
598,-156.99738_21.08476,13.8684339523
599,-156.99775_21.08421,13.8684339523
600,-156.99801_21.08400,13.8684339523
601,-156.99819_21.08371,13.8684339523
602,-156.95489_21.06662,12.3534832001
603,-156.95508_21.06664,12.3534832001
604,-156.95531_21.06666,12.3534832001
605,-156.95592_21.06668,12.3534832001
606,-156.95629_21.06669,12.2783727646
607,-156.95462_21.06733,12.3534832001
608,-156.95265_21.06691,12.2914113998
609,-156.95364_21.06646,12.2914113998
610,-156.86999_21.05081,12.1125545502
611,-156.87096_21.05074,11.8530483246
612,-157.00100_21.08410,13.6137170792
613,-157.00110_21.08394,13.6137170792
614,-157.00130_21.08364,13.3938789368
615,-157.00150_21.08333,13.3938789368
616,-157.00160_21.08317,12.7110347748
617,-157.00170_21.08302,12.7110347748
618,-157.00180_21.08287,12.7110347748
619,-157.00210_21.08241,12.7110347748
620,-157.00220_21.08225,12.7110347748
621,-157.00227_21.08189,12.7110347748
622,-157.00318_21.08174,12.7110347748
623,-157.00341_21.08185,12.7110347748
624,-157.00309_21.08224,12.7110347748
625,-156.95257_21.06707,12.2914113998
626,-156.95249_21.06722,12.2914113998
627,-156.95242_21.06738,12.2914113998
628,-156.95232_21.06753,13.1693229675
629,-156.95223_21.06776,13.1693229675
630,-156.95193_21.06780,13.1693229675
631,-156.95166_21.06782,13.4337396622
632,-156.95161_21.06765,13.4337396622
633,-156.95186_21.06738,12.2914113998
634,-156.95204_21.06722,12.2914113998
635,-156.95180_21.06721,12.2914113998
636,-156.95155_21.06727,12.512612342799999
637,-156.95156_21.06707,12.512612342799999
638,-156.95165_21.06681,12.512612342799999
639,-156.95186_21.06677,12.2914113998
640,-156.95207_21.06684,12.2914113998
641,-156.95225_21.06609,12.2914113998
642,-156.95207_21.06601,12.2914113998
643,-156.95362_21.06737,12.2914113998
644,-156.94586_21.07134,14.0897502899
645,-156.93975_21.07173,13.482583045999998
646,-156.76197_21.09679,71.2890167236
647,-156.76287_21.09747,72.75997924799998
648,-156.76363_21.09848,72.75997924799998
649,-156.97902_21.07264,12.159793853800002
650,-156.97856_21.07244,12.3634471893
651,-156.97779_21.07208,12.3634471893
652,-156.97743_21.07189,11.702579498299999
653,-156.98923_21.07688,12.6287374496
654,-156.98888_21.07686,12.6287374496
655,-156.99814_21.08295,13.1259851456
656,-157.03023_21.09296,13.725407600399999
657,-157.03305_21.09458,13.8520803452
658,-157.03387_21.09496,13.8520803452
659,-157.03453_21.09521,13.8520803452
660,-157.02861_21.09604,14.2348899841
661,-157.03177_21.09674,14.0408821106
662,-157.03387_21.09658,13.8520803452
663,-157.04190_21.09985,14.1728401184
664,-157.04395_21.10145,14.709442138699998
665,-157.04702_21.10328,14.429962158199999
666,-157.04836_21.10315,14.429962158199999
667,-157.04870_21.10500,14.798849105799999
668,-157.04969_21.10587,15.3659057617
669,-157.04145_21.10320,14.8800563812
670,-157.04297_21.10333,14.709442138699998
671,-157.04397_21.10364,15.270362854000002
672,-157.04511_21.10404,15.0911769867
673,-157.04587_21.10469,15.0911769867
674,-157.04715_21.10509,14.9377536774
675,-156.99801_21.08314,13.1259851456
676,-156.99752_21.08390,13.8684339523
677,-156.99739_21.08409,13.8684339523
678,-156.99713_21.08446,13.8684339523
679,-156.99701_21.08465,13.8684339523
680,-156.99687_21.08485,13.8684339523
681,-156.99658_21.08527,14.1346502304
682,-156.99621_21.08582,14.985793113699998
683,-156.99862_21.08139,13.1259851456
684,-156.99822_21.08195,13.1259851456
685,-156.99810_21.08214,13.1259851456
686,-156.99797_21.08233,13.1259851456
687,-156.99784_21.08252,13.1259851456
688,-156.99772_21.08271,13.1259851456
689,-156.99747_21.08308,13.1259851456
690,-156.99735_21.08327,13.8684339523
691,-156.99704_21.08340,13.8684339523
692,-156.99692_21.08357,13.8684339523
693,-156.99669_21.08381,14.1346502304
694,-156.99684_21.08402,13.8684339523
695,-156.99671_21.08420,14.1346502304
696,-156.99658_21.08439,14.1346502304
697,-156.98834_21.07849,12.6287374496
698,-156.98783_21.07813,12.6287374496
699,-156.98773_21.07839,12.8340110779
700,-156.98755_21.07805,12.8340110779
701,-156.98738_21.07798,12.8340110779
702,-156.98685_21.07802,12.8340110779
703,-156.98655_21.07763,12.8340110779
704,-156.98645_21.07850,12.8340110779
705,-156.98667_21.07856,12.8340110779
706,-156.98688_21.07864,12.8340110779
707,-156.98735_21.07867,12.8340110779
708,-156.85161_21.05797,20.5248718262
709,-156.87697_21.04899,12.0484285355
710,-156.87755_21.04803,12.1611213684
711,-156.87726_21.04898,12.0484285355
712,-156.76117_21.09520,70.1918106079
713,-156.76187_21.09609,70.1918106079
714,-156.76199_21.09639,70.1918106079
715,-156.98789_21.07911,13.3144435883
716,-156.98706_21.07882,13.5503692627
717,-157.00248_21.08288,12.7110347748
718,-157.00237_21.08303,12.7110347748
719,-157.00226_21.08318,12.7110347748
720,-157.00215_21.08333,13.3938789368
721,-157.00204_21.08347,13.3938789368
722,-157.00193_21.08362,13.3938789368
723,-157.00161_21.08407,13.3938789368
724,-157.00138_21.08437,13.3938789368
725,-157.00115_21.08468,13.6137170792
726,-157.00103_21.08485,13.6137170792
727,-157.00090_21.08503,13.6137170792
728,-157.00076_21.08522,13.6137170792
729,-157.00061_21.08541,13.6137170792
730,-157.00046_21.08562,14.3940458298
731,-157.00030_21.08585,14.3940458298
732,-157.00013_21.08608,14.3940458298
733,-156.95339_21.06640,12.2914113998
734,-156.95436_21.06659,12.3534832001
735,-156.95454_21.06661,12.3534832001
736,-156.95471_21.06662,12.3534832001
737,-156.79584_21.07375,56.792846679700006
738,-156.76241_21.09543,70.1918106079
739,-156.77030_21.09000,72.97943115229998
740,-156.77278_21.08783,72.0359344482
741,-156.77363_21.08723,70.0537033081
742,-156.77535_21.08943,73.5988845825
743,-156.77466_21.08658,71.585647583
744,-156.79158_21.07644,61.134815216099994
745,-156.79130_21.07665,65.4704971313
746,-156.78955_21.07762,64.8368835449
747,-156.78581_21.08057,68.076499939
748,-156.79344_21.07649,61.293056488000005
749,-156.97155_21.07065,12.2244243622
750,-156.96346_21.06887,12.0831756592
751,-156.96478_21.06915,12.0831756592
752,-156.96024_21.06768,12.456663131700001
753,-156.75801_21.10079,69.1666030884
754,-156.75281_21.10168,67.3574066162
755,-156.75338_21.10124,66.2671737671
756,-156.98841_21.07668,12.6287374496
757,-156.98821_21.07658,12.6287374496
758,-156.98719_21.07612,12.1730804443
759,-156.98801_21.07649,12.0403718948
760,-156.97832_21.07236,12.3634471893
761,-156.97811_21.07225,12.3634471893
762,-156.98953_21.07709,12.6287374496
763,-156.98861_21.07676,12.6287374496
764,-156.98921_21.07709,12.6287374496
765,-156.98747_21.07630,12.1730804443
766,-156.98760_21.07619,12.1730804443
767,-156.98250_21.07395,11.9963922501
768,-156.98223_21.07383,11.9963922501
769,-156.98197_21.07368,11.9963922501
770,-156.98025_21.07313,12.159793853800002
771,-156.97987_21.07299,12.159793853800002
772,-157.01101_21.08273,12.1122522354
773,-157.01126_21.08286,12.1122522354
774,-157.01151_21.08300,12.1122522354
775,-157.01206_21.08326,12.636793136600001
776,-157.01233_21.08334,12.636793136600001
777,-157.01263_21.08345,12.490154266400001
778,-157.01290_21.08353,12.490154266400001
779,-157.01242_21.08416,12.636793136600001
780,-157.01203_21.08385,12.636793136600001
781,-157.01178_21.08374,12.636793136600001
782,-157.01152_21.08362,12.636793136600001
783,-157.01126_21.08350,12.636793136600001
784,-157.01074_21.08326,12.636793136600001
785,-157.01049_21.08375,12.636793136600001
786,-157.01075_21.08388,12.636793136600001
787,-157.01101_21.08400,12.636793136600001
788,-157.01126_21.08412,12.636793136600001
789,-157.01152_21.08424,12.636793136600001
790,-157.01177_21.08436,12.636793136600001
791,-157.01230_21.08440,12.636793136600001
792,-157.01216_21.08467,12.636793136600001
793,-157.00911_21.08191,12.179457664500001
794,-157.00945_21.08203,12.179457664500001
795,-157.00970_21.08213,12.179457664500001
796,-157.00996_21.08225,12.179457664500001
797,-157.01021_21.08236,12.179457664500001
798,-157.01049_21.08251,12.1122522354
799,-157.01075_21.08262,12.1122522354
800,-157.01048_21.08314,12.1122522354
801,-157.01022_21.08302,12.179457664500001
802,-157.00996_21.08290,12.179457664500001
803,-157.00970_21.08278,12.179457664500001
804,-157.00945_21.08266,12.179457664500001
805,-157.00919_21.08255,12.179457664500001
806,-157.00883_21.08237,12.179457664500001
807,-157.00856_21.08282,12.179457664500001
808,-157.00895_21.08300,12.179457664500001
809,-157.00921_21.08313,12.179457664500001
810,-157.00946_21.08325,12.8052711487
811,-157.00971_21.08337,12.8052711487
812,-157.00997_21.08350,12.8052711487
813,-157.01022_21.08362,12.8052711487
814,-156.99849_21.08352,13.8684339523
815,-156.99829_21.08336,13.8684339523
816,-156.99868_21.08323,13.1259851456
817,-156.99886_21.08296,13.1259851456
818,-156.79552_21.07381,56.792846679700006
819,-156.79419_21.07601,61.293056488000005
820,-156.79606_21.07158,52.0049972534
821,-156.80277_21.07127,50.2692756653
822,-156.79589_21.07464,61.5653877258
823,-156.79631_21.07147,52.0049972534
824,-156.80188_21.07240,56.124713897700005
825,-156.79894_21.07317,56.1853523254
826,-156.79790_21.07365,56.493171691899995
827,-156.79687_21.07364,56.493171691899995
828,-156.80129_21.07051,50.2692756653
829,-156.80416_21.06856,44.3841133118
830,-156.81570_21.06772,49.9962997437
831,-156.81191_21.06909,48.492656707799995
832,-156.80615_21.07114,51.2129211426
833,-156.81677_21.06774,51.0624771118
834,-156.81913_21.06789,51.1671180725
835,-156.82418_21.06447,41.2015724182
836,-156.95460_21.07414,14.8277826309
837,-156.95216_21.07581,16.2799129486
838,-156.97114_21.07420,12.9894857407
839,-156.97017_21.07985,15.738373756400001
840,-157.04770_21.10623,15.529354095499999
841,-157.02962_21.09637,14.2348899841
842,-157.04635_21.10278,14.429962158199999
843,-157.04608_21.10267,14.5582008362
844,-157.04583_21.10256,14.5582008362
845,-157.04557_21.10244,14.5582008362
846,-157.04597_21.10339,14.5582008362
847,-157.04570_21.10329,14.5582008362
848,-157.04545_21.10318,14.5582008362
849,-157.04518_21.10306,14.5582008362
850,-157.04488_21.10293,14.5582008362
851,-157.04464_21.10283,14.5582008362
852,-157.04413_21.10261,14.5582008362
853,-157.04383_21.10248,14.709442138699998
854,-157.04358_21.10238,14.709442138699998
855,-157.04332_21.10227,14.709442138699998
856,-157.04308_21.10216,14.709442138699998
857,-157.03017_21.09661,14.2348899841
858,-157.02930_21.09873,14.834805488599999
859,-157.04001_21.10254,14.8800563812
860,-157.04677_21.10579,15.529354095499999
861,-157.04750_21.10254,14.429962158199999
862,-157.04660_21.10606,15.529354095499999
863,-157.04645_21.10637,15.529354095499999
864,-157.04719_21.10118,13.9460678101
865,-157.04016_21.09616,13.404586792
866,-157.03982_21.09696,13.852948188800001
867,-157.04010_21.09697,13.852948188800001
868,-157.04035_21.09707,13.852948188800001
869,-157.04063_21.09715,13.852948188800001
870,-157.04093_21.09725,13.852948188800001
871,-157.04188_21.09765,13.7348384857
872,-157.04052_21.09612,13.404586792
873,-157.03809_21.09753,14.005209922799999
874,-157.03582_21.10003,14.719347000099999
875,-157.03526_21.09955,14.719347000099999
876,-157.00020_21.08451,13.6137170792
877,-156.99968_21.08148,12.904145240799998
878,-156.99986_21.08156,12.904145240799998
879,-157.00027_21.08333,13.6137170792
880,-156.99951_21.08204,12.904145240799998
881,-157.00076_21.08209,12.904145240799998
882,-156.99868_21.08279,13.1259851456
883,-156.99990_21.08364,13.6137170792
884,-156.99902_21.08221,12.904145240799998
885,-156.99990_21.08390,13.6137170792
886,-156.99847_21.08307,13.1259851456
887,-157.00151_21.08258,12.7110347748
888,-157.00160_21.08241,12.7110347748
889,-157.00140_21.08227,12.7110347748
890,-157.00167_21.08206,12.7110347748
891,-157.00152_21.08197,12.7110347748
892,-157.00115_21.08197,12.904145240799998
893,-157.05291_21.11069,16.4267520905
894,-157.05153_21.10787,15.2342023849
895,-157.08379_21.10696,15.006002426099998
896,-156.94407_21.06611,12.5583906174
897,-156.95134_21.06563,12.512612342799999
898,-156.95038_21.06695,12.512612342799999
899,-156.94530_21.06399,12.54920578
900,-156.99674_21.07877,12.646800041199999
901,-157.03532_21.10127,15.337871551500001
902,-157.03601_21.09966,14.719347000099999
903,-156.96368_21.06961,12.0831756592
904,-156.99968_21.08112,12.904145240799998
905,-156.99468_21.07822,12.045136451700001
906,-156.99405_21.07814,12.2350921631
907,-157.00708_21.08155,12.3473510742
908,-156.95895_21.06726,12.1432151794
909,-156.95723_21.06685,12.2783727646
910,-156.95702_21.06678,12.2783727646
911,-156.98756_21.07875,13.5503692627
912,-156.98771_21.07889,13.5503692627
913,-156.98794_21.07889,13.3144435883
914,-156.98846_21.07757,12.6287374496
915,-156.98828_21.07804,12.6287374496
916,-156.99793_21.08438,13.8684339523
917,-156.99855_21.08422,13.8684339523
918,-156.99853_21.08458,13.8684339523
919,-156.99834_21.08485,13.8684339523
920,-156.99826_21.08511,13.8684339523
921,-156.99801_21.08552,14.683067321800001
922,-156.99785_21.08578,14.683067321800001
923,-156.99775_21.08614,14.683067321800001
924,-156.99907_21.08500,13.6137170792
925,-156.99951_21.08459,13.6137170792
926,-157.00003_21.08480,13.6137170792
927,-156.99969_21.08538,13.6137170792
928,-156.99951_21.08567,14.3940458298
929,-156.99934_21.08596,14.3940458298
930,-156.99851_21.08685,14.683067321800001
931,-156.99782_21.08665,14.683067321800001
932,-156.99748_21.08656,14.683067321800001
933,-156.99721_21.08635,14.683067321800001
934,-156.99709_21.08656,14.683067321800001
935,-156.99679_21.08649,14.683067321800001
936,-156.99758_21.08496,13.8684339523
937,-156.99818_21.08530,13.8684339523
938,-156.99871_21.08399,13.8684339523
939,-156.99780_21.08596,14.683067321800001
940,-156.99825_21.08559,14.683067321800001
941,-156.99853_21.08568,14.683067321800001
942,-156.99776_21.08467,13.8684339523
943,-157.00132_21.08101,12.7110347748
944,-157.00118_21.08098,12.2633047104
945,-157.00106_21.08086,12.2633047104
946,-157.00021_21.08062,12.2633047104
947,-157.00220_21.08164,12.7110347748
948,-157.00170_21.08168,12.7110347748
949,-157.00141_21.08157,12.7110347748
950,-157.00127_21.08158,12.7110347748
951,-157.00098_21.08151,12.904145240799998
952,-157.00083_21.08148,12.904145240799998
953,-157.00069_21.08144,12.904145240799998
954,-157.00044_21.08139,12.904145240799998
955,-157.00003_21.08123,12.904145240799998
956,-156.96307_21.06845,12.0831756592
957,-156.96425_21.06893,12.0831756592
958,-156.96581_21.06936,11.904866218599999
959,-156.96632_21.06943,11.904866218599999
960,-156.96717_21.06980,12.601985931400002
961,-156.96738_21.06987,12.601985931400002
962,-156.96759_21.06996,12.411711692799999
963,-156.96784_21.07005,12.411711692799999
964,-156.96974_21.07047,12.411711692799999
965,-156.96997_21.07051,12.2244243622
966,-156.97043_21.07056,12.2244243622
967,-156.97063_21.07059,12.2244243622
968,-156.97106_21.07062,12.2244243622
969,-156.99962_21.08011,12.2633047104
970,-156.99918_21.08005,12.2633047104
971,-156.99904_21.08021,12.2633047104
972,-156.99843_21.07981,12.451349258399999
973,-156.99795_21.08050,12.451349258399999
974,-156.99626_21.07979,12.646800041199999
975,-156.99587_21.07932,12.646800041199999
976,-156.99552_21.07919,12.646800041199999
977,-156.99528_21.07909,12.646800041199999
978,-156.99522_21.07951,12.646800041199999
979,-156.99500_21.07997,12.646800041199999
980,-156.99579_21.07974,12.646800041199999
981,-156.99846_21.08058,12.451349258399999
982,-156.98174_21.07726,13.330206871
983,-156.95647_21.08495,21.1224079132
984,-156.99340_21.07803,12.2350921631
985,-156.99247_21.07777,12.2350921631
986,-156.99183_21.07759,12.4273471832
987,-156.99148_21.07758,12.4273471832
988,-156.99107_21.07754,12.4273471832
989,-156.99062_21.07743,12.4273471832
990,-156.99016_21.07729,12.4273471832
991,-156.98979_21.07717,12.6287374496
992,-156.98628_21.07653,12.8340110779
993,-156.98576_21.07630,12.1730804443
994,-156.98524_21.07607,12.3743581772
995,-156.98472_21.07584,12.3743581772
996,-156.98119_21.07335,11.9963922501
997,-156.98059_21.07324,12.159793853800002
998,-156.99920_21.08236,12.904145240799998
999,-156.99926_21.08201,12.904145240799998
1000,-156.99949_21.08143,12.904145240799998
1001,-157.00035_21.08178,12.904145240799998
1002,-156.99976_21.08268,12.904145240799998
1003,-156.99958_21.08296,12.904145240799998
1004,-156.99900_21.08353,13.6137170792
1005,-156.99930_21.08371,13.6137170792
1006,-156.99956_21.08387,13.6137170792
1007,-156.99974_21.08414,13.6137170792
1008,-156.99999_21.08350,13.6137170792
1009,-157.00000_21.08321,12.904145240799998
1010,-157.00029_21.08299,12.904145240799998
1011,-157.00047_21.08270,12.904145240799998
1012,-157.00096_21.08225,12.904145240799998
1013,-157.00090_21.08184,12.904145240799998
1014,-157.00128_21.08248,12.7110347748
1015,-157.00125_21.08277,12.7110347748
1016,-157.00108_21.08306,12.904145240799998
1017,-157.00064_21.08378,13.6137170792
1018,-156.78131_21.08396,73.42600250239998
1019,-156.78033_21.08577,74.2866516113
1020,-156.77076_21.08973,70.5967254639
1021,-156.77526_21.08830,73.5988845825
1022,-156.77555_21.08872,73.5988845825
1023,-156.77115_21.08855,70.5967254639
1024,-156.77363_21.08627,70.0537033081
1025,-156.77925_21.08441,71.8405685425
1026,-156.82654_21.06278,36.8034133911
1027,-156.82679_21.06266,36.8034133911
1028,-156.82732_21.06204,36.8034133911
1029,-156.82823_21.06556,43.30526733399999
1030,-156.82436_21.06436,41.2015724182
1031,-156.82459_21.06417,41.2015724182
1032,-156.82483_21.06419,41.2015724182
1033,-156.82497_21.06443,41.2015724182
1034,-156.82506_21.06466,41.2015724182
1035,-156.82476_21.06462,41.2015724182
1036,-156.82484_21.06481,41.2015724182
1037,-156.82466_21.06493,41.2015724182
1038,-156.82449_21.06477,41.2015724182
1039,-156.82442_21.06509,41.2015724182
1040,-156.82431_21.06489,41.2015724182
1041,-156.82423_21.06521,41.2015724182
1042,-156.82407_21.06505,41.2015724182
1043,-156.82399_21.06539,45.609497070299994
1044,-156.82392_21.06519,41.2015724182
1045,-156.82378_21.06552,45.609497070299994
1046,-156.96624_21.07800,15.356861114500001
1047,-156.82364_21.06531,45.609497070299994
1048,-157.03540_21.09861,14.1911907196
1049,-157.03562_21.10168,15.337871551500001
1050,-156.99877_21.08200,13.1259851456
1051,-156.99864_21.08220,13.1259851456
1052,-156.99839_21.08257,13.1259851456
1053,-156.98870_21.07881,13.3144435883
1054,-156.93544_21.06899,12.240776062
1055,-156.94107_21.06730,12.4251680374
1056,-156.94365_21.06874,13.0821552277
1057,-156.95900_21.06897,12.456663131700001
1058,-156.96197_21.07107,13.023562431300002
1059,-156.95973_21.07109,13.2429199219
1060,-156.96866_21.07170,12.411711692799999
1061,-156.95649_21.06670,12.2783727646
1062,-156.91193_21.05762,9.66359329224
1063,-156.91103_21.05740,9.711898803710001
1064,-156.87937_21.04852,12.1611213684
1065,-156.88181_21.05436,12.0598506927
1066,-156.83282_21.05990,30.758987426799997
1067,-156.82926_21.06196,35.5684394836
1068,-156.83022_21.06174,35.5684394836
1069,-156.82946_21.06325,39.1740074158
1070,-156.82936_21.06316,39.1740074158
1071,-156.83011_21.06311,39.1740074158
1072,-156.83435_21.05995,30.758987426799997
1073,-156.83406_21.06138,33.5950889587
1074,-156.83353_21.06139,33.5950889587
1075,-156.83218_21.06284,34.4903945923
1076,-156.83431_21.06270,33.5950889587
1077,-156.77553_21.08477,69.2430725098
1078,-156.77942_21.08554,74.2866516113
1079,-156.77884_21.08481,71.8405685425
1080,-156.77127_21.08811,70.5967254639
1081,-156.79577_21.09391,101.38800048799999
1082,-156.78673_21.08673,79.31820678709998
1083,-156.75997_21.09642,68.84131622310001
1084,-157.03537_21.10404,15.9847240448
1085,-157.03355_21.10447,16.2801990509
1086,-156.83348_21.05817,28.3386955261
1087,-156.83428_21.05743,28.3386955261
1088,-156.83478_21.05724,27.3612861633
1089,-156.79791_21.07324,56.493171691899995
1090,-156.83592_21.05691,27.3612861633
1091,-156.83521_21.05665,27.3612861633
1092,-156.83572_21.05744,27.3612861633
1093,-156.83468_21.05801,28.3386955261
1094,-156.83428_21.05772,28.3386955261
1095,-156.83346_21.05925,30.758987426799997
1096,-156.83517_21.05610,25.3679676056
1097,-156.83429_21.05851,30.758987426799997
1098,-156.83413_21.05861,30.758987426799997
1099,-156.83560_21.05709,27.3612861633
1100,-156.87769_21.05513,12.447101593
1101,-156.87784_21.05506,12.447101593
1102,-156.86385_21.05237,14.177318572999999
1103,-156.86770_21.05406,13.7321138382
1104,-156.87210_21.05260,12.738546371500002
1105,-156.87376_21.05151,12.2096376419
1106,-156.87401_21.05152,12.2096376419
1107,-156.87428_21.05149,12.2096376419
1108,-156.87754_21.04718,12.4931707382
1109,-156.86732_21.05414,13.7321138382
1110,-156.86697_21.05428,13.7321138382
1111,-156.87024_21.05222,12.5841522217
1112,-156.86753_21.05187,12.9842758179
1113,-156.76151_21.09647,70.1918106079
1114,-156.76128_21.09991,72.3590927124
1115,-156.76061_21.09769,71.2890167236
1116,-156.75922_21.09619,68.84131622310001
1117,-156.75816_21.09690,68.4963378906
1118,-156.75778_21.09714,68.4963378906
1119,-156.75732_21.09758,68.4963378906
1120,-156.75753_21.09739,68.4963378906
1121,-156.75631_21.09844,68.4963378906
1122,-156.75642_21.09834,68.4963378906
1123,-156.75699_21.09861,68.4963378906
1124,-156.83557_21.05680,27.3612861633
1125,-156.84625_21.06354,29.8146419525
1126,-156.84255_21.05923,26.1326007843
1127,-156.84298_21.05842,24.0196380615
1128,-156.84317_21.05653,24.0196380615
1129,-156.84209_21.05558,22.294303894000002
1130,-156.84100_21.05574,23.5660247803
1131,-156.84102_21.05687,25.2720222473
1132,-156.84090_21.05953,27.373945236199997
1133,-156.83968_21.05599,23.5660247803
1134,-156.83658_21.05680,27.3612861633
1135,-156.84142_21.05490,23.5660247803
1136,-156.84254_21.05839,24.0196380615
1137,-156.84999_21.05402,19.6197071075
1138,-156.87246_21.05419,13.227930069000001
1139,-156.87446_21.05543,12.907649040199999
1140,-156.87501_21.05579,12.907649040199999
1141,-156.87597_21.05560,12.628945350599999
1142,-156.87612_21.05554,12.628945350599999
1143,-156.87644_21.05548,12.628945350599999
1144,-156.87683_21.05543,12.628945350599999
1145,-156.80976_21.07162,52.421787261999995
1146,-156.79221_21.07581,61.293056488000005
1147,-156.75605_21.09864,68.4963378906
1148,-156.76194_21.09547,70.1918106079
1149,-156.76289_21.09567,71.5670166016
1150,-156.78576_21.08215,72.1864547729
1151,-156.78391_21.08285,70.99501037600001
1152,-156.78247_21.08440,73.42600250239998
1153,-156.78808_21.07858,64.8368835449
1154,-156.78225_21.08353,73.42600250239998
1155,-156.79083_21.07754,65.4704971313
1156,-156.79450_21.07283,56.792846679700006
1157,-156.79519_21.07271,56.792846679700006
1158,-156.79556_21.07301,56.792846679700006
1159,-156.79582_21.07203,56.792846679700006
1160,-156.79629_21.07283,56.792846679700006
1161,-156.80970_21.06999,52.421787261999995
1162,-156.81078_21.06951,48.492656707799995
1163,-156.81143_21.06938,48.492656707799995
1164,-156.80378_21.06925,44.3841133118
1165,-156.80431_21.06894,44.3841133118
1166,-156.81286_21.06899,49.582012176499994
1167,-156.81993_21.06486,42.0043640137
1168,-156.82321_21.06349,42.2476425171
1169,-156.82563_21.06120,37.762783050500005
1170,-156.82305_21.06368,42.2476425171
1171,-156.82474_21.06367,41.2015724182
1172,-156.82464_21.06374,41.2015724182
1173,-156.84465_21.05541,21.3367404938
1174,-156.82774_21.06521,40.381031036399996
1175,-156.82759_21.06180,36.8034133911
1176,-156.82664_21.06246,36.8034133911
1177,-156.82349_21.06514,42.2476425171
1178,-156.82344_21.06493,42.2476425171
1179,-156.82368_21.06479,41.2015724182
1180,-156.82389_21.06467,41.2015724182
1181,-156.75120_21.10822,67.5730438232
1182,-156.74635_21.10810,64.5246429443
1183,-156.74631_21.10668,64.5291595459
1184,-156.74298_21.11116,63.0408477783
1185,-156.74345_21.11100,63.0408477783
1186,-156.74516_21.11107,64.6660232544
1187,-156.74624_21.11182,64.6660232544
1188,-156.74505_21.11221,64.6660232544
1189,-156.74184_21.11192,61.663284301800005
1190,-156.74602_21.11277,64.7966995239
1191,-156.82251_21.06446,42.2476425171
1192,-157.03969_21.09892,13.852948188800001
1193,-157.04062_21.09970,14.316860199
1194,-157.03703_21.10359,15.9847240448
1195,-156.74036_21.11454,61.6703147888
1196,-156.74299_21.11151,63.0408477783
1197,-156.86385_21.07320,33.1842651367
1198,-156.74165_21.11497,61.3556022644
1199,-156.78201_21.08369,73.42600250239998
1200,-156.79166_21.07992,70.0062713623
1201,-156.80936_21.06865,47.087062835699996
1202,-157.03914_21.10090,14.5004529953
1203,-157.03828_21.10091,14.5004529953
1204,-157.03710_21.09969,14.719347000099999
1205,-157.03746_21.10065,14.5004529953
1206,-157.03774_21.10006,14.5004529953
1207,-157.03316_21.10436,16.2801990509
1208,-157.03231_21.10347,15.8888530731
1209,-157.03193_21.10285,15.8888530731
1210,-157.03188_21.10249,15.8888530731
1211,-157.03230_21.10121,15.2044868469
1212,-157.03345_21.10023,14.9508371353
1213,-157.03310_21.10184,15.6002874374
1214,-157.03300_21.10251,15.6002874374
1215,-157.03783_21.10322,15.0896787643
1216,-157.03918_21.10312,15.0896787643
1217,-156.98632_21.07789,12.8340110779
1218,-156.98878_21.07686,12.6287374496
1219,-157.03377_21.09658,13.8520803452
1220,-157.04287_21.10333,14.709442138699998
1221,-156.99729_21.08409,13.8684339523
1222,-156.99703_21.08446,13.8684339523
1223,-156.87745_21.04803,12.0484285355
1224,-156.79574_21.07375,56.792846679700006
1225,-156.77020_21.09000,72.97943115229998
1226,-156.97145_21.07065,12.2244243622
1227,-156.75328_21.10124,66.2671737671
1228,-156.98851_21.07676,12.6287374496
1229,-157.00986_21.08225,12.179457664500001
1230,-156.97007_21.07985,15.738373756400001
1231,-156.99976_21.08156,12.904145240799998
1232,-157.05281_21.11069,16.4267520905
1233,-157.08369_21.10696,15.006002426099998
1234,-156.94397_21.06611,12.5583906174
1235,-156.95028_21.06695,12.512612342799999
1236,-156.96358_21.06961,12.0831756592
1237,-156.99843_21.08458,13.8684339523
1238,-156.99941_21.08459,13.6137170792
1239,-156.99993_21.08480,13.6137170792
1240,-156.99941_21.08567,14.3940458298
1241,-157.00073_21.08148,12.904145240799998
1242,-156.96622_21.06943,11.904866218599999
1243,-156.99237_21.07777,12.2350921631
1244,-156.99173_21.07759,12.4273471832
1245,-156.99138_21.07758,12.4273471832
1246,-156.98109_21.07335,11.9963922501
1247,-157.00019_21.08299,12.904145240799998
1248,-156.83272_21.05990,30.758987426799997
1249,-156.83001_21.06311,39.1740074158
1250,-156.77932_21.08554,74.2866516113
1251,-156.87774_21.05506,12.447101593
1252,-156.86760_21.05406,13.7321138382
1253,-156.87200_21.05260,12.738546371500002
1254,-156.84307_21.05653,24.0196380615
1255,-156.87587_21.05560,12.628945350599999
1256,-156.79440_21.07283,56.792846679700006
1257,-156.79619_21.07283,56.792846679700006
1258,-156.81983_21.06486,42.0043640137
1259,-156.82295_21.06368,42.2476425171
1260,-156.82654_21.06246,36.8034133911
1261,-156.75110_21.10822,67.5730438232
1262,-156.74155_21.11497,61.3556022644
1263,-156.78191_21.08369,73.42600250239998
1264,-157.04692_21.10328,14.429962158199999
1265,-157.04712_21.10328,14.429962158199999
1266,-156.98164_21.07726,13.330206871
1267,-156.98184_21.07726,13.330206871
1268,-156.82749_21.06180,36.8034133911
1269,-156.82769_21.06180,36.8034133911
1270,-156.99964_21.07987,12.2633047104
1271,-156.99957_21.07999,12.2633047104
1272,-156.99953_21.08009,12.2633047104
1273,-156.99946_21.08021,12.2633047104
1274,-156.99943_21.08034,12.2633047104
1275,-156.99954_21.08044,12.2633047104
1276,-156.99969_21.08039,12.2633047104
1277,-156.99976_21.08027,12.2633047104
1278,-156.99982_21.08015,12.2633047104
1279,-156.99991_21.08003,12.2633047104
