,Uid,dist2_Streams_m
0,-157.13194_21.14422,301.52829140518946
1,-157.25780_21.14791,385.11719769755166
2,-157.24613_21.19028,52.78140246334703
3,-157.20856_21.15703,234.0009905939809
4,-157.21922_21.17738,348.513877098347
5,-157.21093_21.17253,366.6292171297168
6,-157.20814_21.16662,806.9223123364109
7,-157.24633_21.18319,254.36040167253154
8,-157.24587_21.18317,280.88927258017446
9,-157.24543_21.18312,308.01762074961476
10,-157.24389_21.18321,393.01851643264183
11,-157.24301_21.18322,414.51000729452596
12,-157.22836_21.17295,168.97997354489667
13,-157.22915_21.17232,179.76188889305405
14,-157.25752_21.16708,134.22816914658728
15,-157.25225_21.17288,200.75537787530146
16,-157.23650_21.18016,190.2407558454428
17,-157.24170_21.18236,333.7190756164026
18,-157.23469_21.18124,271.1828809088403
19,-157.23121_21.17582,430.1395271092543
20,-157.23136_21.17679,343.0441377320441
21,-157.23181_21.17986,244.3428515372691
22,-157.23348_21.17754,145.26009809591048
23,-157.23346_21.17572,342.93468154106176
24,-157.27220_21.15726,238.31329037217117
25,-157.27072_21.15325,314.33126077527197
26,-157.26758_21.15938,246.04598485918942
27,-157.26660_21.15993,362.41242575152654
28,-157.26175_21.16380,57.94987568002728
29,-156.98750_21.07828,401.7253989997506
30,-156.98726_21.07819,427.88182397997
31,-156.98642_21.07789,520.2623636130577
32,-156.98697_21.07781,466.59277741045037
33,-156.98728_21.07744,447.3225538232997
34,-156.98824_21.07720,359.2388656647748
35,-156.98806_21.07713,379.4259569986985
36,-156.98814_21.07745,361.4027333736509
37,-156.98796_21.07792,364.5108309793505
38,-156.98781_21.07782,381.656909300352
39,-157.00002_21.08562,212.49591205376086
40,-157.00017_21.08539,229.0717739081964
41,-157.00031_21.08518,246.5445552549208
42,-157.00043_21.08498,264.0592364283785
43,-157.00078_21.08444,313.1200370480274
44,-157.00089_21.08427,327.566701659976
45,-156.99628_21.08483,406.0786493243862
46,-156.99612_21.08507,402.60367349184725
47,-156.99580_21.08554,372.50028064635114
48,-156.99588_21.08630,291.14485478073004
49,-156.98738_21.07707,449.0132919153031
50,-156.98773_21.07739,403.2518807875724
51,-156.98855_21.07734,324.1285083015299
52,-156.98868_21.07753,304.3009171635288
53,-156.98881_21.07786,281.20817826340584
54,-157.10458_21.16571,923.9861955138534
55,-157.09902_21.16447,598.4229878226353
56,-157.10404_21.14645,639.6952333886835
57,-157.07005_21.14893,303.88033010010025
58,-157.07164_21.14981,194.85203030468662
59,-157.05835_21.17505,265.4339265940441
60,-157.05894_21.17629,200.28679618348247
61,-157.05935_21.17527,159.0835594883769
62,-157.05927_21.17575,157.12746599358542
63,-156.98901_21.07795,258.54723950577943
64,-156.98876_21.07856,267.7624714790475
65,-156.98854_21.07856,290.55753412086324
66,-156.99727_21.08526,348.29535691366823
67,-156.99738_21.08476,393.6705980170829
68,-156.99775_21.08421,435.6116864833165
69,-156.99801_21.08400,449.61683230722525
70,-156.99819_21.08371,472.86031761108046
71,-157.08150_21.15589,36.40017100564003
72,-157.08349_21.15446,9.849549439671572
73,-157.11548_21.17975,122.87082353425475
74,-157.11353_21.18030,334.1495598377095
75,-157.08203_21.18424,35.335877473284995
76,-157.08359_21.18458,169.32887656243435
77,-157.08543_21.18104,512.0442210071466
78,-157.06544_21.15892,439.10472178691435
79,-156.95489_21.06662,598.7628109252961
80,-156.95508_21.06664,582.9245294721064
81,-156.95531_21.06666,564.3349068420707
82,-156.95592_21.06668,518.2541216154946
83,-156.95629_21.06669,492.64002673876365
84,-156.95462_21.06733,567.979480054418
85,-156.95265_21.06691,454.2769866160518
86,-156.95364_21.06646,498.17206107667533
87,-157.28756_21.14135,72.2861655811904
88,-157.07443_21.15027,119.83943113404848
89,-157.06373_21.16454,21.125066489830807
90,-157.07261_21.16906,404.5475238766068
91,-157.07323_21.17329,33.38563778037611
92,-157.07480_21.17363,90.62229469850641
93,-157.07637_21.17397,253.6896648513317
94,-157.07803_21.17374,413.366761693075
95,-157.07948_21.17452,560.3872013063925
96,-157.08099_21.17490,690.3545985979738
97,-157.08246_21.17534,825.238433261893
98,-157.06868_21.17164,9.798464863653377
99,-157.06922_21.16945,239.88362761909644
100,-157.07747_21.17752,270.21823452218655
101,-157.07009_21.16708,513.3272834672365
102,-157.07035_21.16475,300.32984488195325
103,-157.07058_21.16381,217.95963585330287
104,-157.07134_21.16069,62.996740589989024
105,-157.07103_21.15953,187.5735879813733
106,-157.07140_21.15960,182.18622423733916
107,-157.07178_21.15969,163.74245042837987
108,-157.07216_21.15976,137.63338578460872
109,-157.07218_21.16387,287.9933708830117
110,-157.07375_21.16420,369.2955444163449
111,-157.07646_21.16490,434.49044984683053
112,-157.07593_21.16877,490.68696994968576
113,-157.07941_21.16132,146.23287421100764
114,-157.08003_21.16555,618.810678865226
115,-157.08252_21.16217,380.29001695582343
116,-157.08066_21.16978,759.3579777241433
117,-157.08318_21.16622,798.1366946823614
118,-156.86999_21.05081,165.48444097878325
119,-156.87096_21.05074,261.4831849642086
120,-157.00100_21.08410,342.3351249508152
121,-157.00110_21.08394,357.2098877198302
122,-157.00130_21.08364,387.1086995272631
123,-157.00150_21.08333,418.82190455287076
124,-157.00160_21.08317,435.11848942845006
125,-157.00170_21.08302,449.9835408533336
126,-157.00180_21.08287,463.7540205379237
127,-157.00210_21.08241,505.67754122879296
128,-157.00220_21.08225,520.4039418390449
129,-157.00227_21.08189,559.2485401761568
130,-157.00318_21.08174,561.1698425535884
131,-157.00341_21.08185,544.3754727032517
132,-157.00309_21.08224,509.6694681786936
133,-157.09556_21.14667,60.5470883216487
134,-157.12755_21.14364,390.5719596472878
135,-157.11619_21.15212,484.5943628536876
136,-157.09711_21.16406,452.87469492974196
137,-157.10089_21.16492,715.0100067406503
138,-157.07593_21.15079,193.62717187264167
139,-157.07827_21.15148,358.0207912269068
140,-157.06701_21.15771,546.961997111487
141,-157.06861_21.15797,432.7148484465825
142,-157.07200_21.15066,130.7575012088147
143,-157.07194_21.15851,275.4284247136287
144,-157.07360_21.15888,208.20702218039293
145,-157.07527_21.15923,198.3917977050879
146,-157.07867_21.15249,288.4116362682777
147,-157.08341_21.15778,114.22516375045333
148,-157.08080_21.15855,32.583809719357994
149,-157.08163_21.16030,170.15868470436558
150,-157.08261_21.16087,280.08800837006106
151,-157.09087_21.16281,167.5675466692857
152,-157.09301_21.16322,202.05489754037453
153,-157.09674_21.15794,902.701181044988
154,-157.08416_21.16128,395.39648371108797
155,-157.08933_21.16006,501.20981046918405
156,-157.09575_21.15778,864.9769702977644
157,-157.08719_21.15855,511.9124536835178
158,-157.08086_21.15942,45.76836647697479
159,-157.08181_21.15376,191.9354820172325
160,-157.08184_21.15496,123.23222924993193
161,-156.95257_21.06707,459.98054049715506
162,-156.95249_21.06722,466.56440587024485
163,-156.95242_21.06738,474.5153424259981
164,-156.95232_21.06753,467.0308041838373
165,-156.95223_21.06776,456.5033986033392
166,-156.95193_21.06780,425.17083544679474
167,-156.95166_21.06782,397.58516898052625
168,-156.95161_21.06765,392.68753226082885
169,-156.95186_21.06738,419.2287200070752
170,-156.95204_21.06722,436.43692154149323
171,-156.95180_21.06721,413.5314909506635
172,-156.95155_21.06727,387.6199589595568
173,-156.95156_21.06707,388.29718976560343
174,-156.95165_21.06681,374.7521490673528
175,-156.95186_21.06677,385.06455410934365
176,-156.95207_21.06684,405.7731126252535
177,-156.95225_21.06609,361.55637056460745
178,-156.95207_21.06601,342.0537020987384
179,-156.95362_21.06737,561.5720016768558
180,-156.94586_21.07134,214.62151194318417
181,-156.93975_21.07173,92.65834177377708
182,-156.76197_21.09679,136.1781421082985
183,-156.76287_21.09747,189.36812404275383
184,-156.76363_21.09848,158.51683833815525
185,-157.00741_21.16127,367.6728791443802
186,-157.00769_21.16119,358.40942257314003
187,-157.05891_21.17517,205.5502941828667
188,-157.06179_21.17893,366.21595416009916
189,-157.06326_21.18022,441.8468836244037
190,-157.06483_21.18059,484.2765079164955
191,-157.05941_21.17631,155.53401011000014
192,-157.05985_21.17731,197.27001438406174
193,-157.06076_21.17765,208.7928889347416
194,-157.06090_21.17688,124.4535239373054
195,-157.06107_21.17648,84.87569414266822
196,-157.06031_21.17636,83.36425871872996
197,-157.05991_21.17547,96.28134213114677
198,-157.00697_21.16215,328.05032765971475
199,-157.00687_21.16186,361.2881680519291
200,-157.00669_21.16195,353.80134706154394
201,-157.00653_21.16204,348.03631113317925
202,-157.00676_21.16228,316.90646036167794
203,-157.00675_21.16256,286.5512993320576
204,-157.00607_21.16231,329.549541950382
205,-157.00554_21.16218,355.7945940035298
206,-157.00556_21.16198,376.81453273174606
207,-157.00579_21.16191,379.38815725111687
208,-157.00597_21.16181,385.9340329068248
209,-156.97902_21.07264,246.9606647786434
210,-156.97856_21.07244,296.7177223717825
211,-156.97779_21.07208,212.0413456456337
212,-156.97743_21.07189,170.19040478123057
213,-156.98923_21.07688,277.7384307650348
214,-156.98888_21.07686,310.92889847366433
215,-157.06210_21.16463,20.7435354271548
216,-157.06519_21.16514,163.38477136964164
217,-157.06656_21.16647,356.59270302162554
218,-157.06882_21.16369,132.56623934942579
219,-157.04613_21.16245,157.54652923157835
220,-157.06121_21.17479,31.88609765474457
221,-157.06346_21.17201,154.16589976758283
222,-157.06472_21.17397,76.37119941009206
223,-157.06586_21.17588,308.51003202799126
224,-157.04328_21.16448,520.0941220539501
225,-157.00406_21.16160,370.81540020127
226,-157.00311_21.16169,307.8744470261461
227,-157.00333_21.16198,332.04209648178994
228,-157.00368_21.16239,305.0196159420888
229,-157.00388_21.16229,323.3582872747943
230,-157.00425_21.16210,352.62858382545693
231,-157.00443_21.16201,366.9789135238236
232,-157.00631_21.16162,398.056948461918
233,-157.00647_21.16153,403.92310925178566
234,-157.00520_21.16214,368.7740738717947
235,-157.00529_21.16230,349.17997267934373
236,-157.00547_21.16261,311.2527840142684
237,-157.00556_21.16277,292.2648805334145
238,-156.99814_21.08295,467.95733786343857
239,-157.00460_21.16186,386.87746904079063
240,-157.00488_21.16254,326.1278157252586
241,-157.00408_21.16278,275.3516155916163
242,-157.00419_21.16303,250.90311500670606
243,-157.00376_21.16340,202.08822095984658
244,-157.00434_21.16375,181.2843407292352
245,-157.00416_21.16344,206.6428735229131
246,-157.00483_21.16353,224.0959396214914
247,-157.00476_21.16333,241.50738734570407
248,-157.00469_21.16316,255.7692751223072
249,-157.00555_21.16355,208.08754287680583
250,-157.00567_21.16376,182.69450255602055
251,-157.00578_21.16396,157.76438203985788
252,-157.00556_21.16401,159.68734170913547
253,-157.00538_21.16370,198.63402736382054
254,-157.00522_21.16378,195.75239251443864
255,-157.00540_21.16409,156.9108120601944
256,-157.00491_21.16393,188.8989573261455
257,-157.00509_21.16424,151.32592572902837
258,-157.00481_21.16418,159.67694993979066
259,-157.00414_21.16427,120.6039739010306
260,-157.00435_21.16454,103.0411411818136
261,-157.00459_21.16481,86.7082476197297
262,-157.00489_21.16479,96.7313627516489
263,-157.00547_21.16464,97.03149598467456
264,-157.00592_21.16462,83.4525772379463
265,-157.00575_21.16438,115.02868085738234
266,-157.00603_21.16426,120.25107397695896
267,-157.00616_21.16454,87.01700689826706
268,-157.00505_21.16292,291.69115070071757
269,-157.05414_21.17199,306.2602948510065
270,-157.06280_21.16713,280.1029416851739
271,-157.06308_21.16722,289.61983346034083
272,-157.06338_21.16727,297.5590033634281
273,-157.06367_21.16735,309.8746258008779
274,-157.05438_21.17224,339.33625509701864
275,-157.05462_21.17249,372.182265927496
276,-157.05489_21.17273,405.2402372615617
277,-157.05513_21.17299,439.7930199744966
278,-157.03023_21.09296,98.8174537211246
279,-157.03305_21.09458,435.190370534784
280,-157.03387_21.09496,529.5865465771752
281,-157.07721_21.18321,6.172355631141308
282,-157.07877_21.18354,43.82059122881217
283,-157.07478_21.17968,94.45037431948057
284,-157.06762_21.17599,401.78800536377884
285,-157.07008_21.17262,40.52200135628158
286,-157.07129_21.17273,5.894276991475184
287,-157.07016_21.17654,406.58117367532236
288,-157.07045_21.17660,381.14866399443673
289,-157.07074_21.17666,354.97316028032196
290,-157.07104_21.17672,328.0038945930302
291,-157.07133_21.17679,302.05796112166263
292,-157.08469_21.16657,699.5497507819957
293,-157.08606_21.16793,649.1651863260344
294,-157.08786_21.16719,454.31074568985036
295,-157.08844_21.17135,414.3881135947868
296,-157.09097_21.16782,308.4658566631535
297,-157.09252_21.16821,189.5916993621016
298,-157.09504_21.16464,237.64605748319698
299,-157.07518_21.16508,448.6216816416152
300,-157.03453_21.09521,604.1320464539039
301,-157.02861_21.09604,95.24790369381701
302,-157.03177_21.09674,401.09621117697935
303,-157.03387_21.09658,596.1103708069646
304,-157.04190_21.09985,46.3092902175463
305,-157.04395_21.10145,90.44666215751973
306,-157.04702_21.10328,295.24302662753144
307,-157.04836_21.10315,198.72908660858653
308,-157.04870_21.10500,36.99988751033925
309,-157.04969_21.10587,100.70469307868083
310,-157.04145_21.10320,71.59120492970067
311,-157.04297_21.10333,79.35602710579555
312,-157.04397_21.10364,167.0330277478841
313,-157.04511_21.10404,253.51888296162747
314,-157.04587_21.10469,276.134068896688
315,-157.04715_21.10509,169.24142571706182
316,-156.99801_21.08314,467.6508507234129
317,-156.99752_21.08390,474.2315444859248
318,-156.99739_21.08409,461.38459929242856
319,-156.99713_21.08446,434.83283553796235
320,-156.99701_21.08465,421.8166383762315
321,-156.99687_21.08485,405.5362686645165
322,-156.99658_21.08527,370.2701791120532
323,-156.99621_21.08582,327.47492165563926
324,-156.99862_21.08139,453.2890720286602
325,-156.99822_21.08195,430.1907489994982
326,-156.99810_21.08214,426.02425270040965
327,-156.99797_21.08233,422.1725462686082
328,-156.99784_21.08252,418.81273023667364
329,-156.99772_21.08271,416.95079647413274
330,-156.99747_21.08308,417.7514655446896
331,-156.99735_21.08327,419.92564376646277
332,-156.99704_21.08340,401.98462655910623
333,-156.99692_21.08357,403.1256853772169
334,-156.99669_21.08381,396.76620559968603
335,-156.99684_21.08402,421.8468458232223
336,-156.99671_21.08420,416.88539474816207
337,-156.99658_21.08439,412.89105691359487
338,-156.98834_21.07849,312.3526895230008
339,-156.98783_21.07813,371.41898977885
340,-156.98773_21.07839,376.664070684404
341,-156.98755_21.07805,401.39766559443694
342,-156.98738_21.07798,420.9399825687511
343,-156.98685_21.07802,473.2727130701292
344,-156.98655_21.07763,514.0805459317241
345,-156.98645_21.07850,503.85287123285485
346,-156.98667_21.07856,481.05017011044515
347,-156.98688_21.07864,458.2455408600047
348,-156.98735_21.07867,411.83164939237395
349,-157.00588_21.16273,288.50408976627824
350,-157.00612_21.16270,286.02713033875006
351,-157.00625_21.16290,261.26096314890356
352,-157.06633_21.18101,552.8152788339494
353,-157.06786_21.18123,542.7333736175658
354,-157.06942_21.18156,378.28525201886606
355,-157.07098_21.18190,217.3392997357231
356,-157.07255_21.18223,81.64580885126699
357,-157.07566_21.18292,8.574111800962608
358,-156.85161_21.05797,742.2406210201683
359,-156.87697_21.04899,515.6884188592508
360,-156.87755_21.04803,465.4492594396223
361,-156.87726_21.04898,486.5891686420017
362,-156.76117_21.09520,119.09526720567663
363,-156.76187_21.09609,154.81451163410367
364,-156.76199_21.09639,160.83510668455412
365,-156.98789_21.07911,341.256008047438
366,-156.98706_21.07882,431.57145057748255
367,-157.00248_21.08288,447.0305850851551
368,-157.00237_21.08303,432.6926514553905
369,-157.00226_21.08318,418.7978942051712
370,-157.00215_21.08333,405.4094727529312
371,-157.00204_21.08347,392.45634535439797
372,-157.00193_21.08362,379.48744968571924
373,-157.00161_21.08407,336.55167932077734
374,-157.00138_21.08437,305.9356275382129
375,-157.00115_21.08468,276.2772999027446
376,-157.00103_21.08485,262.1061832032469
377,-157.00090_21.08503,248.199672789148
378,-157.00076_21.08522,232.84226005912316
379,-157.00061_21.08541,213.2465124707864
380,-157.00046_21.08562,194.42258412780683
381,-157.00030_21.08585,177.19507626990463
382,-157.00013_21.08608,161.7817558567964
383,-156.95339_21.06640,473.8115760977797
384,-156.95436_21.06659,567.4235538998078
385,-156.95454_21.06661,583.9045207250024
386,-156.95471_21.06662,600.1561039211979
387,-156.79584_21.07375,37.03658393955771
388,-157.09732_21.16916,176.08077139766075
389,-157.09888_21.16950,260.4841527979374
390,-157.08724_21.16317,408.6964186926467
391,-157.08664_21.17198,515.6294896191737
392,-157.08726_21.17619,446.00602593017334
393,-156.76241_21.09543,235.10894693310883
394,-156.77030_21.09000,473.6421369360746
395,-156.77278_21.08783,129.62070457344922
396,-156.77363_21.08723,20.385455800088668
397,-156.77535_21.08943,11.715875214472605
398,-156.77466_21.08658,108.47756911537773
399,-156.79158_21.07644,264.9613527543291
400,-156.79130_21.07665,229.082624684659
401,-156.78955_21.07762,30.31024673246879
402,-156.78581_21.08057,77.96246039891469
403,-156.79344_21.07649,384.4664703499128
404,-157.00011_21.16149,109.01329994557274
405,-157.00730_21.16189,350.1737968293545
406,-157.00744_21.16210,324.97321844504876
407,-157.00755_21.16234,297.44410625109003
408,-157.00739_21.16247,286.0862238362406
409,-157.00715_21.16255,282.10225515952214
410,-157.08975_21.17270,212.6984779575121
411,-157.09102_21.17271,166.8633974483851
412,-157.09193_21.17720,292.7440647721783
413,-157.09363_21.17756,304.03844214461776
414,-157.09675_21.17823,218.104511569864
415,-157.09919_21.17482,205.2446375907459
416,-157.09778_21.18070,334.9123528773289
417,-157.10038_21.17677,155.00889735149585
418,-157.10051_21.18298,205.90159013198812
419,-157.10779_21.18060,395.9759760555273
420,-157.10935_21.18094,351.4921964311448
421,-157.11091_21.18127,319.4434210276289
422,-157.10076_21.16599,643.8301290467797
423,-157.10105_21.16606,667.8190338512428
424,-157.10134_21.16612,692.3293549876529
425,-157.10163_21.16618,717.3198142766923
426,-157.10192_21.16624,733.6983227624028
427,-157.10011_21.17367,49.4941247508424
428,-157.09982_21.17361,57.4974033914953
429,-157.09953_21.17355,68.15591138180099
430,-157.09895_21.17342,100.19524921876156
431,-157.10407_21.16835,666.507409676566
432,-157.10525_21.17087,522.0249363741523
433,-157.10681_21.17120,632.681268955187
434,-157.10837_21.17153,760.8059890956644
435,-157.10992_21.17187,748.5234681143043
436,-157.11139_21.17218,624.8540061850274
437,-157.11328_21.17635,497.8930552680711
438,-157.11397_21.17349,501.28508110124284
439,-156.97155_21.07065,448.7290896383418
440,-156.96346_21.06887,93.20755193049372
441,-156.96478_21.06915,120.58962707601181
442,-156.96024_21.06768,155.04458510185685
443,-156.75801_21.10079,78.25004312046114
444,-156.75281_21.10168,89.91067192806506
445,-156.75338_21.10124,48.59708699500529
446,-157.00697_21.16247,292.7947774276511
447,-156.98841_21.07668,363.5744363829223
448,-156.98821_21.07658,386.98387771024176
449,-156.98719_21.07612,504.80256521251727
450,-156.98801_21.07649,409.3995247656443
451,-156.97832_21.07236,274.71827663602755
452,-156.97811_21.07225,250.14831732741942
453,-156.98953_21.07709,239.32249042499058
454,-156.98861_21.07676,341.1746396164223
455,-156.98921_21.07709,268.65322569258336
456,-156.98747_21.07630,469.0457798249983
457,-156.98760_21.07619,462.99252169481576
458,-156.98250_21.07395,104.18052923218565
459,-156.98223_21.07383,73.46270666662959
460,-156.98197_21.07368,42.30051261019108
461,-156.98025_21.07313,123.90715860395187
462,-156.97987_21.07299,160.11898042749314
463,-157.01101_21.08273,39.214894480316794
464,-157.01126_21.08286,28.910493238396548
465,-157.01151_21.08300,1.1452357385966307
466,-157.01206_21.08326,64.31437319008897
467,-157.01233_21.08334,93.8327077223944
468,-157.01263_21.08345,126.61144481169924
469,-157.01290_21.08353,155.94175451329227
470,-157.01242_21.08416,140.85054237608625
471,-157.01203_21.08385,89.8430756874542
472,-157.01178_21.08374,60.26953565646349
473,-157.01152_21.08362,30.726812049521126
474,-157.01126_21.08350,1.060883390773599
475,-157.01074_21.08326,32.5548769629626
476,-157.01049_21.08375,31.626495757192487
477,-157.01075_21.08388,22.430862844129553
478,-157.01101_21.08400,7.185762739328044
479,-157.01126_21.08412,36.656182097387365
480,-157.01152_21.08424,65.95620248087522
481,-157.01177_21.08436,95.12155511530837
482,-157.01230_21.08440,143.05184270936235
483,-157.01216_21.08467,147.59992174950597
484,-157.00911_21.08191,177.43138540156218
485,-157.00945_21.08203,140.7394116503771
486,-157.00970_21.08213,112.35804680981674
487,-157.00996_21.08225,82.73841394023937
488,-157.01021_21.08236,53.16638932943134
489,-157.01049_21.08251,20.229646406106784
490,-157.01075_21.08262,9.233583443797944
491,-157.01048_21.08314,2.9062996230161344
492,-157.01022_21.08302,26.120217758552517
493,-157.00996_21.08290,55.140696028789684
494,-157.00970_21.08278,84.2061501268421
495,-157.00945_21.08266,112.98146968095853
496,-157.00919_21.08255,141.70061866295288
497,-157.00883_21.08237,182.7820256708789
498,-157.00856_21.08282,189.75652119966648
499,-157.00895_21.08300,144.73006117190633
500,-157.00921_21.08313,115.4685222847877
501,-157.00946_21.08325,86.2767332922225
502,-157.00971_21.08337,57.096023366971686
503,-157.00997_21.08350,27.88147335145318
504,-157.01022_21.08362,1.412505790308898
505,-156.99849_21.08352,482.56448986166794
506,-156.99829_21.08336,504.68151755169515
507,-156.99868_21.08323,507.1176993791343
508,-156.99886_21.08296,530.1093534083327
509,-156.79552_21.07381,70.9081428367742
510,-156.79419_21.07601,289.3265290824079
511,-156.79606_21.07158,49.47912852737754
512,-156.80277_21.07127,126.2147270565152
513,-156.79589_21.07464,64.25805797215405
514,-156.79631_21.07147,77.88441636196286
515,-156.80188_21.07240,89.83032394774706
516,-156.79894_21.07317,80.06609671294558
517,-156.79790_21.07365,109.96231451765443
518,-156.79687_21.07364,70.5466377918257
519,-156.80129_21.07051,75.41316447420378
520,-156.80416_21.06856,84.76018276369173
521,-156.81570_21.06772,105.17292837905413
522,-156.81191_21.06909,262.3447027518806
523,-156.80615_21.07114,119.59159498009691
524,-157.08974_21.18197,573.565388076505
525,-157.08573_21.18110,534.7877523677313
526,-157.08944_21.18190,601.883374900444
527,-157.08603_21.18117,558.4357235882732
528,-157.08633_21.18123,582.8780044594059
529,-157.08662_21.18131,607.2047612904975
530,-156.81677_21.06774,8.257617239907383
531,-156.81913_21.06789,94.73881653013264
532,-156.82418_21.06447,172.75056303880814
533,-157.08914_21.18184,630.5208467627622
534,-157.08884_21.18177,659.4644696099446
535,-157.08854_21.18171,688.6755637114265
536,-157.05218_21.16225,197.25626007690744
537,-157.05414_21.16241,132.20105615891242
538,-157.05584_21.16296,19.226648994100206
539,-157.05893_21.16416,39.76824660095275
540,-157.06051_21.16435,47.40263831709365
541,-157.04439_21.16764,283.4650887538257
542,-157.04822_21.16631,237.02739384155288
543,-157.04833_21.16978,84.01230767198766
544,-157.04908_21.17296,221.8652625296736
545,-157.05332_21.17131,221.09977612876625
546,-157.05252_21.17614,148.3948664811746
547,-157.05238_21.17824,19.48736942868536
548,-157.05504_21.17902,112.95589118971748
549,-157.05141_21.16901,50.88869680144768
550,-157.04883_21.17107,20.87454576968113
551,-157.05693_21.16391,24.334421742346787
552,-157.06987_21.15940,231.12501874598186
553,-157.06251_21.16710,279.22921378835684
554,-156.95460_21.07414,272.3687867560684
555,-156.95216_21.07581,364.0729045325251
556,-156.97114_21.07420,321.04283126174323
557,-156.97017_21.07985,65.67747218559543
558,-157.04770_21.10623,70.76857911662516
559,-157.02962_21.09637,190.81924011932517
560,-157.04635_21.10278,379.57450767996085
561,-157.04608_21.10267,349.86356264165823
562,-157.04583_21.10256,321.26553804680015
563,-157.04557_21.10244,291.6560407385388
564,-157.04597_21.10339,367.5405431299275
565,-157.04570_21.10329,346.8212092650105
566,-157.04545_21.10318,317.53800565708804
567,-157.04518_21.10306,287.55306943460994
568,-157.04488_21.10293,253.03067542819184
569,-157.04464_21.10283,225.04730808664016
570,-157.04413_21.10261,167.73836330576202
571,-157.04383_21.10248,133.3981781211056
572,-157.04358_21.10238,105.14487344451432
573,-157.04332_21.10227,76.32912538021132
574,-157.04308_21.10216,48.82025872049289
575,-157.03017_21.09661,252.2420388686025
576,-157.02930_21.09873,396.9385047067697
577,-157.04001_21.10254,48.91039863603621
578,-157.04677_21.10579,179.02791419805814
579,-157.04750_21.10254,310.95378383179593
580,-157.04660_21.10606,154.96150903127963
581,-157.04645_21.10637,130.41675033065755
582,-157.04719_21.10118,352.4209917381988
583,-157.04016_21.09616,240.06834395087662
584,-157.03982_21.09696,260.4202847788114
585,-157.04010_21.09697,232.08303465406811
586,-157.04035_21.09707,204.06304632340627
587,-157.04063_21.09715,173.79883631116024
588,-157.04093_21.09725,141.37650770650058
589,-157.04188_21.09765,35.70122665454403
590,-157.04052_21.09612,202.1612258854327
591,-157.03809_21.09753,422.11080904031326
592,-157.03582_21.10003,448.4635548245896
593,-157.03526_21.09955,520.3069528795796
594,-157.00020_21.08451,320.5734134324137
595,-156.99968_21.08148,563.7164821469207
596,-156.99986_21.08156,583.2200017006793
597,-157.00027_21.08333,446.2672362218171
598,-156.99951_21.08204,561.0045552262848
599,-157.00076_21.08209,565.0837153762603
600,-156.99868_21.08279,509.92137871212714
601,-156.99990_21.08364,421.4406728880114
602,-156.99902_21.08221,518.0965468142899
603,-156.99990_21.08390,393.9790553589564
604,-156.99847_21.08307,504.5206422517545
605,-157.00151_21.08258,501.5079529339666
606,-157.00160_21.08241,518.0957191050815
607,-157.00140_21.08227,536.397711771431
608,-157.00167_21.08206,553.9990441684178
609,-157.00152_21.08197,566.9264768584319
610,-157.00115_21.08197,572.4051174453839
611,-157.05291_21.11069,119.48500108861536
612,-157.05337_21.13140,168.80792310428726
613,-157.05361_21.12899,148.55879714765766
614,-157.01722_21.15426,207.96164171567452
615,-157.01594_21.15427,236.23806037899743
616,-157.01490_21.15391,324.9858444707148
617,-157.01373_21.15409,396.1549369244661
618,-157.03017_21.17766,127.2724142938095
619,-157.01318_21.14995,254.2025431956348
620,-157.05153_21.10787,15.658438205155797
621,-157.08379_21.10696,408.9986469549185
622,-156.94407_21.06611,55.57688987952067
623,-156.95134_21.06563,257.8642094781582
624,-156.95038_21.06695,267.12174075860196
625,-156.94530_21.06399,126.40275279305088
626,-156.99674_21.07877,246.8418418323912
627,-157.03532_21.10127,346.3183756699169
628,-157.03601_21.09966,474.4005700463351
629,-157.01803_21.16028,349.1601130520741
630,-157.01516_21.15509,210.81299387772518
631,-157.01420_21.15524,287.54464489754423
632,-157.01370_21.15546,327.7721837032138
633,-157.01332_21.15578,358.7666235074881
634,-157.02095_21.16035,156.0912866362694
635,-157.01953_21.16052,233.20795393189155
636,-157.01181_21.16460,178.98756191239323
637,-157.05674_21.16611,17.35808468154552
638,-157.00672_21.16418,112.00360912537585
639,-157.00980_21.15840,201.64466781180957
640,-157.05498_21.16531,91.02197140503115
641,-157.05597_21.16574,12.594740227980619
642,-157.05613_21.16715,92.4250965074326
643,-157.05181_21.16436,323.8161329876243
644,-157.05167_21.16492,262.081687993555
645,-157.05153_21.16549,200.33265402996457
646,-157.05146_21.16577,169.4989880694711
647,-157.05123_21.16661,77.31841817462745
648,-157.05105_21.16696,43.59950481655508
649,-157.05113_21.16732,2.788838349059507
650,-156.96368_21.06961,13.834606067148213
651,-156.99968_21.08112,557.3090752804092
652,-156.99468_21.07822,24.469889336984405
653,-156.99405_21.07814,38.43867140950897
654,-157.05592_21.16802,15.779117061971464
655,-157.05570_21.16889,58.871403773847426
656,-157.05542_21.16998,148.99768735447617
657,-157.05568_21.17138,296.81515398475966
658,-157.05483_21.17087,208.82437171346612
659,-157.05309_21.16934,2.058623856294981
660,-157.05360_21.16853,78.8014212188083
661,-157.05397_21.16705,49.04988038101674
662,-157.05416_21.16629,15.276156908169208
663,-157.05784_21.16642,91.66037132045551
664,-157.05865_21.16660,138.7215003912463
665,-157.05943_21.16680,154.42983598780475
666,-157.06032_21.16647,166.4839766068766
667,-157.05942_21.16846,4.4669842524724475
668,-157.05914_21.16957,113.81358964808835
669,-157.05879_21.17096,243.17150277428527
670,-157.05852_21.17208,353.4404569447297
671,-157.05856_21.17350,332.7563141702986
672,-157.05781_21.17332,407.4324670268687
673,-157.05716_21.17278,497.4854333897992
674,-157.05642_21.17236,428.9144129528177
675,-157.05710_21.17112,341.1614757580271
676,-157.05761_21.16909,122.62076146945557
677,-157.05787_21.16805,31.438656266747266
678,-157.06102_21.16725,208.40671810313083
679,-157.06179_21.16743,248.3547225217153
680,-157.06107_21.16868,103.08737262188706
681,-157.06020_21.17020,81.70366940206867
682,-157.06047_21.17111,150.75377360400162
683,-157.06021_21.17219,268.278201825024
684,-157.06020_21.17387,161.24184126359916
685,-157.05941_21.17370,242.1483594197094
686,-157.05893_21.17041,188.70410713799274
687,-157.05865_21.17153,298.0561708685117
688,-157.05178_21.16832,113.8227144600538
689,-157.06094_21.16922,51.0276464905885
690,-157.06006_21.16748,130.9460123546369
691,-157.05726_21.16548,59.68927335443831
692,-157.05711_21.16607,20.890002573005265
693,-157.05696_21.17007,224.30750566232157
694,-157.00466_21.16135,395.3099267288685
695,-157.00495_21.16122,409.4132272474995
696,-157.00549_21.16100,384.1254368040144
697,-157.00921_21.16030,301.13035787052183
698,-157.00850_21.16071,315.6053833099307
699,-157.00737_21.16095,332.9149523055476
700,-157.00787_21.16023,252.23984107271596
701,-157.00732_21.16045,278.02752102109275
702,-157.00521_21.16160,426.1462640428932
703,-157.00672_21.16086,332.1245538048029
704,-157.00763_21.16033,262.4158070789556
705,-157.00662_21.16062,308.35428287581306
706,-157.04886_21.16546,294.73271332077127
707,-157.04944_21.16545,268.1232774974062
708,-157.05002_21.16673,123.34025349084206
709,-157.04994_21.16620,170.7635082543046
710,-157.04985_21.16603,191.64389448843238
711,-157.05041_21.16600,164.7215987104094
712,-157.05066_21.16597,159.77000073491195
713,-157.00708_21.08155,384.0185073195397
714,-157.05083_21.16626,124.34881129273359
715,-157.05051_21.16631,129.06961797751524
716,-157.05055_21.16658,100.97041117411005
717,-157.05070_21.16699,53.80902657897502
718,-157.05049_21.16691,73.96862432552412
719,-157.05096_21.16554,198.560312406074
720,-157.05310_21.16421,268.4749929763986
721,-157.05294_21.16487,212.26436506450744
722,-157.05286_21.16519,186.06684675765155
723,-157.05277_21.16551,162.16518547080904
724,-157.05253_21.16648,88.01388631852095
725,-157.05244_21.16681,52.535574780202936
726,-157.05233_21.16722,7.0531565193180565
727,-157.05211_21.16806,85.25661881104979
728,-157.05260_21.16408,305.02308283583926
729,-157.05251_21.16443,277.17544158251155
730,-157.05243_21.16475,251.289545287695
731,-157.05234_21.16507,227.70608547844813
732,-157.05226_21.16540,204.70978845288937
733,-157.05218_21.16572,173.68992880575814
734,-157.05210_21.16604,137.63148037410502
735,-157.05201_21.16637,101.62271962567472
736,-157.05193_21.16669,65.64474430634824
737,-157.05191_21.16708,23.05484090575433
738,-157.05165_21.16730,0.24285745895682398
739,-156.75043_21.13161,27.976774194836334
740,-156.74406_21.14693,130.0953907557532
741,-156.95895_21.06726,295.77274164558423
742,-156.95723_21.06685,420.4353785757595
743,-156.95702_21.06678,439.82503487265234
744,-156.98756_21.07875,390.0697393608201
745,-156.98771_21.07889,369.1157363622384
746,-156.98794_21.07889,349.1054850107313
747,-156.98846_21.07757,325.62570205616083
748,-156.98828_21.07804,328.5765139179902
749,-156.99793_21.08438,411.8953573843552
750,-156.99855_21.08422,406.411499821701
751,-156.99853_21.08458,370.1490191578465
752,-156.99834_21.08485,348.916456740206
753,-156.99826_21.08511,324.68396802929993
754,-156.99801_21.08552,290.4524968698054
755,-156.99785_21.08578,270.7623780870785
756,-156.99775_21.08614,239.67705845460546
757,-156.99907_21.08500,307.9141815441514
758,-156.99951_21.08459,338.25348581064196
759,-157.00003_21.08480,295.04356146866314
760,-156.99969_21.08538,248.82164238120396
761,-156.99951_21.08567,223.20288039710084
762,-156.99934_21.08596,197.76643006046277
763,-156.99851_21.08685,134.75800659034314
764,-156.99782_21.08665,185.18091314509616
765,-156.99748_21.08656,205.18797763908347
766,-156.99721_21.08635,236.2950394167819
767,-156.99709_21.08656,217.416653374804
768,-156.99679_21.08649,236.3604286860949
769,-156.99758_21.08496,365.17998712519966
770,-156.99818_21.08530,307.1254907573428
771,-156.99871_21.08399,425.7279953588687
772,-156.99780_21.08596,255.00778507444844
773,-156.99825_21.08559,273.6411338580648
774,-156.99853_21.08568,255.7127532393468
775,-156.99776_21.08467,387.0164497717108
776,-157.00132_21.08101,675.6798380425017
777,-157.00118_21.08098,680.981850788486
778,-157.00106_21.08086,694.729475122911
779,-157.00021_21.08062,608.2137392839617
780,-157.00220_21.08164,587.1124938638025
781,-157.00170_21.08168,593.1225894180876
782,-157.00141_21.08157,612.5822386358822
783,-157.00127_21.08158,614.0770241080816
784,-157.00098_21.08151,624.5946627656405
785,-157.00083_21.08148,630.7478662215314
786,-157.00069_21.08144,637.5617689549252
787,-157.00044_21.08139,639.9539666866629
788,-157.00003_21.08123,595.1433384559947
789,-156.96307_21.06845,146.168364649759
790,-156.96425_21.06893,110.29336989849303
791,-156.96581_21.06936,18.238428806484546
792,-156.96632_21.06943,28.05154501128706
793,-156.96717_21.06980,121.01763921061695
794,-156.96738_21.06987,143.38120307483527
795,-156.96759_21.06996,167.3432554858015
796,-156.96784_21.07005,193.57360583654537
797,-156.96974_21.07047,385.83154139498487
798,-156.96997_21.07051,409.1676242148553
799,-156.97043_21.07056,454.63822101444197
800,-156.97063_21.07059,474.96603460967833
801,-156.97106_21.07062,498.6049921007289
802,-156.99962_21.08011,548.1608745402947
803,-156.99918_21.08005,502.63756121735946
804,-156.99904_21.08021,487.3576038644474
805,-156.99843_21.07981,427.8872495420594
806,-156.99795_21.08050,372.6367496381592
807,-156.99626_21.07979,204.3726290553017
808,-156.99587_21.07932,167.56436615952373
809,-156.99552_21.07919,132.04252147100163
810,-156.99528_21.07909,107.98670709152937
811,-156.99522_21.07951,98.35378583413919
812,-156.99500_21.07997,71.52692916152687
813,-156.99579_21.07974,156.22173222565308
814,-156.99846_21.08058,426.0152688569319
815,-156.98174_21.07726,258.854598873876
816,-156.95647_21.08495,76.79855088324302
817,-156.99340_21.07803,104.23430309084908
818,-156.99247_21.07777,66.18904751779232
819,-156.99183_21.07759,1.1795504396114092
820,-156.99148_21.07758,34.22116103707759
821,-156.99107_21.07754,74.35529394723326
822,-156.99062_21.07743,121.1668236335675
823,-156.99016_21.07729,170.48797381087763
824,-156.98979_21.07717,210.4541813611909
825,-156.98628_21.07653,575.5418876185965
826,-156.98576_21.07630,528.3885189829786
827,-156.98524_21.07607,469.2497719293345
828,-156.98472_21.07584,410.7847122283922
829,-156.98119_21.07335,43.326385014272816
830,-156.98059_21.07324,96.1285305425367
831,-156.99920_21.08236,541.4956074637664
832,-156.99926_21.08201,535.2529057103247
833,-156.99949_21.08143,542.8427905006624
834,-157.00035_21.08178,608.1026580932335
835,-156.99976_21.08268,528.7675413187852
836,-156.99958_21.08296,503.44421522108127
837,-156.99900_21.08353,465.80904921556447
838,-156.99930_21.08371,435.8764671798906
839,-156.99956_21.08387,409.1089984953531
840,-156.99974_21.08414,374.51333009459887
841,-156.99999_21.08350,434.6669098596323
842,-157.00000_21.08321,465.6187960537671
843,-157.00029_21.08299,481.2050408661282
844,-157.00047_21.08270,506.34251854561006
845,-157.00096_21.08225,544.676726997358
846,-157.00090_21.08184,589.4241583039735
847,-157.00128_21.08248,514.0370982076112
848,-157.00125_21.08277,482.56213209366194
849,-157.00108_21.08306,453.34726486616006
850,-157.00064_21.08378,386.50215311237696
851,-156.78131_21.08396,201.09960132111883
852,-156.78033_21.08577,22.460631478921975
853,-156.77076_21.08973,417.3396933324555
854,-156.77526_21.08830,54.15583210234917
855,-156.77555_21.08872,50.984835376725776
856,-156.77115_21.08855,315.15513726783354
857,-156.77363_21.08627,45.28468414533042
858,-156.77925_21.08441,27.332531764499784
859,-156.82654_21.06278,131.9657197246482
860,-156.82679_21.06266,160.49469360261895
861,-156.82732_21.06204,246.51083294054212
862,-156.82823_21.06556,75.92824656038162
863,-156.82436_21.06436,150.46313140461123
864,-156.82459_21.06417,118.8304752736102
865,-156.82483_21.06419,102.89870197304859
866,-156.82497_21.06443,104.84314007291007
867,-156.82506_21.06466,106.26780567612343
868,-156.82476_21.06462,132.82685007901875
869,-156.82484_21.06481,133.76421488634753
870,-156.82466_21.06493,156.3114482540825
871,-156.82449_21.06477,164.81850359464545
872,-156.82442_21.06509,185.4711927883821
873,-156.82431_21.06489,187.32795165486127
874,-156.82423_21.06521,209.1033057256589
875,-156.82407_21.06505,217.47437048010372
876,-156.82399_21.06539,240.03866822699572
877,-156.82392_21.06519,237.98461615932362
878,-156.82378_21.06552,222.65807882015844
879,-156.96624_21.07800,138.64725892603633
880,-156.82364_21.06531,212.0176304049839
881,-157.03540_21.09861,607.1938437000648
882,-157.03562_21.10168,292.06903486909334
883,-156.99877_21.08200,486.2023903702845
884,-156.99864_21.08220,480.4498309036866
885,-156.99839_21.08257,472.61983378793417
886,-156.98870_21.07881,271.35424562981757
887,-156.93544_21.06899,122.70902375946741
888,-156.94107_21.06730,4.732285366918231
889,-156.94365_21.06874,31.23080571984143
890,-156.95900_21.06897,123.23748450394072
891,-156.96197_21.07107,152.04066542667243
892,-156.95973_21.07109,106.94624247829469
893,-156.96866_21.07170,302.1805725161932
894,-156.95649_21.06670,479.8028997553624
895,-156.91193_21.05762,69.05490146895768
896,-156.91103_21.05740,20.40305136152463
897,-156.87937_21.04852,281.8088401229341
898,-156.88181_21.05436,148.7082486876754
899,-156.83282_21.05990,406.6613021362963
900,-156.82926_21.06196,282.55633986244516
901,-156.83022_21.06174,225.4596942563672
902,-156.82946_21.06325,177.8454344253229
903,-156.82936_21.06316,184.4927963692269
904,-156.83011_21.06311,149.7781391485591
905,-156.83435_21.05995,295.1968023979031
906,-156.83406_21.06138,280.96231106307494
907,-156.83353_21.06139,301.6811267010545
908,-156.83218_21.06284,90.27070427023581
909,-156.83431_21.06270,236.52381448922813
910,-156.77553_21.08477,302.82704532338613
911,-156.77942_21.08554,15.856932959919364
912,-156.77884_21.08481,16.243696953163592
913,-156.77127_21.08811,273.0392760011304
914,-156.79577_21.09391,16.985033989372607
915,-156.78673_21.08673,87.53602383283265
916,-157.02108_21.15203,144.8853495338521
917,-156.75997_21.09642,39.71287406864162
918,-157.03537_21.10404,50.50429519831274
919,-157.03355_21.10447,98.73423558464492
920,-156.83348_21.05817,232.3937332008364
921,-156.83428_21.05743,123.86172761780169
922,-156.83478_21.05724,96.237325866063
923,-156.79791_21.07324,64.99716406085084
924,-156.83592_21.05691,21.662187608633083
925,-156.83521_21.05665,30.716402670693906
926,-156.83572_21.05744,72.33110080359381
927,-156.83468_21.05801,181.8923494589832
928,-156.83428_21.05772,154.67240958963637
929,-156.83346_21.05925,342.2434504982905
930,-156.83517_21.05610,29.506904986490245
931,-156.83429_21.05851,240.86051517432358
932,-156.83413_21.05861,253.91018879703282
933,-156.83560_21.05709,60.868387784020605
934,-156.87769_21.05513,185.6322857709213
935,-156.87784_21.05506,169.62997800480028
936,-156.86385_21.05237,488.68292213791347
937,-156.86770_21.05406,195.32805833845313
938,-156.87210_21.05260,288.82126883689233
939,-156.87376_21.05151,493.92201218452624
940,-156.87401_21.05152,517.8174127319561
941,-156.87428_21.05149,545.1408740628185
942,-156.87754_21.04718,473.87338081980226
943,-156.86732_21.05414,214.7796246229192
944,-156.86697_21.05428,224.32163667794705
945,-156.87024_21.05222,125.25422991904527
946,-156.86753_21.05187,115.3769615910486
947,-156.76151_21.09647,110.56284733247642
948,-156.76128_21.09991,121.72328507453909
949,-156.76061_21.09769,35.82215689034672
950,-156.75922_21.09619,96.7069237659238
951,-156.75816_21.09690,228.66653549074402
952,-156.75778_21.09714,276.6311943960406
953,-156.75732_21.09758,263.80765633260154
954,-156.75753_21.09739,290.9745367426508
955,-156.75631_21.09844,164.2292908269006
956,-156.75642_21.09834,172.4410683741498
957,-156.75699_21.09861,144.7891401608462
958,-156.83557_21.05680,41.77419549302835
959,-156.84625_21.06354,13.884509061169382
960,-156.84255_21.05923,101.62034377626688
961,-156.84298_21.05842,158.90564170105083
962,-156.84317_21.05653,157.77447113913402
963,-156.84209_21.05558,73.82878523414381
964,-156.84100_21.05574,28.43559940951712
965,-156.84102_21.05687,41.8121622029236
966,-156.84090_21.05953,72.11829173778706
967,-156.83968_21.05599,165.19236245718832
968,-156.83658_21.05680,40.69773008656392
969,-156.84142_21.05490,26.449465056340877
970,-156.84254_21.05839,113.93028222249642
971,-156.84999_21.05402,786.993826989015
972,-156.87246_21.05419,256.42432579449064
973,-156.87446_21.05543,417.02218599760147
974,-156.87501_21.05579,465.77350072153274
975,-156.87597_21.05560,369.4464004220758
976,-156.87612_21.05554,352.84070934480604
977,-156.87644_21.05548,319.02513783655525
978,-156.87683_21.05543,277.81061592689304
979,-156.80976_21.07162,338.96212550052377
980,-156.79221_21.07581,361.1709572704862
981,-156.75605_21.09864,151.84216941665238
982,-156.76194_21.09547,188.95876065520272
983,-156.76289_21.09567,231.952804299775
984,-156.78576_21.08215,30.21675561272381
985,-156.78391_21.08285,180.72033718996968
986,-156.78247_21.08440,76.38825967838093
987,-156.78808_21.07858,138.64769819265587
988,-156.78225_21.08353,132.8515383775983
989,-156.79083_21.07754,121.91414570020537
990,-156.79450_21.07283,139.41647479287485
991,-156.79519_21.07271,67.0057819568205
992,-156.79556_21.07301,39.35202828802306
993,-156.79582_21.07203,10.28952094524583
994,-156.79629_21.07283,38.827040194673756
995,-156.80970_21.06999,442.6085490001844
996,-156.81078_21.06951,374.39102646697563
997,-156.81143_21.06938,307.76736549
998,-156.80378_21.06925,18.086286839765478
999,-156.80431_21.06894,83.14310701166781
1000,-156.81286_21.06899,170.04613332433152
1001,-156.81993_21.06486,64.0340772860735
1002,-156.82321_21.06349,141.89728764950698
1003,-156.82563_21.06120,210.2240839786623
1004,-156.82305_21.06368,168.9152515535791
1005,-156.82474_21.06367,66.67617708555333
1006,-156.82464_21.06374,80.26345444561694
1007,-156.84465_21.05541,324.3848892323994
1008,-156.82774_21.06521,68.75982655879506
1009,-156.82759_21.06180,285.6030468435066
1010,-156.82664_21.06246,163.8991348509788
1011,-156.82349_21.06514,201.38369464946155
1012,-156.82344_21.06493,201.80105019682037
1013,-156.82368_21.06479,230.3632900153121
1014,-156.82389_21.06467,208.95451686710868
1015,-156.75120_21.10822,221.49797857896442
1016,-156.74635_21.10810,288.82683627423353
1017,-156.74631_21.10668,431.7104089875029
1018,-156.74298_21.11116,29.742327117897137
1019,-156.74345_21.11100,21.632715680375906
1020,-156.74516_21.11107,49.81272464835961
1021,-156.74624_21.11182,44.234353352886174
1022,-156.74505_21.11221,145.64763854227326
1023,-156.74184_21.11192,169.16656250082013
1024,-156.74602_21.11277,147.1706420098296
1025,-157.06475_21.15857,498.6178297382357
1026,-157.05774_21.17020,245.08595420325818
1027,-157.07494_21.17926,55.06570311335189
1028,-157.07508_21.17866,2.546945280434584
1029,-157.09508_21.17833,353.5191276994992
1030,-157.09613_21.17405,122.57258968774336
1031,-157.10656_21.15182,1148.203488529939
1032,-157.11225_21.16589,606.9645084475264
1033,-156.82251_21.06446,144.67397766279004
1034,-157.03969_21.09892,248.00361703296738
1035,-157.04062_21.09970,173.21381384181996
1036,-157.03703_21.10359,38.036130724021326
1037,-156.74036_21.11454,39.93543381373776
1038,-156.74299_21.11151,42.60352595307596
1039,-156.86385_21.07320,82.25956210292885
1040,-156.74165_21.11497,78.64090303760162
1041,-156.73776_21.14266,250.63233624107045
1042,-156.74678_21.15476,80.3574943938342
1043,-157.11558_21.16664,333.8559892961294
1044,-157.08272_21.15407,100.23504638344087
1045,-157.08008_21.15401,211.82559542184018
1046,-157.08029_21.15301,310.748462623576
1047,-157.04975_21.16044,12.107157391709265
1048,-157.09653_21.16566,312.4218768531088
1049,-157.08320_21.17928,490.5040152757127
1050,-157.09952_21.18213,233.9555730571181
1051,-156.78201_21.08369,143.112009542536
1052,-156.79166_21.07992,28.48289065651051
1053,-156.80936_21.06865,531.67532305417
1054,-157.03914_21.10090,245.40057047938683
1055,-157.03828_21.10091,280.53584336373854
1056,-157.03710_21.09969,431.0206541350146
1057,-157.03746_21.10065,318.4952407001351
1058,-157.03774_21.10006,378.76550247622527
1059,-157.03316_21.10436,134.23200803699936
1060,-157.03231_21.10347,261.38815841000013
1061,-157.03193_21.10285,338.78366501959
1062,-157.03188_21.10249,377.4332814217336
1063,-157.03230_21.10121,469.73208361988327
1064,-157.03345_21.10023,514.2637368523797
1065,-157.03310_21.10184,366.43949706344216
1066,-157.03300_21.10251,309.0656917487823
1067,-157.03783_21.10322,37.72806098152643
1068,-157.03918_21.10312,29.28654921521388
1069,-157.25215_21.17288,204.3995522148216
1070,-157.27062_21.15325,319.85918663037893
1071,-157.26650_21.15993,370.4941244017263
1072,-156.98632_21.07789,530.4391643066127
1073,-157.10448_21.16571,917.8124668375607
1074,-157.07154_21.14981,203.8672831617812
1075,-157.07433_21.15027,112.55948826432542
1076,-157.06363_21.16454,15.838412783223722
1077,-157.07470_21.17363,81.0671984157933
1078,-157.07627_21.17397,244.05981296678848
1079,-157.07793_21.17374,403.1841044833785
1080,-157.08089_21.17490,680.4783782071383
1081,-157.08236_21.17534,815.2849713164912
1082,-157.07583_21.16877,486.7001664004684
1083,-157.08308_21.16622,793.9400718845945
1084,-157.09546_21.14667,53.426673737096145
1085,-157.09565_21.15778,859.8151908517294
1086,-157.06316_21.18022,438.47184324534976
1087,-156.98878_21.07686,320.26430739543684
1088,-157.06646_21.16647,351.5336091367492
1089,-157.06111_21.17479,42.26351242421085
1090,-157.04318_21.16448,527.6192114178954
1091,-157.06270_21.16713,280.897885471039
1092,-157.06998_21.17262,40.29507732766479
1093,-157.08596_21.16793,657.3693463903985
1094,-157.07508_21.16508,449.44018257328474
1095,-157.03377_21.09658,586.4423980167297
1096,-157.04287_21.10333,69.1037496942266
1097,-156.99729_21.08409,465.4908801728503
1098,-156.99703_21.08446,439.2923237441323
1099,-157.07088_21.18190,227.65331736258116
1100,-156.87745_21.04803,475.83860171566846
1101,-156.79574_21.07375,47.21561850164043
1102,-157.09722_21.16916,166.83978234439147
1103,-157.08716_21.17619,455.08615201787694
1104,-156.77020_21.09000,482.54483427508376
1105,-157.11081_21.18127,316.7119981244777
1106,-156.97145_21.07065,458.590880141522
1107,-156.75328_21.10124,55.62332612980298
1108,-156.98851_21.07676,350.54210856237836
1109,-157.00986_21.08225,91.72386332928608
1110,-157.05404_21.16241,140.30521136812996
1111,-157.06041_21.16435,50.84531329106699
1112,-157.05322_21.17131,220.2128765205277
1113,-156.97007_21.07985,76.06392463119646
1114,-156.99976_21.08156,573.0032215350064
1115,-157.05281_21.11069,109.09948051113798
1116,-157.03007_21.17766,126.06448504807629
1117,-157.01308_21.14995,248.56332812695823
1118,-157.08369_21.10696,413.04961974179
1119,-156.94397_21.06611,50.69453187015602
1120,-156.95028_21.06695,256.7325174497904
1121,-157.01322_21.15578,369.0212086807849
1122,-157.02085_21.16035,161.73155812150753
1123,-156.96358_21.06961,10.093261174512175
1124,-157.05473_21.17087,204.58321418475919
1125,-157.05387_21.16705,42.776974125972735
1126,-157.05855_21.16660,135.152086135264
1127,-157.05932_21.16846,0.175227375914354
1128,-157.00456_21.16135,387.4965479687837
1129,-157.00662_21.16086,334.2292323857055
1130,-156.99843_21.08458,373.9795274518916
1131,-156.99941_21.08459,341.23854269989084
1132,-156.99993_21.08480,298.7436055686298
1133,-156.99941_21.08567,226.18791588246756
1134,-157.00073_21.08148,632.5029139210618
1135,-156.96622_21.06943,20.3805300387436
1136,-156.99237_21.07777,56.99860308645674
1137,-156.99173_21.07759,10.369986238207671
1138,-156.99138_21.07758,43.41158744874684
1139,-156.98109_21.07335,50.84285568253936
1140,-157.00019_21.08299,484.6976489411679
1141,-156.83272_21.05990,403.3495456552992
1142,-156.83001_21.06311,159.98385846138046
1143,-156.77932_21.08554,24.22337165913505
1144,-156.87774_21.05506,180.021937617415
1145,-156.86760_21.05406,205.0539852546431
1146,-156.87200_21.05260,279.0953485814458
1147,-156.84307_21.05653,147.45523153097886
1148,-156.87587_21.05560,379.6931703379757
1149,-156.79440_21.07283,149.64031459435947
1150,-156.79619_21.07283,29.106381053350514
1151,-156.81983_21.06486,57.30483770711215
1152,-156.82295_21.06368,175.86242466480977
1153,-156.82654_21.06246,156.95628456516218
1154,-156.75110_21.10822,228.9944942076543
1155,-157.05764_21.17020,243.07057461630313
1156,-157.11215_21.16589,614.850495975629
1157,-156.74155_21.11497,82.3932617438135
1158,-156.78191_21.08369,152.1986712185141
1159,-157.00425_21.16454,98.30121796756787
1160,-157.00445_21.16454,108.01345100876848
1161,-157.04692_21.10328,302.4341530978231
1162,-157.04712_21.10328,288.24706176413406
1163,-157.10515_21.17087,514.3023086077147
1164,-157.10535_21.17087,529.8385625541259
1165,-157.11129_21.17218,633.9902205215099
1166,-157.11149_21.17218,615.7573886033828
1167,-156.98164_21.07726,250.53222692286332
1168,-156.98184_21.07726,267.32187717062845
1169,-156.82749_21.06180,277.994942089957
1170,-156.82769_21.06180,293.3820530702182
1171,-156.73766_21.14266,243.81480575287026
1172,-156.73786_21.14266,257.6882979016539
1173,-156.73776_21.14276,242.5073027874384
1174,-157.01793_21.16028,356.1073402560191
1175,-157.01813_21.16028,342.2128906951541
1176,-157.01803_21.16038,357.3903527139971
1177,-157.01803_21.16018,340.9298734720104
1178,-157.01793_21.16038,364.33757526799025
1179,-157.01793_21.16018,347.8771053247871
1180,-157.01813_21.16038,350.4431350098044
1181,-157.01813_21.16018,333.982646465094
1182,-156.99964_21.07987,552.7389520643376
1183,-156.99957_21.07999,543.9848994132631
1184,-156.99953_21.08009,538.8335904736407
1185,-156.99946_21.08021,530.8015999742944
1186,-156.99943_21.08034,527.5242141080302
1187,-156.99954_21.08044,538.4651648814945
1188,-156.99969_21.08039,553.6100287511591
1189,-156.99976_21.08027,561.8498774403593
1190,-156.99982_21.08015,568.9153592719612
1191,-156.99991_21.08003,578.5502705922584
1192,-157.00953_21.15913,222.56855413550304
1193,-157.00970_21.15900,226.76635890667237
1194,-157.00983_21.15883,227.85968691776287
1195,-157.00994_21.15866,227.57573168050072
1196,-157.01014_21.15851,239.71483056425672
1197,-157.01039_21.15823,254.09293530111012
1198,-157.01023_21.15818,236.7709338478736
1199,-157.01002_21.15810,213.3321982170681
1200,-157.00982_21.15803,191.18414648572568
1201,-157.00961_21.15795,167.1465048051502
1202,-157.00961_21.15847,187.61299484340472
1203,-157.00950_21.15865,188.49951197652373
1204,-157.24228_21.18518,242.12246186852252
1205,-157.24245_21.18519,246.0345972178636
1206,-157.24257_21.18534,234.93381096614442
1207,-157.24270_21.18541,232.46769071322825
1208,-157.24288_21.18546,234.65134478461303
1209,-157.24307_21.18549,239.6450293496254
1210,-157.24339_21.18526,276.1033280139437
1211,-157.24357_21.18539,272.3933849757538
1212,-157.24373_21.18540,279.2435924516099
1213,-157.24402_21.18545,284.0158452171839
1214,-157.24401_21.18582,246.59310604063572
1215,-157.24415_21.18595,239.04406897459697
1216,-157.24428_21.18603,237.64224321234963
1217,-157.24314_21.18592,199.41763280170446
1218,-157.24331_21.18597,202.6939660001474
1219,-157.24354_21.18602,208.6629872134446
1220,-157.24360_21.18615,196.162018824037
1221,-157.24353_21.18636,172.50507736040683
1222,-157.24345_21.18658,146.85580723588882
1223,-157.24331_21.18661,138.98521622907663
1224,-157.24323_21.18671,125.05070913668258
1225,-157.24376_21.18721,96.8979626553932
1226,-157.24390_21.18736,87.91153973143066
1227,-157.24406_21.18732,99.40783947336763
1228,-157.24419_21.18728,109.33392996633164
1229,-157.24411_21.18683,150.21990585619326
1230,-157.24402_21.18668,160.67850233871314
1231,-157.24393_21.18657,168.27236779984796
1232,-157.24441_21.18725,120.19261750481142
1233,-157.24457_21.18727,121.57646256539199
1234,-157.24488_21.18542,326.2054907867811
1235,-157.24528_21.18555,323.51832881599734
1236,-157.24556_21.18543,345.11647456773363
1237,-157.24583_21.18529,370.2511330098272
1238,-157.24604_21.18507,401.26208848994736
1239,-157.24606_21.18551,358.51463203918456
1240,-157.24618_21.18589,325.48117861177917
1241,-157.24620_21.18605,310.85534104526806
1242,-157.24640_21.18651,280.78521563752446
1243,-157.24568_21.18646,246.27572704324572
1244,-157.24540_21.18644,235.33788731682125
1245,-157.24518_21.18612,260.50195946809487
1246,-157.24513_21.18581,292.01431143129224
1247,-157.24551_21.18667,217.84375918017673
1248,-157.24543_21.18694,186.70714058406327
1249,-157.24563_21.18727,165.02780252121912
1250,-157.24588_21.18741,169.44132353139088
1251,-157.24618_21.18743,189.6046537344827
1252,-157.24656_21.18743,218.92918870369573
1253,-157.24670_21.18678,279.06034343777117
1254,-157.24720_21.18703,297.68806168114963
1255,-157.24745_21.18729,291.7286463838732
1256,-157.24761_21.18750,273.1966398951394
1257,-157.24700_21.18833,173.60942611729732
1258,-157.24668_21.18827,157.06935219643464
1259,-157.24640_21.18819,148.80606328527776
1260,-157.24608_21.18819,126.08910224418852
1261,-157.24574_21.18831,90.84444641319985
1262,-157.24573_21.18863,66.67615378638615
1263,-157.24586_21.18897,46.31019953488299
1264,-157.24624_21.18894,70.26404406419033
1265,-157.24647_21.18889,90.60935737092251
1266,-157.24497_21.19040,137.42336241762803
1267,-157.24511_21.19016,107.43689601710186
1268,-157.24527_21.18996,79.32949724444664
1269,-157.24557_21.19001,64.80915673739152
1270,-157.24604_21.18990,22.84704595662359
1271,-157.24574_21.19052,96.20921805946884
1272,-157.24564_21.19118,163.67511682217147
1273,-157.24606_21.19119,150.63760380695982
1274,-157.24666_21.19105,127.24512259389795
1275,-157.24700_21.19098,115.95456797421824
1276,-157.24714_21.19077,91.35481772016563
1277,-157.24704_21.19050,62.513884414830855
1278,-157.24672_21.19041,56.199790334530476
1279,-157.24683_21.19016,27.47190217074677
