,Uid,Wave_pwr
0,-157.13194_21.14422,3.90662002563
1,-157.25780_21.14791,13.5404405594
2,-157.24613_21.19028,10.85784
3,-157.20856_21.15703,11.55292
4,-157.21922_21.17738,11.180247
5,-157.21093_21.17253,11.180247
6,-157.20814_21.16662,11.180247
7,-157.24633_21.18319,11.180247
8,-157.24587_21.18317,11.180247
9,-157.24543_21.18312,11.180247
10,-157.24389_21.18321,11.180247
11,-157.24301_21.18322,11.180247
12,-157.22836_21.17295,10.615099
13,-157.22915_21.17232,10.615099
14,-157.25752_21.16708,12.6640024185
15,-157.25225_21.17288,11.55292
16,-157.23650_21.18016,11.180247
17,-157.24170_21.18236,11.180247
18,-157.23469_21.18124,11.180247
19,-157.23121_21.17582,10.615099
20,-157.23136_21.17679,11.180247
21,-157.23181_21.17986,11.180247
22,-157.23348_21.17754,11.180247
23,-157.23346_21.17572,10.615099
24,-157.27220_21.15726,13.5404405594
25,-157.27072_21.15325,13.5404405594
26,-157.26758_21.15938,13.5404405594
27,-157.26660_21.15993,13.5404405594
28,-157.26175_21.16380,13.0949411392
29,-156.98750_21.07828,0.985060989857
30,-156.98726_21.07819,0.985060989857
31,-156.98642_21.07789,0.985060989857
32,-156.98697_21.07781,0.985060989857
33,-156.98728_21.07744,0.985060989857
34,-156.98824_21.07720,0.985060989857
35,-156.98806_21.07713,0.985060989857
36,-156.98814_21.07745,0.985060989857
37,-156.98796_21.07792,0.985060989857
38,-156.98781_21.07782,0.985060989857
39,-157.00002_21.08562,1.6123650074
40,-157.00017_21.08539,1.6123650074
41,-157.00031_21.08518,1.6123650074
42,-157.00043_21.08498,1.6123650074
43,-157.00078_21.08444,1.6123650074
44,-157.00089_21.08427,1.6123650074
45,-156.99628_21.08483,1.6123650074
46,-156.99612_21.08507,1.6123650074
47,-156.99580_21.08554,1.6123650074
48,-156.99588_21.08630,1.6123650074
49,-156.98738_21.07707,0.985060989857
50,-156.98773_21.07739,0.985060989857
51,-156.98855_21.07734,0.985060989857
52,-156.98868_21.07753,0.985060989857
53,-156.98881_21.07786,0.985060989857
54,-157.10458_21.16571,22.2929325104
55,-157.09902_21.16447,22.2929325104
56,-157.10404_21.14645,10.8619861603
57,-157.07005_21.14893,4.0457701683
58,-157.07164_21.14981,4.0457701683
59,-157.05835_21.17505,22.5975627899
60,-157.05894_21.17629,22.5975627899
61,-157.05935_21.17527,22.5975627899
62,-157.05927_21.17575,22.5975627899
63,-156.98901_21.07795,0.985060989857
64,-156.98876_21.07856,6.64666223526
65,-156.98854_21.07856,6.64666223526
66,-156.99727_21.08526,1.6123650074
67,-156.99738_21.08476,1.6123650074
68,-156.99775_21.08421,1.6123650074
69,-156.99801_21.08400,1.6123650074
70,-156.99819_21.08371,1.6123650074
71,-157.08150_21.15589,22.2929325104
72,-157.08349_21.15446,22.2929325104
73,-157.11548_21.17975,22.2929325104
74,-157.11353_21.18030,22.2929325104
75,-157.08203_21.18424,21.6665916443
76,-157.08359_21.18458,21.6665916443
77,-157.08543_21.18104,21.6665916443
78,-157.06544_21.15892,23.2018013
79,-156.95489_21.06662,0.772778987885
80,-156.95508_21.06664,0.772778987885
81,-156.95531_21.06666,0.772778987885
82,-156.95592_21.06668,0.772778987885
83,-156.95629_21.06669,0.772778987885
84,-156.95462_21.06733,0.772778987885
85,-156.95265_21.06691,0.772778987885
86,-156.95364_21.06646,0.772778987885
87,-157.28756_21.14135,13.5563287735
88,-157.07443_21.15027,10.8619861603
89,-157.06373_21.16454,21.6665916443
90,-157.07261_21.16906,21.6665916443
91,-157.07323_21.17329,22.0088233948
92,-157.07480_21.17363,22.0088233948
93,-157.07637_21.17397,22.0088233948
94,-157.07803_21.17374,21.6665916443
95,-157.07948_21.17452,21.6665916443
96,-157.08099_21.17490,21.6665916443
97,-157.08246_21.17534,21.6665916443
98,-157.06868_21.17164,22.0088233948
99,-157.06922_21.16945,22.0088233948
100,-157.07747_21.17752,22.0088233948
101,-157.07009_21.16708,21.6665916443
102,-157.07035_21.16475,21.6665916443
103,-157.07058_21.16381,23.5026836395
104,-157.07134_21.16069,23.2018013
105,-157.07103_21.15953,22.943107605
106,-157.07140_21.15960,22.943107605
107,-157.07178_21.15969,23.2018013
108,-157.07216_21.15976,23.2018013
109,-157.07218_21.16387,23.2018013
110,-157.07375_21.16420,23.5026836395
111,-157.07646_21.16490,23.2018013
112,-157.07593_21.16877,21.6665916443
113,-157.07941_21.16132,22.943107605
114,-157.08003_21.16555,23.2018013
115,-157.08252_21.16217,22.943107605
116,-157.08066_21.16978,23.5026836395
117,-157.08318_21.16622,22.943107605
118,-156.86999_21.05081,0.296590000391
119,-156.87096_21.05074,0.296590000391
120,-157.00100_21.08410,1.6123650074
121,-157.00110_21.08394,1.6123650074
122,-157.00130_21.08364,1.6123650074
123,-157.00150_21.08333,1.6123650074
124,-157.00160_21.08317,1.6123650074
125,-157.00170_21.08302,1.6123650074
126,-157.00180_21.08287,1.6123650074
127,-157.00210_21.08241,1.6123650074
128,-157.00220_21.08225,1.6123650074
129,-157.00227_21.08189,1.6123650074
130,-157.00318_21.08174,1.6123650074
131,-157.00341_21.08185,1.6123650074
132,-157.00309_21.08224,1.6123650074
133,-157.09556_21.14667,10.8619861603
134,-157.12755_21.14364,3.90662002563
135,-157.11619_21.15212,22.1948890686
136,-157.09711_21.16406,22.2929325104
137,-157.10089_21.16492,22.2929325104
138,-157.07593_21.15079,10.8619861603
139,-157.07827_21.15148,4.77311515808
140,-157.06701_21.15771,22.943107605
141,-157.06861_21.15797,22.943107605
142,-157.07200_21.15066,10.8619861603
143,-157.07194_21.15851,22.943107605
144,-157.07360_21.15888,22.943107605
145,-157.07527_21.15923,22.943107605
146,-157.07867_21.15249,22.2929325104
147,-157.08341_21.15778,22.2929325104
148,-157.08080_21.15855,22.943107605
149,-157.08163_21.16030,22.943107605
150,-157.08261_21.16087,22.943107605
151,-157.09087_21.16281,22.943107605
152,-157.09301_21.16322,22.2929325104
153,-157.09674_21.15794,22.2929325104
154,-157.08416_21.16128,22.943107605
155,-157.08933_21.16006,22.2929325104
156,-157.09575_21.15778,22.2929325104
157,-157.08719_21.15855,22.2929325104
158,-157.08086_21.15942,22.943107605
159,-157.08181_21.15376,22.2929325104
160,-157.08184_21.15496,22.2929325104
161,-156.95257_21.06707,0.772778987885
162,-156.95249_21.06722,0.772778987885
163,-156.95242_21.06738,0.772778987885
164,-156.95232_21.06753,0.772778987885
165,-156.95223_21.06776,0.772778987885
166,-156.95193_21.06780,0.772778987885
167,-156.95166_21.06782,0.772778987885
168,-156.95161_21.06765,0.772778987885
169,-156.95186_21.06738,0.772778987885
170,-156.95204_21.06722,0.772778987885
171,-156.95180_21.06721,0.772778987885
172,-156.95155_21.06727,0.772778987885
173,-156.95156_21.06707,0.772778987885
174,-156.95165_21.06681,2.87558293343
175,-156.95186_21.06677,2.87558293343
176,-156.95207_21.06684,0.772778987885
177,-156.95225_21.06609,0.772778987885
178,-156.95207_21.06601,0.772778987885
179,-156.95362_21.06737,0.772778987885
180,-156.94586_21.07134,2.87558293343
181,-156.93975_21.07173,1.1388130188
182,-156.76197_21.09679,4.64543581009
183,-156.76287_21.09747,4.64543581009
184,-156.76363_21.09848,4.64543581009
185,-157.00741_21.16127,1.98892903328
186,-157.00769_21.16119,1.98892903328
187,-157.05891_21.17517,22.5975627899
188,-157.06179_21.17893,22.5975627899
189,-157.06326_21.18022,22.5975627899
190,-157.06483_21.18059,22.5975627899
191,-157.05941_21.17631,22.5975627899
192,-157.05985_21.17731,22.5975627899
193,-157.06076_21.17765,22.5975627899
194,-157.06090_21.17688,22.5975627899
195,-157.06107_21.17648,22.5975627899
196,-157.06031_21.17636,22.5975627899
197,-157.05991_21.17547,22.5975627899
198,-157.00697_21.16215,2.82686710358
199,-157.00687_21.16186,2.82686710358
200,-157.00669_21.16195,2.82686710358
201,-157.00653_21.16204,1.98892903328
202,-157.00676_21.16228,2.82686710358
203,-157.00675_21.16256,22.2929325104
204,-157.00607_21.16231,1.98892903328
205,-157.00554_21.16218,1.98892903328
206,-157.00556_21.16198,1.98892903328
207,-157.00579_21.16191,1.98892903328
208,-157.00597_21.16181,1.98892903328
209,-156.97902_21.07264,0.904797017574
210,-156.97856_21.07244,0.904797017574
211,-156.97779_21.07208,0.904797017574
212,-156.97743_21.07189,0.904797017574
213,-156.98923_21.07688,0.985060989857
214,-156.98888_21.07686,0.985060989857
215,-157.06210_21.16463,21.6665916443
216,-157.06519_21.16514,21.6665916443
217,-157.06656_21.16647,21.6665916443
218,-157.06882_21.16369,23.7936935425
219,-157.04613_21.16245,23.5026836395
220,-157.06121_21.17479,22.2506084442
221,-157.06346_21.17201,22.0088233948
222,-157.06472_21.17397,22.2506084442
223,-157.06586_21.17588,22.2506084442
224,-157.04328_21.16448,22.0088233948
225,-157.00406_21.16160,2.49733495712
226,-157.00311_21.16169,2.54911994934
227,-157.00333_21.16198,2.49733495712
228,-157.00368_21.16239,2.49733495712
229,-157.00388_21.16229,2.49733495712
230,-157.00425_21.16210,2.49733495712
231,-157.00443_21.16201,1.83635497093
232,-157.00631_21.16162,1.98892903328
233,-157.00647_21.16153,1.83635497093
234,-157.00520_21.16214,1.83635497093
235,-157.00529_21.16230,1.83635497093
236,-157.00547_21.16261,1.98892903328
237,-157.00556_21.16277,1.98892903328
238,-156.99814_21.08295,1.6123650074
239,-157.00460_21.16186,1.83635497093
240,-157.00488_21.16254,2.52274894714
241,-157.00408_21.16278,2.49733495712
242,-157.00419_21.16303,2.49733495712
243,-157.00376_21.16340,2.52274894714
244,-157.00434_21.16375,1.98892903328
245,-157.00416_21.16344,2.52274894714
246,-157.00483_21.16353,1.98892903328
247,-157.00476_21.16333,1.98892903328
248,-157.00469_21.16316,2.52274894714
249,-157.00555_21.16355,22.2929325104
250,-157.00567_21.16376,22.2929325104
251,-157.00578_21.16396,22.2929325104
252,-157.00556_21.16401,22.943107605
253,-157.00538_21.16370,1.98892903328
254,-157.00522_21.16378,1.98892903328
255,-157.00540_21.16409,22.1948890686
256,-157.00491_21.16393,1.98892903328
257,-157.00509_21.16424,22.1948890686
258,-157.00481_21.16418,22.1948890686
259,-157.00414_21.16427,2.82686710358
260,-157.00435_21.16454,22.1948890686
261,-157.00459_21.16481,22.943107605
262,-157.00489_21.16479,22.943107605
263,-157.00547_21.16464,22.943107605
264,-157.00592_21.16462,22.943107605
265,-157.00575_21.16438,22.943107605
266,-157.00603_21.16426,22.943107605
267,-157.00616_21.16454,22.943107605
268,-157.00505_21.16292,2.52274894714
269,-157.05414_21.17199,22.5975627899
270,-157.06280_21.16713,22.0088233948
271,-157.06308_21.16722,22.0088233948
272,-157.06338_21.16727,22.0088233948
273,-157.06367_21.16735,21.6665916443
274,-157.05438_21.17224,22.5975627899
275,-157.05462_21.17249,22.5975627899
276,-157.05489_21.17273,22.5975627899
277,-157.05513_21.17299,22.5975627899
278,-157.03023_21.09296,11.9335298538
279,-157.03305_21.09458,1.07339394093
280,-157.03387_21.09496,1.07339394093
281,-157.07721_21.18321,22.0088233948
282,-157.07877_21.18354,22.0088233948
283,-157.07478_21.17968,22.0088233948
284,-157.06762_21.17599,22.2506084442
285,-157.07008_21.17262,22.0088233948
286,-157.07129_21.17273,22.0088233948
287,-157.07016_21.17654,22.0088233948
288,-157.07045_21.17660,22.0088233948
289,-157.07074_21.17666,22.0088233948
290,-157.07104_21.17672,22.0088233948
291,-157.07133_21.17679,22.0088233948
292,-157.08469_21.16657,22.943107605
293,-157.08606_21.16793,22.943107605
294,-157.08786_21.16719,22.943107605
295,-157.08844_21.17135,22.943107605
296,-157.09097_21.16782,22.943107605
297,-157.09252_21.16821,22.943107605
298,-157.09504_21.16464,22.943107605
299,-157.07518_21.16508,23.2018013
300,-157.03453_21.09521,1.07339394093
301,-157.02861_21.09604,11.9335298538
302,-157.03177_21.09674,1.07339394093
303,-157.03387_21.09658,1.07339394093
304,-157.04190_21.09985,1.07339394093
305,-157.04395_21.10145,1.07339394093
306,-157.04702_21.10328,4.34668779373
307,-157.04836_21.10315,4.34668779373
308,-157.04870_21.10500,4.34668779373
309,-157.04969_21.10587,4.34668779373
310,-157.04145_21.10320,1.07339394093
311,-157.04297_21.10333,1.07339394093
312,-157.04397_21.10364,1.07339394093
313,-157.04511_21.10404,4.34668779373
314,-157.04587_21.10469,4.34668779373
315,-157.04715_21.10509,4.34668779373
316,-156.99801_21.08314,1.6123650074
317,-156.99752_21.08390,1.6123650074
318,-156.99739_21.08409,1.6123650074
319,-156.99713_21.08446,1.6123650074
320,-156.99701_21.08465,1.6123650074
321,-156.99687_21.08485,1.6123650074
322,-156.99658_21.08527,1.6123650074
323,-156.99621_21.08582,1.6123650074
324,-156.99862_21.08139,1.6123650074
325,-156.99822_21.08195,1.6123650074
326,-156.99810_21.08214,1.6123650074
327,-156.99797_21.08233,1.6123650074
328,-156.99784_21.08252,1.6123650074
329,-156.99772_21.08271,1.6123650074
330,-156.99747_21.08308,1.6123650074
331,-156.99735_21.08327,1.6123650074
332,-156.99704_21.08340,1.6123650074
333,-156.99692_21.08357,1.6123650074
334,-156.99669_21.08381,1.6123650074
335,-156.99684_21.08402,1.6123650074
336,-156.99671_21.08420,1.6123650074
337,-156.99658_21.08439,1.6123650074
338,-156.98834_21.07849,6.64666223526
339,-156.98783_21.07813,0.985060989857
340,-156.98773_21.07839,0.985060989857
341,-156.98755_21.07805,0.985060989857
342,-156.98738_21.07798,0.985060989857
343,-156.98685_21.07802,0.985060989857
344,-156.98655_21.07763,0.985060989857
345,-156.98645_21.07850,0.985060989857
346,-156.98667_21.07856,0.985060989857
347,-156.98688_21.07864,0.985060989857
348,-156.98735_21.07867,0.985060989857
349,-157.00588_21.16273,1.98892903328
350,-157.00612_21.16270,1.98892903328
351,-157.00625_21.16290,1.98892903328
352,-157.06633_21.18101,22.2506084442
353,-157.06786_21.18123,22.2506084442
354,-157.06942_21.18156,22.2506084442
355,-157.07098_21.18190,22.2506084442
356,-157.07255_21.18223,22.0088233948
357,-157.07566_21.18292,22.0088233948
358,-156.85161_21.05797,0.370380997658
359,-156.87697_21.04899,1.53787302971
360,-156.87755_21.04803,1.53787302971
361,-156.87726_21.04898,1.53787302971
362,-156.76117_21.09520,4.64543581009
363,-156.76187_21.09609,4.64543581009
364,-156.76199_21.09639,4.64543581009
365,-156.98789_21.07911,0.985060989857
366,-156.98706_21.07882,0.985060989857
367,-157.00248_21.08288,1.6123650074
368,-157.00237_21.08303,1.6123650074
369,-157.00226_21.08318,1.6123650074
370,-157.00215_21.08333,1.6123650074
371,-157.00204_21.08347,1.6123650074
372,-157.00193_21.08362,1.6123650074
373,-157.00161_21.08407,1.6123650074
374,-157.00138_21.08437,1.6123650074
375,-157.00115_21.08468,1.6123650074
376,-157.00103_21.08485,1.6123650074
377,-157.00090_21.08503,1.6123650074
378,-157.00076_21.08522,1.6123650074
379,-157.00061_21.08541,1.6123650074
380,-157.00046_21.08562,1.6123650074
381,-157.00030_21.08585,1.6123650074
382,-157.00013_21.08608,1.6123650074
383,-156.95339_21.06640,0.772778987885
384,-156.95436_21.06659,0.772778987885
385,-156.95454_21.06661,0.772778987885
386,-156.95471_21.06662,0.772778987885
387,-156.79584_21.07375,1.3457750082
388,-157.09732_21.16916,22.943107605
389,-157.09888_21.16950,22.2929325104
390,-157.08724_21.16317,22.943107605
391,-157.08664_21.17198,22.943107605
392,-157.08726_21.17619,23.2018013
393,-156.76241_21.09543,4.64543581009
394,-156.77030_21.09000,4.79507398605
395,-156.77278_21.08783,4.79507398605
396,-156.77363_21.08723,0.664008975029
397,-156.77535_21.08943,0.664008975029
398,-156.77466_21.08658,0.664008975029
399,-156.79158_21.07644,2.57796311378
400,-156.79130_21.07665,2.57796311378
401,-156.78955_21.07762,2.57796311378
402,-156.78581_21.08057,0.738330006599
403,-156.79344_21.07649,1.3457750082
404,-157.00011_21.16149,0.782214999199
405,-157.00730_21.16189,2.82686710358
406,-157.00744_21.16210,2.82686710358
407,-157.00755_21.16234,2.82686710358
408,-157.00739_21.16247,2.82686710358
409,-157.00715_21.16255,22.2929325104
410,-157.08975_21.17270,22.943107605
411,-157.09102_21.17271,22.943107605
412,-157.09193_21.17720,23.2018013
413,-157.09363_21.17756,22.943107605
414,-157.09675_21.17823,22.943107605
415,-157.09919_21.17482,22.943107605
416,-157.09778_21.18070,22.943107605
417,-157.10038_21.17677,22.943107605
418,-157.10051_21.18298,22.943107605
419,-157.10779_21.18060,22.2929325104
420,-157.10935_21.18094,22.2929325104
421,-157.11091_21.18127,22.2929325104
422,-157.10076_21.16599,22.2929325104
423,-157.10105_21.16606,22.2929325104
424,-157.10134_21.16612,22.2929325104
425,-157.10163_21.16618,22.2929325104
426,-157.10192_21.16624,22.2929325104
427,-157.10011_21.17367,22.943107605
428,-157.09982_21.17361,22.943107605
429,-157.09953_21.17355,22.943107605
430,-157.09895_21.17342,22.943107605
431,-157.10407_21.16835,22.2929325104
432,-157.10525_21.17087,22.2929325104
433,-157.10681_21.17120,22.2929325104
434,-157.10837_21.17153,22.2929325104
435,-157.10992_21.17187,22.2929325104
436,-157.11139_21.17218,22.2929325104
437,-157.11328_21.17635,22.2929325104
438,-157.11397_21.17349,22.2929325104
439,-156.97155_21.07065,0.904797017574
440,-156.96346_21.06887,0.871667981148
441,-156.96478_21.06915,0.871667981148
442,-156.96024_21.06768,0.871667981148
443,-156.75801_21.10079,4.64543581009
444,-156.75281_21.10168,7.01284599304
445,-156.75338_21.10124,7.01284599304
446,-157.00697_21.16247,22.2929325104
447,-156.98841_21.07668,0.985060989857
448,-156.98821_21.07658,0.985060989857
449,-156.98719_21.07612,0.985060989857
450,-156.98801_21.07649,0.985060989857
451,-156.97832_21.07236,0.904797017574
452,-156.97811_21.07225,0.904797017574
453,-156.98953_21.07709,0.985060989857
454,-156.98861_21.07676,0.985060989857
455,-156.98921_21.07709,0.985060989857
456,-156.98747_21.07630,0.985060989857
457,-156.98760_21.07619,0.985060989857
458,-156.98250_21.07395,0.904797017574
459,-156.98223_21.07383,0.904797017574
460,-156.98197_21.07368,0.904797017574
461,-156.98025_21.07313,0.904797017574
462,-156.97987_21.07299,0.904797017574
463,-157.01101_21.08273,1.6123650074
464,-157.01126_21.08286,1.6123650074
465,-157.01151_21.08300,1.6123650074
466,-157.01206_21.08326,1.6123650074
467,-157.01233_21.08334,1.6123650074
468,-157.01263_21.08345,1.6123650074
469,-157.01290_21.08353,1.6123650074
470,-157.01242_21.08416,1.6123650074
471,-157.01203_21.08385,1.6123650074
472,-157.01178_21.08374,1.6123650074
473,-157.01152_21.08362,1.6123650074
474,-157.01126_21.08350,1.6123650074
475,-157.01074_21.08326,1.6123650074
476,-157.01049_21.08375,1.6123650074
477,-157.01075_21.08388,1.6123650074
478,-157.01101_21.08400,1.6123650074
479,-157.01126_21.08412,1.6123650074
480,-157.01152_21.08424,1.6123650074
481,-157.01177_21.08436,1.6123650074
482,-157.01230_21.08440,1.6123650074
483,-157.01216_21.08467,1.6123650074
484,-157.00911_21.08191,1.6123650074
485,-157.00945_21.08203,1.6123650074
486,-157.00970_21.08213,1.6123650074
487,-157.00996_21.08225,1.6123650074
488,-157.01021_21.08236,1.6123650074
489,-157.01049_21.08251,1.6123650074
490,-157.01075_21.08262,1.6123650074
491,-157.01048_21.08314,1.6123650074
492,-157.01022_21.08302,1.6123650074
493,-157.00996_21.08290,1.6123650074
494,-157.00970_21.08278,1.6123650074
495,-157.00945_21.08266,1.6123650074
496,-157.00919_21.08255,1.6123650074
497,-157.00883_21.08237,1.6123650074
498,-157.00856_21.08282,1.6123650074
499,-157.00895_21.08300,1.6123650074
500,-157.00921_21.08313,1.6123650074
501,-157.00946_21.08325,1.6123650074
502,-157.00971_21.08337,1.6123650074
503,-157.00997_21.08350,1.6123650074
504,-157.01022_21.08362,1.6123650074
505,-156.99849_21.08352,1.6123650074
506,-156.99829_21.08336,1.6123650074
507,-156.99868_21.08323,1.6123650074
508,-156.99886_21.08296,1.6123650074
509,-156.79552_21.07381,1.3457750082
510,-156.79419_21.07601,1.3457750082
511,-156.79606_21.07158,1.3457750082
512,-156.80277_21.07127,1.3457750082
513,-156.79589_21.07464,1.3457750082
514,-156.79631_21.07147,1.3457750082
515,-156.80188_21.07240,1.3457750082
516,-156.79894_21.07317,1.3457750082
517,-156.79790_21.07365,1.3457750082
518,-156.79687_21.07364,1.3457750082
519,-156.80129_21.07051,1.3457750082
520,-156.80416_21.06856,2.00781798363
521,-156.81570_21.06772,0.717773973942
522,-156.81191_21.06909,0.717773973942
523,-156.80615_21.07114,2.00781798363
524,-157.08974_21.18197,23.2018013
525,-157.08573_21.18110,21.6665916443
526,-157.08944_21.18190,23.2018013
527,-157.08603_21.18117,21.6665916443
528,-157.08633_21.18123,21.6665916443
529,-157.08662_21.18131,21.6665916443
530,-156.81677_21.06774,0.717773973942
531,-156.81913_21.06789,0.717773973942
532,-156.82418_21.06447,0.717773973942
533,-157.08914_21.18184,21.6665916443
534,-157.08884_21.18177,21.6665916443
535,-157.08854_21.18171,21.6665916443
536,-157.05218_21.16225,23.5026836395
537,-157.05414_21.16241,23.5026836395
538,-157.05584_21.16296,23.5026836395
539,-157.05893_21.16416,21.6665916443
540,-157.06051_21.16435,21.6665916443
541,-157.04439_21.16764,22.5975627899
542,-157.04822_21.16631,22.2506084442
543,-157.04833_21.16978,22.5975627899
544,-157.04908_21.17296,22.5975627899
545,-157.05332_21.17131,22.5975627899
546,-157.05252_21.17614,22.3342056274
547,-157.05238_21.17824,22.3342056274
548,-157.05504_21.17902,22.3342056274
549,-157.05141_21.16901,22.5975627899
550,-157.04883_21.17107,22.5975627899
551,-157.05693_21.16391,21.6665916443
552,-157.06987_21.15940,22.943107605
553,-157.06251_21.16710,22.0088233948
554,-156.95460_21.07414,0.772778987885
555,-156.95216_21.07581,0.772778987885
556,-156.97114_21.07420,0.904797017574
557,-156.97017_21.07985,0.904797017574
558,-157.04770_21.10623,4.34668779373
559,-157.02962_21.09637,11.9335298538
560,-157.04635_21.10278,4.34668779373
561,-157.04608_21.10267,4.34668779373
562,-157.04583_21.10256,4.34668779373
563,-157.04557_21.10244,4.34668779373
564,-157.04597_21.10339,4.34668779373
565,-157.04570_21.10329,4.34668779373
566,-157.04545_21.10318,4.34668779373
567,-157.04518_21.10306,4.34668779373
568,-157.04488_21.10293,4.34668779373
569,-157.04464_21.10283,1.07339394093
570,-157.04413_21.10261,1.07339394093
571,-157.04383_21.10248,1.07339394093
572,-157.04358_21.10238,1.07339394093
573,-157.04332_21.10227,1.07339394093
574,-157.04308_21.10216,1.07339394093
575,-157.03017_21.09661,1.07339394093
576,-157.02930_21.09873,1.07339394093
577,-157.04001_21.10254,1.07339394093
578,-157.04677_21.10579,4.34668779373
579,-157.04750_21.10254,4.34668779373
580,-157.04660_21.10606,4.34668779373
581,-157.04645_21.10637,4.34668779373
582,-157.04719_21.10118,4.34668779373
583,-157.04016_21.09616,1.07339394093
584,-157.03982_21.09696,1.07339394093
585,-157.04010_21.09697,1.07339394093
586,-157.04035_21.09707,1.07339394093
587,-157.04063_21.09715,1.07339394093
588,-157.04093_21.09725,1.07339394093
589,-157.04188_21.09765,1.07339394093
590,-157.04052_21.09612,1.07339394093
591,-157.03809_21.09753,1.07339394093
592,-157.03582_21.10003,1.07339394093
593,-157.03526_21.09955,1.07339394093
594,-157.00020_21.08451,1.6123650074
595,-156.99968_21.08148,1.6123650074
596,-156.99986_21.08156,1.6123650074
597,-157.00027_21.08333,1.6123650074
598,-156.99951_21.08204,1.6123650074
599,-157.00076_21.08209,1.6123650074
600,-156.99868_21.08279,1.6123650074
601,-156.99990_21.08364,1.6123650074
602,-156.99902_21.08221,1.6123650074
603,-156.99990_21.08390,1.6123650074
604,-156.99847_21.08307,1.6123650074
605,-157.00151_21.08258,1.6123650074
606,-157.00160_21.08241,1.6123650074
607,-157.00140_21.08227,1.6123650074
608,-157.00167_21.08206,1.6123650074
609,-157.00152_21.08197,1.6123650074
610,-157.00115_21.08197,1.6123650074
611,-157.05291_21.11069,0.782214999199
612,-157.05337_21.13140,2.54911994934
613,-157.05361_21.12899,1.26541697979
614,-157.01722_21.15426,2.54911994934
615,-157.01594_21.15427,2.54911994934
616,-157.01490_21.15391,2.54911994934
617,-157.01373_21.15409,1.26541697979
618,-157.03017_21.17766,22.7955532074
619,-157.01318_21.14995,3.80670690536
620,-157.05153_21.10787,3.80670690536
621,-157.08379_21.10696,1.83635497093
622,-156.94407_21.06611,2.87558293343
623,-156.95134_21.06563,2.87558293343
624,-156.95038_21.06695,2.87558293343
625,-156.94530_21.06399,2.87558293343
626,-156.99674_21.07877,6.64666223526
627,-157.03532_21.10127,1.07339394093
628,-157.03601_21.09966,1.07339394093
629,-157.01803_21.16028,22.943107605
630,-157.01516_21.15509,2.54911994934
631,-157.01420_21.15524,2.54911994934
632,-157.01370_21.15546,2.54911994934
633,-157.01332_21.15578,2.54911994934
634,-157.02095_21.16035,22.943107605
635,-157.01953_21.16052,22.943107605
636,-157.01181_21.16460,22.2506084442
637,-157.05674_21.16611,22.0088233948
638,-157.00672_21.16418,22.943107605
639,-157.00980_21.15840,1.83635497093
640,-157.05498_21.16531,21.6665916443
641,-157.05597_21.16574,21.6665916443
642,-157.05613_21.16715,22.0088233948
643,-157.05181_21.16436,21.6665916443
644,-157.05167_21.16492,21.6665916443
645,-157.05153_21.16549,22.0088233948
646,-157.05146_21.16577,22.0088233948
647,-157.05123_21.16661,22.0088233948
648,-157.05105_21.16696,22.2506084442
649,-157.05113_21.16732,22.2506084442
650,-156.96368_21.06961,0.871667981148
651,-156.99968_21.08112,1.6123650074
652,-156.99468_21.07822,6.64666223526
653,-156.99405_21.07814,6.64666223526
654,-157.05592_21.16802,22.0088233948
655,-157.05570_21.16889,22.2506084442
656,-157.05542_21.16998,22.2506084442
657,-157.05568_21.17138,22.5975627899
658,-157.05483_21.17087,22.2506084442
659,-157.05309_21.16934,22.2506084442
660,-157.05360_21.16853,22.2506084442
661,-157.05397_21.16705,22.0088233948
662,-157.05416_21.16629,22.0088233948
663,-157.05784_21.16642,22.0088233948
664,-157.05865_21.16660,22.0088233948
665,-157.05943_21.16680,22.0088233948
666,-157.06032_21.16647,22.0088233948
667,-157.05942_21.16846,22.0088233948
668,-157.05914_21.16957,22.0088233948
669,-157.05879_21.17096,22.2506084442
670,-157.05852_21.17208,22.2506084442
671,-157.05856_21.17350,22.5975627899
672,-157.05781_21.17332,22.5975627899
673,-157.05716_21.17278,22.5975627899
674,-157.05642_21.17236,22.5975627899
675,-157.05710_21.17112,22.2506084442
676,-157.05761_21.16909,22.2506084442
677,-157.05787_21.16805,22.0088233948
678,-157.06102_21.16725,22.0088233948
679,-157.06179_21.16743,22.0088233948
680,-157.06107_21.16868,22.0088233948
681,-157.06020_21.17020,22.2506084442
682,-157.06047_21.17111,22.2506084442
683,-157.06021_21.17219,22.2506084442
684,-157.06020_21.17387,22.5975627899
685,-157.05941_21.17370,22.5975627899
686,-157.05893_21.17041,22.2506084442
687,-157.05865_21.17153,22.2506084442
688,-157.05178_21.16832,22.2506084442
689,-157.06094_21.16922,22.0088233948
690,-157.06006_21.16748,22.0088233948
691,-157.05726_21.16548,21.6665916443
692,-157.05711_21.16607,22.0088233948
693,-157.05696_21.17007,22.2506084442
694,-157.00466_21.16135,2.49733495712
695,-157.00495_21.16122,2.49733495712
696,-157.00549_21.16100,1.83635497093
697,-157.00921_21.16030,2.82686710358
698,-157.00850_21.16071,1.98892903328
699,-157.00737_21.16095,1.98892903328
700,-157.00787_21.16023,1.83635497093
701,-157.00732_21.16045,1.83635497093
702,-157.00521_21.16160,1.83635497093
703,-157.00672_21.16086,1.98892903328
704,-157.00763_21.16033,1.83635497093
705,-157.00662_21.16062,2.49733495712
706,-157.04886_21.16546,22.0088233948
707,-157.04944_21.16545,22.0088233948
708,-157.05002_21.16673,22.0088233948
709,-157.04994_21.16620,22.0088233948
710,-157.04985_21.16603,22.0088233948
711,-157.05041_21.16600,22.0088233948
712,-157.05066_21.16597,22.0088233948
713,-157.00708_21.08155,1.6123650074
714,-157.05083_21.16626,22.0088233948
715,-157.05051_21.16631,22.0088233948
716,-157.05055_21.16658,22.0088233948
717,-157.05070_21.16699,22.2506084442
718,-157.05049_21.16691,22.2506084442
719,-157.05096_21.16554,22.0088233948
720,-157.05310_21.16421,21.6665916443
721,-157.05294_21.16487,21.6665916443
722,-157.05286_21.16519,21.6665916443
723,-157.05277_21.16551,22.0088233948
724,-157.05253_21.16648,22.0088233948
725,-157.05244_21.16681,22.0088233948
726,-157.05233_21.16722,22.0088233948
727,-157.05211_21.16806,22.2506084442
728,-157.05260_21.16408,21.6665916443
729,-157.05251_21.16443,21.6665916443
730,-157.05243_21.16475,21.6665916443
731,-157.05234_21.16507,21.6665916443
732,-157.05226_21.16540,22.0088233948
733,-157.05218_21.16572,22.0088233948
734,-157.05210_21.16604,22.0088233948
735,-157.05201_21.16637,22.0088233948
736,-157.05193_21.16669,22.0088233948
737,-157.05191_21.16708,22.2506084442
738,-157.05165_21.16730,22.2506084442
739,-156.75043_21.13161,11.1893224716
740,-156.74406_21.14693,14.725484848
741,-156.95895_21.06726,0.871667981148
742,-156.95723_21.06685,0.871667981148
743,-156.95702_21.06678,0.871667981148
744,-156.98756_21.07875,0.985060989857
745,-156.98771_21.07889,0.985060989857
746,-156.98794_21.07889,6.64666223526
747,-156.98846_21.07757,0.985060989857
748,-156.98828_21.07804,0.985060989857
749,-156.99793_21.08438,1.6123650074
750,-156.99855_21.08422,1.6123650074
751,-156.99853_21.08458,1.6123650074
752,-156.99834_21.08485,1.6123650074
753,-156.99826_21.08511,1.6123650074
754,-156.99801_21.08552,1.6123650074
755,-156.99785_21.08578,1.6123650074
756,-156.99775_21.08614,1.6123650074
757,-156.99907_21.08500,1.6123650074
758,-156.99951_21.08459,1.6123650074
759,-157.00003_21.08480,1.6123650074
760,-156.99969_21.08538,1.6123650074
761,-156.99951_21.08567,1.6123650074
762,-156.99934_21.08596,1.6123650074
763,-156.99851_21.08685,1.6123650074
764,-156.99782_21.08665,1.6123650074
765,-156.99748_21.08656,1.6123650074
766,-156.99721_21.08635,1.6123650074
767,-156.99709_21.08656,1.6123650074
768,-156.99679_21.08649,1.6123650074
769,-156.99758_21.08496,1.6123650074
770,-156.99818_21.08530,1.6123650074
771,-156.99871_21.08399,1.6123650074
772,-156.99780_21.08596,1.6123650074
773,-156.99825_21.08559,1.6123650074
774,-156.99853_21.08568,1.6123650074
775,-156.99776_21.08467,1.6123650074
776,-157.00132_21.08101,1.6123650074
777,-157.00118_21.08098,1.6123650074
778,-157.00106_21.08086,1.6123650074
779,-157.00021_21.08062,1.6123650074
780,-157.00220_21.08164,1.6123650074
781,-157.00170_21.08168,1.6123650074
782,-157.00141_21.08157,1.6123650074
783,-157.00127_21.08158,1.6123650074
784,-157.00098_21.08151,1.6123650074
785,-157.00083_21.08148,1.6123650074
786,-157.00069_21.08144,1.6123650074
787,-157.00044_21.08139,1.6123650074
788,-157.00003_21.08123,1.6123650074
789,-156.96307_21.06845,0.871667981148
790,-156.96425_21.06893,0.871667981148
791,-156.96581_21.06936,0.871667981148
792,-156.96632_21.06943,0.871667981148
793,-156.96717_21.06980,0.871667981148
794,-156.96738_21.06987,0.871667981148
795,-156.96759_21.06996,0.871667981148
796,-156.96784_21.07005,0.871667981148
797,-156.96974_21.07047,0.871667981148
798,-156.96997_21.07051,0.871667981148
799,-156.97043_21.07056,0.871667981148
800,-156.97063_21.07059,0.871667981148
801,-156.97106_21.07062,0.904797017574
802,-156.99962_21.08011,1.6123650074
803,-156.99918_21.08005,1.6123650074
804,-156.99904_21.08021,1.6123650074
805,-156.99843_21.07981,1.6123650074
806,-156.99795_21.08050,1.6123650074
807,-156.99626_21.07979,6.64666223526
808,-156.99587_21.07932,6.64666223526
809,-156.99552_21.07919,6.64666223526
810,-156.99528_21.07909,6.64666223526
811,-156.99522_21.07951,6.64666223526
812,-156.99500_21.07997,6.64666223526
813,-156.99579_21.07974,6.64666223526
814,-156.99846_21.08058,1.6123650074
815,-156.98174_21.07726,0.904797017574
816,-156.95647_21.08495,0.871667981148
817,-156.99340_21.07803,6.64666223526
818,-156.99247_21.07777,6.64666223526
819,-156.99183_21.07759,6.64666223526
820,-156.99148_21.07758,6.64666223526
821,-156.99107_21.07754,6.64666223526
822,-156.99062_21.07743,6.64666223526
823,-156.99016_21.07729,6.64666223526
824,-156.98979_21.07717,6.64666223526
825,-156.98628_21.07653,0.985060989857
826,-156.98576_21.07630,0.985060989857
827,-156.98524_21.07607,0.904797017574
828,-156.98472_21.07584,0.904797017574
829,-156.98119_21.07335,0.904797017574
830,-156.98059_21.07324,0.904797017574
831,-156.99920_21.08236,1.6123650074
832,-156.99926_21.08201,1.6123650074
833,-156.99949_21.08143,1.6123650074
834,-157.00035_21.08178,1.6123650074
835,-156.99976_21.08268,1.6123650074
836,-156.99958_21.08296,1.6123650074
837,-156.99900_21.08353,1.6123650074
838,-156.99930_21.08371,1.6123650074
839,-156.99956_21.08387,1.6123650074
840,-156.99974_21.08414,1.6123650074
841,-156.99999_21.08350,1.6123650074
842,-157.00000_21.08321,1.6123650074
843,-157.00029_21.08299,1.6123650074
844,-157.00047_21.08270,1.6123650074
845,-157.00096_21.08225,1.6123650074
846,-157.00090_21.08184,1.6123650074
847,-157.00128_21.08248,1.6123650074
848,-157.00125_21.08277,1.6123650074
849,-157.00108_21.08306,1.6123650074
850,-157.00064_21.08378,1.6123650074
851,-156.78131_21.08396,0.738330006599
852,-156.78033_21.08577,0.738330006599
853,-156.77076_21.08973,4.79507398605
854,-156.77526_21.08830,0.664008975029
855,-156.77555_21.08872,0.664008975029
856,-156.77115_21.08855,4.79507398605
857,-156.77363_21.08627,0.664008975029
858,-156.77925_21.08441,0.738330006599
859,-156.82654_21.06278,0.423094987869
860,-156.82679_21.06266,0.423094987869
861,-156.82732_21.06204,0.423094987869
862,-156.82823_21.06556,0.423094987869
863,-156.82436_21.06436,0.717773973942
864,-156.82459_21.06417,0.717773973942
865,-156.82483_21.06419,0.717773973942
866,-156.82497_21.06443,0.717773973942
867,-156.82506_21.06466,0.717773973942
868,-156.82476_21.06462,0.717773973942
869,-156.82484_21.06481,0.717773973942
870,-156.82466_21.06493,0.717773973942
871,-156.82449_21.06477,0.717773973942
872,-156.82442_21.06509,0.717773973942
873,-156.82431_21.06489,0.717773973942
874,-156.82423_21.06521,0.717773973942
875,-156.82407_21.06505,0.717773973942
876,-156.82399_21.06539,0.717773973942
877,-156.82392_21.06519,0.717773973942
878,-156.82378_21.06552,0.717773973942
879,-156.96624_21.07800,0.871667981148
880,-156.82364_21.06531,0.717773973942
881,-157.03540_21.09861,1.07339394093
882,-157.03562_21.10168,1.07339394093
883,-156.99877_21.08200,1.6123650074
884,-156.99864_21.08220,1.6123650074
885,-156.99839_21.08257,1.6123650074
886,-156.98870_21.07881,6.64666223526
887,-156.93544_21.06899,1.1388130188
888,-156.94107_21.06730,1.1388130188
889,-156.94365_21.06874,2.87558293343
890,-156.95900_21.06897,0.871667981148
891,-156.96197_21.07107,0.871667981148
892,-156.95973_21.07109,0.871667981148
893,-156.96866_21.07170,0.871667981148
894,-156.95649_21.06670,0.772778987885
895,-156.91193_21.05762,0.668034017086
896,-156.91103_21.05740,0.668034017086
897,-156.87937_21.04852,1.53787302971
898,-156.88181_21.05436,1.53787302971
899,-156.83282_21.05990,0.585568010807
900,-156.82926_21.06196,0.585568010807
901,-156.83022_21.06174,0.585568010807
902,-156.82946_21.06325,0.423094987869
903,-156.82936_21.06316,0.423094987869
904,-156.83011_21.06311,0.585568010807
905,-156.83435_21.05995,0.585568010807
906,-156.83406_21.06138,0.585568010807
907,-156.83353_21.06139,0.585568010807
908,-156.83218_21.06284,0.585568010807
909,-156.83431_21.06270,0.585568010807
910,-156.77553_21.08477,0.738330006599
911,-156.77942_21.08554,0.738330006599
912,-156.77884_21.08481,0.664008975029
913,-156.77127_21.08811,4.79507398605
914,-156.79577_21.09391,0.738330006599
915,-156.78673_21.08673,0.738330006599
916,-157.02108_21.15203,1.26541697979
917,-156.75997_21.09642,4.64543581009
918,-157.03537_21.10404,1.07339394093
919,-157.03355_21.10447,1.07339394093
920,-156.83348_21.05817,0.585568010807
921,-156.83428_21.05743,0.585568010807
922,-156.83478_21.05724,0.585568010807
923,-156.79791_21.07324,1.3457750082
924,-156.83592_21.05691,0.585568010807
925,-156.83521_21.05665,0.585568010807
926,-156.83572_21.05744,0.585568010807
927,-156.83468_21.05801,0.585568010807
928,-156.83428_21.05772,0.585568010807
929,-156.83346_21.05925,0.585568010807
930,-156.83517_21.05610,0.585568010807
931,-156.83429_21.05851,0.585568010807
932,-156.83413_21.05861,0.585568010807
933,-156.83560_21.05709,0.585568010807
934,-156.87769_21.05513,0.296590000391
935,-156.87784_21.05506,0.296590000391
936,-156.86385_21.05237,0.150198996067
937,-156.86770_21.05406,0.150198996067
938,-156.87210_21.05260,0.296590000391
939,-156.87376_21.05151,0.296590000391
940,-156.87401_21.05152,0.296590000391
941,-156.87428_21.05149,0.296590000391
942,-156.87754_21.04718,1.53787302971
943,-156.86732_21.05414,0.150198996067
944,-156.86697_21.05428,0.150198996067
945,-156.87024_21.05222,0.296590000391
946,-156.86753_21.05187,0.150198996067
947,-156.76151_21.09647,4.64543581009
948,-156.76128_21.09991,4.64543581009
949,-156.76061_21.09769,4.64543581009
950,-156.75922_21.09619,4.64543581009
951,-156.75816_21.09690,4.64543581009
952,-156.75778_21.09714,4.64543581009
953,-156.75732_21.09758,4.64543581009
954,-156.75753_21.09739,4.64543581009
955,-156.75631_21.09844,4.64543581009
956,-156.75642_21.09834,4.64543581009
957,-156.75699_21.09861,4.64543581009
958,-156.83557_21.05680,0.585568010807
959,-156.84625_21.06354,0.370380997658
960,-156.84255_21.05923,0.585568010807
961,-156.84298_21.05842,0.585568010807
962,-156.84317_21.05653,0.370380997658
963,-156.84209_21.05558,0.585568010807
964,-156.84100_21.05574,0.585568010807
965,-156.84102_21.05687,0.585568010807
966,-156.84090_21.05953,0.585568010807
967,-156.83968_21.05599,0.585568010807
968,-156.83658_21.05680,0.585568010807
969,-156.84142_21.05490,0.585568010807
970,-156.84254_21.05839,0.585568010807
971,-156.84999_21.05402,0.370380997658
972,-156.87246_21.05419,0.296590000391
973,-156.87446_21.05543,0.296590000391
974,-156.87501_21.05579,0.296590000391
975,-156.87597_21.05560,0.296590000391
976,-156.87612_21.05554,0.296590000391
977,-156.87644_21.05548,0.296590000391
978,-156.87683_21.05543,0.296590000391
979,-156.80976_21.07162,2.00781798363
980,-156.79221_21.07581,2.57796311378
981,-156.75605_21.09864,4.64543581009
982,-156.76194_21.09547,4.64543581009
983,-156.76289_21.09567,4.64543581009
984,-156.78576_21.08215,0.738330006599
985,-156.78391_21.08285,0.738330006599
986,-156.78247_21.08440,0.738330006599
987,-156.78808_21.07858,2.57796311378
988,-156.78225_21.08353,0.738330006599
989,-156.79083_21.07754,2.57796311378
990,-156.79450_21.07283,1.3457750082
991,-156.79519_21.07271,1.3457750082
992,-156.79556_21.07301,1.3457750082
993,-156.79582_21.07203,1.3457750082
994,-156.79629_21.07283,1.3457750082
995,-156.80970_21.06999,2.00781798363
996,-156.81078_21.06951,0.717773973942
997,-156.81143_21.06938,0.717773973942
998,-156.80378_21.06925,1.3457750082
999,-156.80431_21.06894,2.00781798363
1000,-156.81286_21.06899,0.717773973942
1001,-156.81993_21.06486,0.717773973942
1002,-156.82321_21.06349,0.717773973942
1003,-156.82563_21.06120,0.423094987869
1004,-156.82305_21.06368,0.717773973942
1005,-156.82474_21.06367,0.423094987869
1006,-156.82464_21.06374,0.717773973942
1007,-156.84465_21.05541,0.370380997658
1008,-156.82774_21.06521,0.423094987869
1009,-156.82759_21.06180,0.423094987869
1010,-156.82664_21.06246,0.423094987869
1011,-156.82349_21.06514,0.717773973942
1012,-156.82344_21.06493,0.717773973942
1013,-156.82368_21.06479,0.717773973942
1014,-156.82389_21.06467,0.717773973942
1015,-156.75120_21.10822,5.30270004272
1016,-156.74635_21.10810,5.30270004272
1017,-156.74631_21.10668,5.30270004272
1018,-156.74298_21.11116,5.30270004272
1019,-156.74345_21.11100,5.30270004272
1020,-156.74516_21.11107,5.30270004272
1021,-156.74624_21.11182,5.30270004272
1022,-156.74505_21.11221,5.30270004272
1023,-156.74184_21.11192,5.30270004272
1024,-156.74602_21.11277,5.30270004272
1025,-157.06475_21.15857,22.943107605
1026,-157.05774_21.17020,22.2506084442
1027,-157.07494_21.17926,22.0088233948
1028,-157.07508_21.17866,22.0088233948
1029,-157.09508_21.17833,22.943107605
1030,-157.09613_21.17405,22.943107605
1031,-157.10656_21.15182,22.1948890686
1032,-157.11225_21.16589,22.2929325104
1033,-156.82251_21.06446,0.717773973942
1034,-157.03969_21.09892,1.07339394093
1035,-157.04062_21.09970,1.07339394093
1036,-157.03703_21.10359,1.07339394093
1037,-156.74036_21.11454,9.94675922394
1038,-156.74299_21.11151,5.30270004272
1039,-156.86385_21.07320,0.150198996067
1040,-156.74165_21.11497,9.94675922394
1041,-156.73776_21.14266,13.4405927658
1042,-156.74678_21.15476,31.0620708466
1043,-157.11558_21.16664,22.7411975861
1044,-157.08272_21.15407,22.2929325104
1045,-157.08008_21.15401,22.2929325104
1046,-157.08029_21.15301,22.2929325104
1047,-157.04975_21.16044,22.943107605
1048,-157.09653_21.16566,22.2929325104
1049,-157.08320_21.17928,21.6665916443
1050,-157.09952_21.18213,22.943107605
1051,-156.78201_21.08369,0.738330006599
1052,-156.79166_21.07992,2.57796311378
1053,-156.80936_21.06865,2.00781798363
1054,-157.03914_21.10090,1.07339394093
1055,-157.03828_21.10091,1.07339394093
1056,-157.03710_21.09969,1.07339394093
1057,-157.03746_21.10065,1.07339394093
1058,-157.03774_21.10006,1.07339394093
1059,-157.03316_21.10436,1.07339394093
1060,-157.03231_21.10347,1.07339394093
1061,-157.03193_21.10285,1.07339394093
1062,-157.03188_21.10249,1.07339394093
1063,-157.03230_21.10121,1.07339394093
1064,-157.03345_21.10023,1.07339394093
1065,-157.03310_21.10184,1.07339394093
1066,-157.03300_21.10251,1.07339394093
1067,-157.03783_21.10322,1.07339394093
1068,-157.03918_21.10312,1.07339394093
1069,-157.25215_21.17288,11.55292
1070,-157.27062_21.15325,13.5404405594
1071,-157.26650_21.15993,13.5404405594
1072,-156.98632_21.07789,0.985060989857
1073,-157.10448_21.16571,22.2929325104
1074,-157.07154_21.14981,4.0457701683
1075,-157.07433_21.15027,10.8619861603
1076,-157.06363_21.16454,21.6665916443
1077,-157.07470_21.17363,22.0088233948
1078,-157.07627_21.17397,22.0088233948
1079,-157.07793_21.17374,21.6665916443
1080,-157.08089_21.17490,21.6665916443
1081,-157.08236_21.17534,21.6665916443
1082,-157.07583_21.16877,21.6665916443
1083,-157.08308_21.16622,22.943107605
1084,-157.09546_21.14667,10.8619861603
1085,-157.09565_21.15778,22.2929325104
1086,-157.06316_21.18022,22.5975627899
1087,-156.98878_21.07686,0.985060989857
1088,-157.06646_21.16647,21.6665916443
1089,-157.06111_21.17479,22.2506084442
1090,-157.04318_21.16448,22.0088233948
1091,-157.06270_21.16713,22.0088233948
1092,-157.06998_21.17262,22.0088233948
1093,-157.08596_21.16793,22.943107605
1094,-157.07508_21.16508,23.2018013
1095,-157.03377_21.09658,1.07339394093
1096,-157.04287_21.10333,1.07339394093
1097,-156.99729_21.08409,1.6123650074
1098,-156.99703_21.08446,1.6123650074
1099,-157.07088_21.18190,22.2506084442
1100,-156.87745_21.04803,0.296590000391
1101,-156.79574_21.07375,1.3457750082
1102,-157.09722_21.16916,22.943107605
1103,-157.08716_21.17619,23.2018013
1104,-156.77020_21.09000,4.79507398605
1105,-157.11081_21.18127,22.2929325104
1106,-156.97145_21.07065,0.904797017574
1107,-156.75328_21.10124,7.01284599304
1108,-156.98851_21.07676,0.985060989857
1109,-157.00986_21.08225,1.6123650074
1110,-157.05404_21.16241,23.5026836395
1111,-157.06041_21.16435,21.6665916443
1112,-157.05322_21.17131,22.5975627899
1113,-156.97007_21.07985,0.904797017574
1114,-156.99976_21.08156,1.6123650074
1115,-157.05281_21.11069,0.782214999199
1116,-157.03007_21.17766,22.7955532074
1117,-157.01308_21.14995,3.80670690536
1118,-157.08369_21.10696,1.83635497093
1119,-156.94397_21.06611,2.87558293343
1120,-156.95028_21.06695,2.87558293343
1121,-157.01322_21.15578,2.54911994934
1122,-157.02085_21.16035,22.943107605
1123,-156.96358_21.06961,0.871667981148
1124,-157.05473_21.17087,22.7955532074
1125,-157.05387_21.16705,22.0088233948
1126,-157.05855_21.16660,22.0088233948
1127,-157.05932_21.16846,22.0088233948
1128,-157.00456_21.16135,2.49733495712
1129,-157.00662_21.16086,1.83635497093
1130,-156.99843_21.08458,1.6123650074
1131,-156.99941_21.08459,1.6123650074
1132,-156.99993_21.08480,1.6123650074
1133,-156.99941_21.08567,1.6123650074
1134,-157.00073_21.08148,1.6123650074
1135,-156.96622_21.06943,0.871667981148
1136,-156.99237_21.07777,6.64666223526
1137,-156.99173_21.07759,6.64666223526
1138,-156.99138_21.07758,6.64666223526
1139,-156.98109_21.07335,0.904797017574
1140,-157.00019_21.08299,1.6123650074
1141,-156.83272_21.05990,0.585568010807
1142,-156.83001_21.06311,0.585568010807
1143,-156.77932_21.08554,0.664008975029
1144,-156.87774_21.05506,0.296590000391
1145,-156.86760_21.05406,0.150198996067
1146,-156.87200_21.05260,0.296590000391
1147,-156.84307_21.05653,0.370380997658
1148,-156.87587_21.05560,0.296590000391
1149,-156.79440_21.07283,1.3457750082
1150,-156.79619_21.07283,1.3457750082
1151,-156.81983_21.06486,0.717773973942
1152,-156.82295_21.06368,0.717773973942
1153,-156.82654_21.06246,0.423094987869
1154,-156.75110_21.10822,5.30270004272
1155,-157.05764_21.17020,22.2506084442
1156,-157.11215_21.16589,22.2929325104
1157,-156.74155_21.11497,9.94675922394
1158,-156.78191_21.08369,0.738330006599
1159,-157.00425_21.16454,22.1948890686
1160,-157.00445_21.16454,22.1948890686
1161,-157.04692_21.10328,4.34668779373
1162,-157.04712_21.10328,4.34668779373
1163,-157.10515_21.17087,22.2929325104
1164,-157.10535_21.17087,22.2929325104
1165,-157.11129_21.17218,22.2929325104
1166,-157.11149_21.17218,22.2929325104
1167,-156.98164_21.07726,0.904797017574
1168,-156.98184_21.07726,0.904797017574
1169,-156.82749_21.06180,0.423094987869
1170,-156.82769_21.06180,0.423094987869
1171,-156.73766_21.14266,13.4405927658
1172,-156.73786_21.14266,13.4405927658
1173,-156.73776_21.14276,24.1058330536
1174,-157.01793_21.16028,22.943107605
1175,-157.01813_21.16028,22.943107605
1176,-157.01803_21.16038,22.943107605
1177,-157.01803_21.16018,22.943107605
1178,-157.01793_21.16038,22.943107605
1179,-157.01793_21.16018,22.943107605
1180,-157.01813_21.16038,22.943107605
1181,-157.01813_21.16018,22.943107605
1182,-156.99964_21.07987,1.6123650074
1183,-156.99957_21.07999,1.6123650074
1184,-156.99953_21.08009,1.6123650074
1185,-156.99946_21.08021,1.6123650074
1186,-156.99943_21.08034,1.6123650074
1187,-156.99954_21.08044,1.6123650074
1188,-156.99969_21.08039,1.6123650074
1189,-156.99976_21.08027,1.6123650074
1190,-156.99982_21.08015,1.6123650074
1191,-156.99991_21.08003,1.6123650074
1192,-157.00953_21.15913,18.1163272858
1193,-157.00970_21.15900,18.1163272858
1194,-157.00983_21.15883,1.83635497093
1195,-157.00994_21.15866,1.83635497093
1196,-157.01014_21.15851,1.83635497093
1197,-157.01039_21.15823,18.1163272858
1198,-157.01023_21.15818,1.83635497093
1199,-157.01002_21.15810,1.83635497093
1200,-157.00982_21.15803,18.1163272858
1201,-157.00961_21.15795,18.1163272858
1202,-157.00961_21.15847,1.83635497093
1203,-157.00950_21.15865,1.83635497093
1204,-157.24228_21.18518,11.1802473068
1205,-157.24245_21.18519,11.1802473068
1206,-157.24257_21.18534,11.1802473068
1207,-157.24270_21.18541,11.1802473068
1208,-157.24288_21.18546,11.1802473068
1209,-157.24307_21.18549,11.1802473068
1210,-157.24339_21.18526,11.1802473068
1211,-157.24357_21.18539,11.1802473068
1212,-157.24373_21.18540,11.1802473068
1213,-157.24402_21.18545,11.1802473068
1214,-157.24401_21.18582,11.1802473068
1215,-157.24415_21.18595,11.1802473068
1216,-157.24428_21.18603,11.1802473068
1217,-157.24314_21.18592,11.1802473068
1218,-157.24331_21.18597,11.1802473068
1219,-157.24354_21.18602,11.1802473068
1220,-157.24360_21.18615,11.1802473068
1221,-157.24353_21.18636,11.1802473068
1222,-157.24345_21.18658,11.1802473068
1223,-157.24331_21.18661,11.1802473068
1224,-157.24323_21.18671,11.1802473068
1225,-157.24376_21.18721,11.1802473068
1226,-157.24390_21.18736,11.1802473068
1227,-157.24406_21.18732,11.1802473068
1228,-157.24419_21.18728,11.1802473068
1229,-157.24411_21.18683,11.1802473068
1230,-157.24402_21.18668,11.1802473068
1231,-157.24393_21.18657,11.1802473068
1232,-157.24441_21.18725,11.1802473068
1233,-157.24457_21.18727,11.1802473068
1234,-157.24488_21.18542,11.1802473068
1235,-157.24528_21.18555,11.1802473068
1236,-157.24556_21.18543,11.1802473068
1237,-157.24583_21.18529,11.1802473068
1238,-157.24604_21.18507,11.1802473068
1239,-157.24606_21.18551,11.1802473068
1240,-157.24618_21.18589,11.1802473068
1241,-157.24620_21.18605,11.1802473068
1242,-157.24640_21.18651,11.1802473068
1243,-157.24568_21.18646,11.1802473068
1244,-157.24540_21.18644,11.1802473068
1245,-157.24518_21.18612,11.1802473068
1246,-157.24513_21.18581,11.1802473068
1247,-157.24551_21.18667,11.1802473068
1248,-157.24543_21.18694,11.1802473068
1249,-157.24563_21.18727,11.1802473068
1250,-157.24588_21.18741,11.1802473068
1251,-157.24618_21.18743,11.1802473068
1252,-157.24656_21.18743,11.1802473068
1253,-157.24670_21.18678,11.1802473068
1254,-157.24720_21.18703,11.1802473068
1255,-157.24745_21.18729,11.1802473068
1256,-157.24761_21.18750,11.1802473068
1257,-157.24700_21.18833,10.8578395844
1258,-157.24668_21.18827,10.8578395844
1259,-157.24640_21.18819,10.8578395844
1260,-157.24608_21.18819,10.8578395844
1261,-157.24574_21.18831,10.8578395844
1262,-157.24573_21.18863,10.8578395844
1263,-157.24586_21.18897,10.8578395844
1264,-157.24624_21.18894,10.8578395844
1265,-157.24647_21.18889,10.8578395844
1266,-157.24497_21.19040,10.8578395844
1267,-157.24511_21.19016,10.85784
1268,-157.24527_21.18996,10.85784
1269,-157.24557_21.19001,10.85784
1270,-157.24604_21.18990,10.85784
1271,-157.24574_21.19052,10.8578395844
1272,-157.24564_21.19118,10.8578395844
1273,-157.24606_21.19119,10.8578395844
1274,-157.24666_21.19105,10.8578395844
1275,-157.24700_21.19098,10.8578395844
1276,-157.24714_21.19077,10.8578395844
1277,-157.24704_21.19050,10.8578395844
1278,-157.24672_21.19041,10.8578395844
1279,-157.24683_21.19016,10.85784
