,Uid,dist2_Wetlands_m
0,-157.13194_21.14422,2485.716759561949
1,-157.25780_21.14791,1983.146699811726
2,-157.24613_21.19028,2991.3707426511733
3,-157.20856_21.15703,2272.096801152341
4,-157.21922_21.17738,4353.987076441897
5,-157.21093_21.17253,3863.365539534842
6,-157.20814_21.16662,3289.783908677526
7,-157.24633_21.18319,2326.4582294389056
8,-157.24587_21.18317,2354.5695199975826
9,-157.24543_21.18312,2379.8744688783772
10,-157.24389_21.18321,2493.428243467136
11,-157.24301_21.18322,2558.2849643436593
12,-157.22836_21.17295,3385.593585920604
13,-157.22915_21.17232,3291.263514590733
14,-157.25752_21.16708,288.57456866356534
15,-157.25225_21.17288,1075.4581978186923
16,-157.23650_21.18016,2881.2575698937153
17,-157.24170_21.18236,2590.594725513981
18,-157.23469_21.18124,3104.661178018391
19,-157.23121_21.17582,3181.027410914868
20,-157.23136_21.17679,3202.720299443145
21,-157.23181_21.17986,3293.6005928408613
22,-157.23348_21.17754,3028.893365986202
23,-157.23346_21.17572,2956.919939510196
24,-157.27220_21.15726,1418.8446987630955
25,-157.27072_21.15325,1644.586849649959
26,-157.26758_21.15938,908.7621943085871
27,-157.26660_21.15993,796.3350203441798
28,-157.26175_21.16380,182.25085855419704
29,-156.98750_21.07828,2010.5260139567886
30,-156.98726_21.07819,2036.8973295027963
31,-156.98642_21.07789,2129.5392040656125
32,-156.98697_21.07781,2075.6309238600675
33,-156.98728_21.07744,2053.9798835903644
34,-156.98824_21.07720,1964.0562573766833
35,-156.98806_21.07713,1984.1795880077998
36,-156.98814_21.07745,1967.0812964402917
37,-156.98796_21.07792,1972.9743700802146
38,-156.98781_21.07782,1989.7027390188603
39,-157.00002_21.08562,773.597569251312
40,-157.00017_21.08539,747.6412890044404
41,-157.00031_21.08518,723.9712822095086
42,-157.00043_21.08498,702.5054827257193
43,-157.00078_21.08444,644.4067818718084
44,-157.00089_21.08427,626.1521752354039
45,-156.99628_21.08483,1100.3620334024795
46,-156.99612_21.08507,1123.5093582128438
47,-156.99580_21.08554,1170.687497434934
48,-156.99588_21.08630,1193.8436087799384
49,-156.98738_21.07707,2054.100280598344
50,-156.98773_21.07739,2009.1291528755442
51,-156.98855_21.07734,1929.085702504793
52,-156.98868_21.07753,1909.7441245137522
53,-156.98881_21.07786,1887.9972055118728
54,-157.10458_21.16571,3228.223880266489
55,-157.09902_21.16447,3230.329683954212
56,-157.10404_21.14645,1184.3073932895477
57,-157.07005_21.14893,2069.765807109448
58,-157.07164_21.14981,2212.5810061088227
59,-157.05835_21.17505,755.2886057097465
60,-157.05894_21.17629,643.5276622607985
61,-157.05935_21.17527,763.7753869157862
62,-157.05927_21.17575,711.9067256679796
63,-156.98901_21.07795,1865.5453960405703
64,-156.98876_21.07856,1876.0445102620001
65,-156.98854_21.07856,1898.6104540421009
66,-156.99727_21.08526,1016.7809142182367
67,-156.99738_21.08476,987.9918862008761
68,-156.99775_21.08421,935.0231612378103
69,-156.99801_21.08400,902.5184811221443
70,-156.99819_21.08371,877.3872072018258
71,-157.08150_21.15589,3217.320528962861
72,-157.08349_21.15446,3110.9487353833692
73,-157.11548_21.17975,4290.558186545873
74,-157.11353_21.18030,4463.626955095299
75,-157.08203_21.18424,1589.6606359004163
76,-157.08359_21.18458,1737.3986041630571
77,-157.08543_21.18104,2039.7094150876171
78,-157.06544_21.15892,1661.0100033515725
79,-156.95489_21.06662,1176.3634595100207
80,-156.95508_21.06664,1196.0344506748927
81,-156.95531_21.06666,1219.7140476189454
82,-156.95592_21.06668,1282.2548642949807
83,-156.95629_21.06669,1320.746415668687
84,-156.95462_21.06733,1168.681222613283
85,-156.95265_21.06691,959.984188696444
86,-156.95364_21.06646,1045.952642096297
87,-157.28756_21.14135,3786.403613580553
88,-157.07443_21.15027,2491.2367870701287
89,-157.06373_21.16454,1828.3087475007544
90,-157.07261_21.16906,1974.5228149601767
91,-157.07323_21.17329,1623.012707040715
92,-157.07480_21.17363,1703.2816009994983
93,-157.07637_21.17397,1792.8506936936478
94,-157.07803_21.17374,1913.541136795984
95,-157.07948_21.17452,1945.766591181706
96,-157.08099_21.17490,2026.531686977589
97,-157.08246_21.17534,2106.7590321566104
98,-157.06868_21.17164,1529.1277294747351
99,-157.06922_21.16945,1773.6413553988305
100,-157.07747_21.17752,1561.709415413226
101,-157.07009_21.16708,2049.9365650969166
102,-157.07035_21.16475,2299.883347127051
103,-157.07058_21.16381,2375.93900561192
104,-157.07134_21.16069,2302.2516864637264
105,-157.07103_21.15953,2228.4573362383903
106,-157.07140_21.15960,2267.847023259909
107,-157.07178_21.15969,2308.1522864910057
108,-157.07216_21.15976,2348.3642703438704
109,-157.07218_21.16387,2462.1233552908843
110,-157.07375_21.16420,2500.2211325461153
111,-157.07646_21.16490,2575.642581672012
112,-157.07593_21.16877,2190.887239982824
113,-157.07941_21.16132,3075.09300207181
114,-157.08003_21.16555,2733.936955421044
115,-157.08252_21.16217,3187.2809321673144
116,-157.08066_21.16978,2428.6913126193604
117,-157.08318_21.16622,2899.2904917766054
118,-156.86999_21.05081,864.8198323551226
119,-156.87096_21.05074,952.8155109143152
120,-157.00100_21.08410,608.8089910187864
121,-157.00110_21.08394,592.4242083061189
122,-157.00130_21.08364,561.844912575324
123,-157.00150_21.08333,532.6487509166576
124,-157.00160_21.08317,518.5581193196149
125,-157.00170_21.08302,504.76518543585615
126,-157.00180_21.08287,491.3306073518949
127,-157.00210_21.08241,454.20870549968674
128,-157.00220_21.08225,443.0016869333358
129,-157.00227_21.08189,435.15972927354477
130,-157.00318_21.08174,340.93823856599096
131,-157.00341_21.08185,316.8286834373377
132,-157.00309_21.08224,351.0004931116305
133,-157.09556_21.14667,1623.1701162550712
134,-157.12755_21.14364,2055.224822208693
135,-157.11619_21.15212,1842.294882463984
136,-157.09711_21.16406,3257.9246106519354
137,-157.10089_21.16492,3221.1007404070033
138,-157.07593_21.15079,2639.469064541591
139,-157.07827_21.15148,2874.844349790468
140,-157.06701_21.15771,1770.652696650234
141,-157.06861_21.15797,1937.9964589286526
142,-157.07200_21.15066,2235.49271756292
143,-157.07194_21.15851,2287.10513824526
144,-157.07360_21.15888,2464.208418291327
145,-157.07527_21.15923,2642.4423544945316
146,-157.07867_21.15249,2910.9869641924042
147,-157.08341_21.15778,3380.5657667046858
148,-157.08080_21.15855,3186.88862267365
149,-157.08163_21.16030,3297.7742132676685
150,-157.08261_21.16087,3306.048016297353
151,-157.09087_21.16281,3398.3395352017305
152,-157.09301_21.16322,3347.069870837391
153,-157.09674_21.15794,2661.1411456711503
154,-157.08416_21.16128,3372.0584070170166
155,-157.08933_21.16006,3210.109351402087
156,-157.09575_21.15778,2681.5068854872807
157,-157.08719_21.15855,3196.808862735831
158,-157.08086_21.15942,3211.6214929939083
159,-157.08181_21.15376,3180.007225661961
160,-157.08184_21.15496,3244.77468165799
161,-156.95257_21.06707,957.447609969381
162,-156.95249_21.06722,955.4388934144728
163,-156.95242_21.06738,954.4105421061066
164,-156.95232_21.06753,951.2043942574879
165,-156.95223_21.06776,952.1069976481559
166,-156.95193_21.06780,925.2292085198953
167,-156.95166_21.06782,901.2608221111055
168,-156.95161_21.06765,888.3786277000045
169,-156.95186_21.06738,900.5097650261189
170,-156.95204_21.06722,911.8207594101573
171,-156.95180_21.06721,887.7230465624335
172,-156.95155_21.06727,866.2604173965575
173,-156.95156_21.06707,858.3629125779097
174,-156.95165_21.06681,857.2440409341527
175,-156.95186_21.06677,876.4076573046028
176,-156.95207_21.06684,899.8920556304873
177,-156.95225_21.06609,896.2544925375322
178,-156.95207_21.06601,876.0502956882701
179,-156.95362_21.06737,1070.8491313442034
180,-156.94586_21.07134,746.3205008443384
181,-156.93975_21.07173,700.9939106984824
182,-156.76197_21.09679,2459.189395250095
183,-156.76287_21.09747,2435.0297928994773
184,-156.76363_21.09848,2453.404381577587
185,-157.00741_21.16127,545.9632727093001
186,-157.00769_21.16119,541.956962278478
187,-157.05891_21.17517,759.1236690519286
188,-157.06179_21.17893,528.96705430886
189,-157.06326_21.18022,441.80266318991056
190,-157.06483_21.18059,463.9781237760624
191,-157.05941_21.17631,661.5765388760241
192,-157.05985_21.17731,587.0935466809125
193,-157.06076_21.17765,602.6399334180885
194,-157.06090_21.17688,684.4007139938135
195,-157.06107_21.17648,731.2503079282876
196,-157.06031_21.17636,700.9212643496539
197,-157.05991_21.17547,768.6843584642589
198,-157.00697_21.16215,486.2483653551031
199,-157.00687_21.16186,518.5136291986535
200,-157.00669_21.16195,520.8461794634513
201,-157.00653_21.16204,523.9967121534039
202,-157.00676_21.16228,488.2499664803117
203,-157.00675_21.16256,464.801895157332
204,-157.00607_21.16231,533.9860521448838
205,-157.00554_21.16218,583.6217223138435
206,-157.00556_21.16198,597.3822061705449
207,-157.00579_21.16191,586.0265063722376
208,-157.00597_21.16181,581.4851336567028
209,-156.97902_21.07264,3030.474174349636
210,-156.97856_21.07244,3082.7824026176527
211,-156.97779_21.07208,3172.1462972354484
212,-156.97743_21.07189,3214.419816905484
213,-156.98923_21.07688,1875.5159895808808
214,-156.98888_21.07686,1910.8182607820895
215,-157.06210_21.16463,1706.8423174794932
216,-157.06519_21.16514,1988.0399635398785
217,-157.06656_21.16647,1974.3369545241644
218,-157.06882_21.16369,2210.7715350469375
219,-157.04613_21.16245,622.4771231520015
220,-157.06121_21.17479,898.6705888247716
221,-157.06346_21.17201,1284.1623311566984
222,-157.06472_21.17397,1145.9684720818132
223,-157.06586_21.17588,982.9254946959453
224,-157.04328_21.16448,657.7235012295656
225,-157.00406_21.16160,743.4687822979663
226,-157.00311_21.16169,818.124303504096
227,-157.00333_21.16198,781.1377552226172
228,-157.00368_21.16239,727.0775973666598
229,-157.00388_21.16229,715.3406327572305
230,-157.00425_21.16210,694.9639495172815
231,-157.00443_21.16201,685.1685051777864
232,-157.00631_21.16162,574.3529942603391
233,-157.00647_21.16153,571.7869638964625
234,-157.00520_21.16214,613.6693350267674
235,-157.00529_21.16230,595.2453561416604
236,-157.00547_21.16261,559.2238846638016
237,-157.00556_21.16277,541.2935320254295
238,-156.99814_21.08295,870.2233953519394
239,-157.00460_21.16186,681.5887314436644
240,-157.00488_21.16254,612.8826946887436
241,-157.00408_21.16278,669.6819760041839
242,-157.00419_21.16303,646.4174172585152
243,-157.00376_21.16340,669.239274717004
244,-157.00434_21.16375,599.6222271853213
245,-157.00416_21.16344,629.854273724829
246,-157.00483_21.16353,562.4200811832832
247,-157.00476_21.16333,578.4101162903156
248,-157.00469_21.16316,593.7428321045463
249,-157.00555_21.16355,494.53033883174476
250,-157.00567_21.16376,473.12404859590634
251,-157.00578_21.16396,452.31274057595374
252,-157.00556_21.16401,471.1722853541232
253,-157.00538_21.16370,502.6289587698497
254,-157.00522_21.16378,513.5258340078403
255,-157.00540_21.16409,482.8638333327011
256,-157.00491_21.16393,536.4935169894898
257,-157.00509_21.16424,507.2888661738148
258,-157.00481_21.16418,536.8173499281069
259,-157.00414_21.16427,600.9808843096217
260,-157.00435_21.16454,572.7537565482775
261,-157.00459_21.16481,541.5344568407037
262,-157.00489_21.16479,511.18055817415774
263,-157.00547_21.16464,456.8141455967905
264,-157.00592_21.16462,412.2070137650928
265,-157.00575_21.16438,437.94764931167373
266,-157.00603_21.16426,415.3147233665849
267,-157.00616_21.16454,392.01842856381376
268,-157.00505_21.16292,575.4051609518764
269,-157.05414_21.17199,737.0180078114685
270,-157.06280_21.16713,1734.1347415148318
271,-157.06308_21.16722,1736.5113461122187
272,-157.06338_21.16727,1742.99088034303
273,-157.06367_21.16735,1747.8546135124882
274,-157.05438_21.17224,749.3226813567943
275,-157.05462_21.17249,762.9246511992066
276,-157.05489_21.17273,781.1535691663405
277,-157.05513_21.17299,798.1540358470744
278,-157.03023_21.09296,291.60087806155155
279,-157.03305_21.09458,589.9362588876187
280,-157.03387_21.09496,676.5349599937127
281,-157.07721_21.18321,1164.259428662287
282,-157.07877_21.18354,1294.9529232935006
283,-157.07478_21.17968,1195.6122671633677
284,-157.06762_21.17599,1049.7713163207834
285,-157.07008_21.17262,1500.9601216785004
286,-157.07129_21.17273,1556.2845699951085
287,-157.07016_21.17654,1143.4770661176685
288,-157.07045_21.17660,1156.7968258496455
289,-157.07074_21.17666,1171.209978134892
290,-157.07104_21.17672,1186.8924195982472
291,-157.07133_21.17679,1201.9738306812194
292,-157.08469_21.16657,2965.2732874639355
293,-157.08606_21.16793,2944.9886641534717
294,-157.08786_21.16719,3133.434119181002
295,-157.08844_21.17135,2866.6569773626006
296,-157.09097_21.16782,3320.005069806666
297,-157.09252_21.16821,3414.348784480812
298,-157.09504_21.16464,3403.677187307005
299,-157.07518_21.16508,2489.3800435326766
300,-157.03453_21.09521,744.0490123632646
301,-157.02861_21.09604,617.0054621292686
302,-157.03177_21.09674,738.5266898462097
303,-157.03387_21.09658,819.4818963778316
304,-157.04190_21.09985,834.1717245357622
305,-157.04395_21.10145,592.4980630725681
306,-157.04702_21.10328,303.3075352166706
307,-157.04836_21.10315,167.27927012055432
308,-157.04870_21.10500,236.21839219531344
309,-157.04969_21.10587,167.7038476605031
310,-157.04145_21.10320,860.6675069322115
311,-157.04297_21.10333,707.7637379241999
312,-157.04397_21.10364,615.25478554344
313,-157.04511_21.10404,518.3573342553915
314,-157.04587_21.10469,467.4493003385056
315,-157.04715_21.10509,374.55014287649476
316,-156.99801_21.08314,885.551268078421
317,-156.99752_21.08390,950.6215696620818
318,-156.99739_21.08409,968.0302361878737
319,-156.99713_21.08446,1003.7727013636168
320,-156.99701_21.08465,1021.9982672052749
321,-156.99687_21.08485,1041.7235284086578
322,-156.99658_21.08527,1084.4167323049553
323,-156.99621_21.08582,1141.3190043301347
324,-156.99862_21.08139,816.6662795648074
325,-156.99822_21.08195,855.8392370971236
326,-156.99810_21.08214,868.9559015499427
327,-156.99797_21.08233,882.7561043181555
328,-156.99784_21.08252,896.7884032029452
329,-156.99772_21.08271,911.053882174424
330,-156.99747_21.08308,940.6890849159656
331,-156.99735_21.08327,956.0215891153241
332,-156.99704_21.08340,989.2154176296336
333,-156.99692_21.08357,1005.0231213642385
334,-156.99669_21.08381,1033.1818993188147
335,-156.99684_21.08402,1022.3102577369154
336,-156.99671_21.08420,1039.6751397535845
337,-156.99658_21.08439,1057.3637850191594
338,-156.98834_21.07849,1920.7223746976217
339,-156.98783_21.07813,1980.7052676057474
340,-156.98773_21.07839,1985.07269443348
341,-156.98755_21.07805,2010.6726579218655
342,-156.98738_21.07798,2030.1657309270045
343,-156.98685_21.07802,2082.5086852801387
344,-156.98655_21.07763,2122.794197999833
345,-156.98645_21.07850,2112.968681131125
346,-156.98667_21.07856,2089.7171534124027
347,-156.98688_21.07864,2067.007241680089
348,-156.98735_21.07867,2017.4980081201957
349,-157.00588_21.16273,517.1837680302364
350,-157.00612_21.16270,500.7510390536808
351,-157.00625_21.16290,476.0026448773938
352,-157.06633_21.18101,508.37963306626284
353,-157.06786_21.18123,602.219639352608
354,-157.06942_21.18156,695.4267450228353
355,-157.07098_21.18190,752.0083959892575
356,-157.07255_21.18223,832.4927440389444
357,-157.07566_21.18292,1039.3093558428263
358,-156.85161_21.05797,916.3480902197994
359,-156.87697_21.04899,903.4961308808818
360,-156.87755_21.04803,861.939411226381
361,-156.87726_21.04898,873.8407538325675
362,-156.76117_21.09520,2422.907506194573
363,-156.76187_21.09609,2420.106177436412
364,-156.76199_21.09639,2430.738152409046
365,-156.98789_21.07911,1954.701628972126
366,-156.98706_21.07882,2044.6384280674204
367,-157.00248_21.08288,422.8524490770978
368,-157.00237_21.08303,437.4485775103652
369,-157.00226_21.08318,452.3782479940878
370,-157.00215_21.08333,467.7477895112954
371,-157.00204_21.08347,483.39556753529405
372,-157.00193_21.08362,499.5679290170397
373,-157.00161_21.08407,549.028655434206
374,-157.00138_21.08437,583.5450107169368
375,-157.00115_21.08468,621.0116736994321
376,-157.00103_21.08485,640.8085284310288
377,-157.00090_21.08503,662.0563960392949
378,-157.00076_21.08522,684.828443327544
379,-157.00061_21.08541,709.0785146130523
380,-157.00046_21.08562,734.8252450757846
381,-157.00030_21.08585,762.2931215603104
382,-157.00013_21.08608,790.7609825642699
383,-156.95339_21.06640,1019.5253263686765
384,-156.95436_21.06659,1121.861077489656
385,-156.95454_21.06661,1140.2098151247117
386,-156.95471_21.06662,1158.498324418367
387,-156.79584_21.07375,1813.945400655525
388,-157.09732_21.16916,3755.030022068889
389,-157.09888_21.16950,3765.7288661937678
390,-157.08724_21.16317,3425.2226270351525
391,-157.08664_21.17198,2678.483676783861
392,-157.08726_21.17619,2455.271223163945
393,-156.76241_21.09543,2332.06989144639
394,-156.77030_21.09000,1315.1080825395197
395,-156.77278_21.08783,965.789698824521
396,-156.77363_21.08723,856.2098106965767
397,-156.77535_21.08943,891.2944846222971
398,-156.77466_21.08658,727.3496922478884
399,-156.79158_21.07644,1280.6508124690317
400,-156.79130_21.07665,1244.5428286995705
401,-156.78955_21.07762,1032.547219339246
402,-156.78581_21.08057,535.307433099146
403,-156.79344_21.07649,1445.200616071306
404,-157.00011_21.16149,1101.9305491974912
405,-157.00730_21.16189,490.97323328119177
406,-157.00744_21.16210,463.81899482979753
407,-157.00755_21.16234,435.0745967369483
408,-157.00739_21.16247,432.666723066296
409,-157.00715_21.16255,439.51071907047685
410,-157.08975_21.17270,2884.8031120882765
411,-157.09102_21.17271,2992.268089200474
412,-157.09193_21.17720,2829.394666069955
413,-157.09363_21.17756,2974.081203178411
414,-157.09675_21.17823,3248.6045364929128
415,-157.09919_21.17482,3624.226327864867
416,-157.09778_21.18070,3271.5203178263014
417,-157.10038_21.17677,3658.2489691189376
418,-157.10051_21.18298,3496.3570151144013
419,-157.10779_21.18060,4287.986766301649
420,-157.10935_21.18094,4440.07076380818
421,-157.11091_21.18127,4593.116079943918
422,-157.10076_21.16599,3338.9985799308783
423,-157.10105_21.16606,3338.034678952388
424,-157.10134_21.16612,3337.3129340126598
425,-157.10163_21.16618,3336.874386561769
426,-157.10192_21.16624,3336.799357649098
427,-157.10011_21.17367,3764.1195314235492
428,-157.09982_21.17361,3739.8899466318885
429,-157.09953_21.17355,3715.802513232322
430,-157.09895_21.17342,3667.976028015993
431,-157.10407_21.16835,3525.229897864297
432,-157.10525_21.17087,3785.442556967693
433,-157.10681_21.17120,3808.7451655566156
434,-157.10837_21.17153,3839.087566381155
435,-157.10992_21.17187,3876.3043555996155
436,-157.11139_21.17218,3917.2647732966925
437,-157.11328_21.17635,4393.026653642973
438,-157.11397_21.17349,4086.349710269072
439,-156.97155_21.07065,2964.1661457357905
440,-156.96346_21.06887,2100.605050586776
441,-156.96478_21.06915,2240.9437076845775
442,-156.96024_21.06768,1744.929677776181
443,-156.75801_21.10079,3057.871359201875
444,-156.75281_21.10168,3545.6702903592213
445,-156.75338_21.10124,3469.236618298084
446,-157.00697_21.16247,457.9791336579226
447,-156.98841_21.07668,1963.3976577751419
448,-156.98821_21.07658,1986.4590917207727
449,-156.98719_21.07612,2103.1103309722143
450,-156.98801_21.07649,2008.6083971655078
451,-156.97832_21.07236,3109.4016067688844
452,-156.97811_21.07225,3133.941112739728
453,-156.98953_21.07709,1838.909947214854
454,-156.98861_21.07676,1941.085365051775
455,-156.98921_21.07709,1870.2337304755026
456,-156.98747_21.07630,2068.465172700509
457,-156.98760_21.07619,2060.0192426812123
458,-156.98250_21.07395,2641.657848158004
459,-156.98223_21.07383,2672.1547390091746
460,-156.98197_21.07368,2702.8610139365255
461,-156.98025_21.07313,2892.0564069794814
462,-156.97987_21.07299,2934.6857603820495
463,-157.01101_21.08273,189.8489973959468
464,-157.01126_21.08286,161.73690153623875
465,-157.01151_21.08300,134.29443404490559
466,-157.01206_21.08326,79.70466133718801
467,-157.01233_21.08334,56.08631046720986
468,-157.01263_21.08345,30.981816871324767
469,-157.01290_21.08353,11.248930451902707
470,-157.01242_21.08416,16.888479281824015
471,-157.01203_21.08385,69.84947844394405
472,-157.01178_21.08374,98.94965594307301
473,-157.01152_21.08362,128.22953497262807
474,-157.01126_21.08350,157.72856032397553
475,-157.01074_21.08326,215.2689811012092
476,-157.01049_21.08375,220.37043129479176
477,-157.01075_21.08388,189.68698328856647
478,-157.01101_21.08400,159.99217521173972
479,-157.01126_21.08412,130.40500236071682
480,-157.01152_21.08424,100.91338770512259
481,-157.01177_21.08436,71.52191814186952
482,-157.01230_21.08440,18.776354272299074
483,-157.01216_21.08467,23.230730016401672
484,-157.00911_21.08191,32.80633057250722
485,-157.00945_21.08203,68.15128969477398
486,-157.00970_21.08213,96.3705138998162
487,-157.00996_21.08225,125.98281408798707
488,-157.01021_21.08236,155.58945056449875
489,-157.01049_21.08251,188.51964942672512
490,-157.01075_21.08262,218.04163817168552
491,-157.01048_21.08314,229.22817185582687
492,-157.01022_21.08302,200.600185725342
493,-157.00996_21.08290,172.4153831927309
494,-157.00970_21.08278,144.74597982438763
495,-157.00945_21.08266,118.17785701332559
496,-157.00919_21.08255,93.66709391301569
497,-157.00883_21.08237,62.701110369982956
498,-157.00856_21.08282,111.878310064324
499,-157.00895_21.08300,133.64212726768628
500,-157.00921_21.08313,153.29775461536292
501,-157.00946_21.08325,175.86910723564256
502,-157.00971_21.08337,200.03049488583545
503,-157.00997_21.08350,225.1691161496703
504,-157.01022_21.08362,250.92190331729546
505,-156.99849_21.08352,843.5151806073463
506,-156.99829_21.08336,860.6578423878377
507,-156.99868_21.08323,818.374355491113
508,-156.99886_21.08296,795.6847232526842
509,-156.79552_21.07381,1782.5372377050269
510,-156.79419_21.07601,1539.8951107156604
511,-156.79606_21.07158,1972.5924844812243
512,-156.80277_21.07127,2573.133554468462
513,-156.79589_21.07464,1768.0818495981882
514,-156.79631_21.07147,2000.314890229701
515,-156.80188_21.07240,2432.7783327653697
516,-156.79894_21.07317,2123.8824629039955
517,-156.79790_21.07365,2003.5867961886493
518,-156.79687_21.07364,1911.7754894056063
519,-156.80129_21.07051,2485.099158326763
520,-156.80416_21.06856,2852.5270869984215
521,-156.81570_21.06772,3951.029850360905
522,-156.81191_21.06909,3529.909862421748
523,-156.80615_21.07114,2892.618121198422
524,-157.08974_21.18197,2429.1625314303315
525,-157.08573_21.18110,2065.8539920338726
526,-157.08944_21.18190,2401.315790702963
527,-157.08603_21.18117,2092.1603010112894
528,-157.08633_21.18123,2118.6222725946845
529,-157.08662_21.18131,2144.5398423416254
530,-156.81677_21.06774,4051.473373071126
531,-156.81913_21.06789,4270.021776322956
532,-156.82418_21.06447,3856.182026691709
533,-157.08914_21.18184,2373.5352208209315
534,-157.08884_21.18177,2345.8612742750765
535,-157.08854_21.18171,2318.297869373156
536,-157.05218_21.16225,837.5480474854317
537,-157.05414_21.16241,977.9466104860209
538,-157.05584_21.16296,1128.5205706338654
539,-157.05893_21.16416,1434.326129939377
540,-157.06051_21.16435,1564.2554220072495
541,-157.04439_21.16764,607.1020730745696
542,-157.04822_21.16631,915.194925211244
543,-157.04833_21.16978,541.352107089138
544,-157.04908_21.17296,244.04568699696773
545,-157.05332_21.17131,698.7384574505777
546,-157.05252_21.17614,525.9385086411348
547,-157.05238_21.17824,560.3279062552222
548,-157.05504_21.17902,323.31108157549005
549,-157.05141_21.16901,740.6283464511365
550,-157.04883_21.17107,417.28955917678775
551,-157.05693_21.16391,1279.6914714387592
552,-157.06987_21.15940,2109.9865497572596
553,-157.06251_21.16710,1726.4933507289402
554,-156.95460_21.07414,1546.9812328068615
555,-156.95216_21.07581,1506.6710499093429
556,-156.97114_21.07420,3041.5830413724157
557,-156.97017_21.07985,3232.9109098065533
558,-157.04770_21.10623,369.58511719407346
559,-157.02962_21.09637,659.0292075743268
560,-157.04635_21.10278,351.89398382651666
561,-157.04608_21.10267,375.96530757640846
562,-157.04583_21.10256,399.7459665564326
563,-157.04557_21.10244,425.1730225155635
564,-157.04597_21.10339,410.2426701598811
565,-157.04570_21.10329,432.5777541222208
566,-157.04545_21.10318,453.92649479000113
567,-157.04518_21.10306,476.949260654572
568,-157.04488_21.10293,504.37026933058564
569,-157.04464_21.10283,526.8894862584891
570,-157.04413_21.10261,575.4184291105377
571,-157.04383_21.10248,605.1002152106005
572,-157.04358_21.10238,630.2277769308365
573,-157.04332_21.10227,656.185501617208
574,-157.04308_21.10216,681.0311668879531
575,-157.03017_21.09661,688.4221952706305
576,-157.02930_21.09873,919.696951234568
577,-157.04001_21.10254,1001.5491810731521
578,-157.04677_21.10579,447.37319602729326
579,-157.04750_21.10254,229.6591413714777
580,-157.04660_21.10606,471.3973806710485
581,-157.04645_21.10637,496.78801691207
582,-157.04719_21.10118,265.67302962141633
583,-157.04016_21.09616,1170.7190279568224
584,-157.03982_21.09696,1155.8469010240433
585,-157.04010_21.09697,1129.7534532905702
586,-157.04035_21.09707,1101.6108267246088
587,-157.04063_21.09715,1071.859290240734
588,-157.04093_21.09725,1039.4007053055668
589,-157.04188_21.09765,931.4682257172057
590,-157.04052_21.09612,1137.2275752191758
591,-157.03809_21.09753,1189.152903190278
592,-157.03582_21.10003,1250.241052243559
593,-157.03526_21.09955,1174.9275037781235
594,-157.00020_21.08451,702.2587947632856
595,-156.99968_21.08148,705.6993423503922
596,-156.99986_21.08156,686.9779955658657
597,-157.00027_21.08333,657.8592098115541
598,-156.99951_21.08204,721.3866024109063
599,-157.00076_21.08209,592.0728239534686
600,-156.99868_21.08279,812.8150654603575
601,-156.99990_21.08364,702.6484950575335
602,-156.99902_21.08221,773.0270703866807
603,-156.99990_21.08390,710.5748373513965
604,-156.99847_21.08307,837.7949087432035
605,-157.00151_21.08258,517.7594717568707
606,-157.00160_21.08241,506.33317043256704
607,-157.00140_21.08227,526.151651533992
608,-157.00167_21.08206,496.9471346940455
609,-157.00152_21.08197,512.844459830036
610,-157.00115_21.08197,551.1474216711614
611,-157.05291_21.11069,510.4275162110688
612,-157.05337_21.13140,2029.5756215527954
613,-157.05361_21.12899,2293.4935160508003
614,-157.01722_21.15426,1380.2228167101673
615,-157.01594_21.15427,1350.0144228588642
616,-157.01490_21.15391,1374.5100814049026
617,-157.01373_21.15409,1332.4950132273746
618,-157.03017_21.17766,114.08278763300157
619,-157.01318_21.14995,1769.6549552167335
620,-157.05153_21.10787,269.3065778712741
621,-157.08379_21.10696,47.93711704746857
622,-156.94407_21.06611,142.99027890592683
623,-156.95134_21.06563,793.0509174174302
624,-156.95038_21.06695,740.5734158699464
625,-156.94530_21.06399,154.72636562370053
626,-156.99674_21.07877,1068.5603577097606
627,-157.03532_21.10127,1345.0795360144036
628,-157.03601_21.09966,1226.7449507981987
629,-157.01803_21.16028,735.9510386360707
630,-157.01516_21.15509,1248.0782603878702
631,-157.01420_21.15524,1223.0375607444796
632,-157.01370_21.15546,1185.702715258595
633,-157.01332_21.15578,1141.2943867370375
634,-157.02095_21.16035,784.5449315775882
635,-157.01953_21.16052,725.7593074267236
636,-157.01181_21.16460,166.67747739470238
637,-157.05674_21.16611,1341.1370402990876
638,-157.00672_21.16418,354.0315718233445
639,-157.00980_21.15840,807.9713958046636
640,-157.05498_21.16531,1283.4745843310673
641,-157.05597_21.16574,1316.3820714787269
642,-157.05613_21.16715,1216.3345115231712
643,-157.05181_21.16436,1007.7920774825287
644,-157.05167_21.16492,1054.4984505562131
645,-157.05153_21.16549,1094.4510685700989
646,-157.05146_21.16577,1062.7590009323587
647,-157.05123_21.16661,967.5802853597847
648,-157.05105_21.16696,924.742823506532
649,-157.05113_21.16732,891.5242677247868
650,-156.96368_21.06961,2143.4514571185555
651,-156.99968_21.08112,709.9473291255074
652,-156.99468_21.07822,1290.6705611554576
653,-156.99405_21.07814,1355.5501187352424
654,-157.05592_21.16802,1134.2761691393898
655,-157.05570_21.16889,1055.7484374811183
656,-157.05542_21.16998,961.8755703817252
657,-157.05568_21.17138,911.3499512520766
658,-157.05483_21.17087,857.4602298165084
659,-157.05309_21.16934,820.7433707317098
660,-157.05360_21.16853,922.6916265288086
661,-157.05397_21.16705,1071.963277995941
662,-157.05416_21.16629,1150.9352283267274
663,-157.05784_21.16642,1401.8218457709381
664,-157.05865_21.16660,1453.4937705354184
665,-157.05943_21.16680,1504.7319554066125
666,-157.06032_21.16647,1600.583051084263
667,-157.05942_21.16846,1403.8547017072995
668,-157.05914_21.16957,1321.1809883501762
669,-157.05879_21.17096,1207.5281102495767
670,-157.05852_21.17208,1080.4202762467987
671,-157.05856_21.17350,926.8713054360865
672,-157.05781_21.17332,932.8609525175816
673,-157.05716_21.17278,984.9384840209593
674,-157.05642_21.17236,945.3673342162605
675,-157.05710_21.17112,1057.8970435212902
676,-157.05761_21.16909,1207.022985059397
677,-157.05787_21.16805,1292.609141333839
678,-157.06102_21.16725,1615.2766466069613
679,-157.06179_21.16743,1666.7899488819535
680,-157.06107_21.16868,1511.6562764455236
681,-157.06020_21.17020,1323.8998865577385
682,-157.06047_21.17111,1236.1314140121465
683,-157.06021_21.17219,1114.9002793823167
684,-157.06020_21.17387,940.7622049738513
685,-157.05941_21.17370,929.4672190225325
686,-157.05893_21.17041,1263.9855332993632
687,-157.05865_21.17153,1143.399052549184
688,-157.05178_21.16832,826.1326643539454
689,-157.06094_21.16922,1450.9884185786887
690,-157.06006_21.16748,1516.717081027235
691,-157.05726_21.16548,1428.899605165803
692,-157.05711_21.16607,1372.2345803106627
693,-157.05696_21.17007,1093.9697433774847
694,-157.00466_21.16135,713.2043289739038
695,-157.00495_21.16122,701.906051628058
696,-157.00549_21.16100,681.0972827698424
697,-157.00921_21.16030,599.2155242927947
698,-157.00850_21.16071,566.5709606166804
699,-157.00737_21.16095,579.7711185761301
700,-157.00787_21.16023,635.2796446314511
701,-157.00732_21.16045,632.1666993128407
702,-157.00521_21.16160,652.5670558346019
703,-157.00672_21.16086,620.4661171460268
704,-157.00763_21.16033,633.2227814327829
705,-157.00662_21.16062,648.4542647351183
706,-157.04886_21.16546,993.1806851313498
707,-157.04944_21.16545,1010.2544929663727
708,-157.05002_21.16673,913.1227183122094
709,-157.04994_21.16620,965.8875911903681
710,-157.04985_21.16603,981.8030248508354
711,-157.05041_21.16600,1001.6460456803087
712,-157.05066_21.16597,1012.5942615624637
713,-157.00708_21.08155,12.4524659781989
714,-157.05083_21.16626,988.3556237034807
715,-157.05051_21.16631,972.3907053218248
716,-157.05055_21.16658,945.663829458816
717,-157.05070_21.16699,907.685796700021
718,-157.05049_21.16691,909.2622364578797
719,-157.05096_21.16554,1067.9754947400654
720,-157.05310_21.16421,1070.2771472223728
721,-157.05294_21.16487,1119.4253953132786
722,-157.05286_21.16519,1143.9375640820253
723,-157.05277_21.16551,1146.7543753623233
724,-157.05253_21.16648,1040.2938918100403
725,-157.05244_21.16681,1004.8020689653323
726,-157.05233_21.16722,958.9388299117231
727,-157.05211_21.16806,868.9431178331063
728,-157.05260_21.16408,1028.1858832502182
729,-157.05251_21.16443,1053.700427657436
730,-157.05243_21.16475,1078.6296677279815
731,-157.05234_21.16507,1104.1465904448862
732,-157.05226_21.16540,1130.0014599074218
733,-157.05218_21.16572,1098.1908242691395
734,-157.05210_21.16604,1062.2854793136762
735,-157.05201_21.16637,1026.3594623215988
736,-157.05193_21.16669,990.6036498288339
737,-157.05191_21.16708,951.7340735215628
738,-157.05165_21.16730,917.6318710576611
739,-156.75043_21.13161,6222.416528349511
740,-156.74406_21.14693,8027.004318326088
741,-156.95895_21.06726,1604.3007237671682
742,-156.95723_21.06685,1420.0054230529029
743,-156.95702_21.06678,1396.6337093910468
744,-156.98756_21.07875,1995.1798258739655
745,-156.98771_21.07889,1976.7089160787132
746,-156.98794_21.07889,1953.672366808817
747,-156.98846_21.07757,1931.461792443555
748,-156.98828_21.07804,1937.304696200681
749,-156.99793_21.08438,921.1166558541165
750,-156.99855_21.08422,854.3049341288549
751,-156.99853_21.08458,867.9015213898955
752,-156.99834_21.08485,896.6669079266787
753,-156.99826_21.08511,914.3970249260344
754,-156.99801_21.08552,955.8793772589689
755,-156.99785_21.08578,982.3724482941949
756,-156.99775_21.08614,1008.7771071064543
757,-156.99907_21.08500,831.5353389868201
758,-156.99951_21.08459,772.5869486564573
759,-157.00003_21.08480,731.2839807084914
760,-156.99969_21.08538,791.6895885285501
761,-156.99951_21.08567,822.5719514644078
762,-156.99934_21.08596,853.9081575527225
763,-156.99851_21.08685,978.8301316081136
764,-156.99782_21.08665,1028.6779880320103
765,-156.99748_21.08656,1055.1115793821766
766,-156.99721_21.08635,1069.5888750496665
767,-156.99709_21.08656,1091.105675664901
768,-156.99679_21.08649,1115.257964644455
769,-156.99758_21.08496,975.3547839225251
770,-156.99818_21.08530,930.0056019873443
771,-156.99871_21.08399,831.7718310500145
772,-156.99780_21.08596,995.8301411645552
773,-156.99825_21.08559,936.5902917579245
774,-156.99853_21.08568,913.4980505565713
775,-156.99776_21.08467,948.0420579179996
776,-157.00132_21.08101,543.2547088765498
777,-157.00118_21.08098,558.135120507493
778,-157.00106_21.08086,572.7856749336863
779,-157.00021_21.08062,664.8925940145001
780,-157.00220_21.08164,443.50800886973497
781,-157.00170_21.08168,494.77263794691106
782,-157.00141_21.08157,525.2761060937358
783,-157.00127_21.08158,540.1906904870799
784,-157.00098_21.08151,571.043262199684
785,-157.00083_21.08148,586.5969447429278
786,-157.00069_21.08144,601.8816092821452
787,-157.00044_21.08139,627.9417836787912
788,-157.00003_21.08123,672.2359866562172
789,-156.96307_21.06845,2050.54062333247
790,-156.96425_21.06893,2182.282490078847
791,-156.96581_21.06936,2350.2909602033374
792,-156.96632_21.06943,2404.1575401032305
793,-156.96717_21.06980,2499.8794531353133
794,-156.96738_21.06987,2522.765476566051
795,-156.96759_21.06996,2546.6994978492435
796,-156.96784_21.07005,2573.5205263342555
797,-156.96974_21.07047,2776.404875788447
798,-156.96997_21.07051,2800.850165799736
799,-156.97043_21.07056,2848.294490959626
800,-156.97063_21.07059,2869.387866278836
801,-156.97106_21.07062,2913.589245796537
802,-156.99962_21.08011,738.0861213076839
803,-156.99918_21.08005,784.4776656928079
804,-156.99904_21.08021,793.3675765330537
805,-156.99843_21.07981,866.5275983537279
806,-156.99795_21.08050,898.2193223174563
807,-156.99626_21.07979,1085.4258672471567
808,-156.99587_21.07932,1137.4789257887264
809,-156.99552_21.07919,1176.5773580478149
810,-156.99528_21.07909,1202.9235652773214
811,-156.99522_21.07951,1198.293474227616
812,-156.99500_21.07997,1210.2000162864772
813,-156.99579_21.07974,1134.2687973893185
814,-156.99846_21.08058,844.330927640888
815,-156.98174_21.07726,2620.1956615395748
816,-156.95647_21.08495,2595.222847877648
817,-156.99340_21.07803,1423.5199864632418
818,-156.99247_21.07777,1524.6604894177344
819,-156.99183_21.07759,1593.4048543682798
820,-156.99148_21.07758,1628.6136646718203
821,-156.99107_21.07754,1671.1104832275284
822,-156.99062_21.07743,1719.2900361927418
823,-156.99016_21.07729,1769.2641752979196
824,-156.98979_21.07717,1809.672940869745
825,-156.98628_21.07653,2180.0146779874362
826,-156.98576_21.07630,2238.8938267975154
827,-156.98524_21.07607,2298.348179759092
828,-156.98472_21.07584,2357.122118896639
829,-156.98119_21.07335,2791.959171949368
830,-156.98059_21.07324,2854.705664602524
831,-156.99920_21.08236,755.4546610943712
832,-156.99926_21.08201,747.2441105524476
833,-156.99949_21.08143,726.298568964357
834,-157.00035_21.08178,634.840486703283
835,-156.99976_21.08268,699.6947499950693
836,-156.99958_21.08296,721.854176141155
837,-156.99900_21.08353,791.4211348727891
838,-156.99930_21.08371,765.3685829641594
839,-156.99956_21.08387,742.9762288870164
840,-156.99974_21.08414,733.0839888378799
841,-156.99999_21.08350,690.1916494614115
842,-157.00000_21.08321,682.9068442923142
843,-157.00029_21.08299,648.3498961041743
844,-157.00047_21.08270,626.2898567733806
845,-157.00096_21.08225,572.2090336511627
846,-157.00090_21.08184,577.1055834631593
847,-157.00128_21.08248,540.7128861066465
848,-157.00125_21.08277,546.4935945385421
849,-157.00108_21.08306,569.4417525300389
850,-157.00064_21.08378,632.6173312419301
851,-156.78131_21.08396,84.21397363412935
852,-156.78033_21.08577,296.8326205387698
853,-156.77076_21.08973,1258.9104733414067
854,-156.77526_21.08830,801.9325911933964
855,-156.77555_21.08872,817.2664451126041
856,-156.77115_21.08855,1152.0477292844082
857,-156.77363_21.08627,801.533495514433
858,-156.77925_21.08441,203.78907360651553
859,-156.82654_21.06278,3572.4322777896195
860,-156.82679_21.06266,3544.307201004443
861,-156.82732_21.06204,3476.096376962465
862,-156.82823_21.06556,3487.204508074803
863,-156.82436_21.06436,3834.3677292123402
864,-156.82459_21.06417,3806.0679115649327
865,-156.82483_21.06419,3782.162166497529
866,-156.82497_21.06443,3775.4129729728893
867,-156.82506_21.06466,3773.3734340007513
868,-156.82476_21.06462,3801.773002822736
869,-156.82484_21.06481,3799.832998703975
870,-156.82466_21.06493,3821.575521706486
871,-156.82449_21.06477,3832.880702941038
872,-156.82442_21.06509,3849.6636382304077
873,-156.82431_21.06489,3854.5871720505525
874,-156.82423_21.06521,3872.3766755618017
875,-156.82407_21.06505,3883.679322498003
876,-156.82399_21.06539,3901.624305514404
877,-156.82392_21.06519,3903.0304092914953
878,-156.82378_21.06552,3926.9661930579405
879,-156.96624_21.07800,2778.3683629948055
880,-156.82364_21.06531,3934.703246688464
881,-157.03540_21.09861,1094.4388762442206
882,-157.03562_21.10168,1399.46733620297
883,-156.99877_21.08200,798.2947865921785
884,-156.99864_21.08220,812.8692824506012
885,-156.99839_21.08257,840.7605963717873
886,-156.98870_21.07881,1877.4021148459237
887,-156.93544_21.06899,621.2883642643628
888,-156.94107_21.06730,216.00902032197087
889,-156.94365_21.06874,411.0920503191543
890,-156.95900_21.06897,1658.457467925771
891,-156.96197_21.07107,2027.1937894271164
892,-156.95973_21.07109,1814.6853204711758
893,-156.96866_21.07170,2705.839397271239
894,-156.95649_21.06670,1340.4528353016826
895,-156.91193_21.05762,1994.4656559754267
896,-156.91103_21.05740,1898.6164003194324
897,-156.87937_21.04852,667.593173245034
898,-156.88181_21.05436,538.9845788977645
899,-156.83282_21.05990,2869.7903910170235
900,-156.82926_21.06196,3276.8601862099767
901,-156.83022_21.06174,3173.7905747736204
902,-156.82946_21.06325,3290.8738535388775
903,-156.82936_21.06316,3298.395269235303
904,-156.83011_21.06311,3220.9655609956494
905,-156.83435_21.05995,2713.7346430345833
906,-156.83406_21.06138,2776.1785086606715
907,-156.83353_21.06139,2830.7340759041585
908,-156.83218_21.06284,3005.6018019253584
909,-156.83431_21.06270,2789.2867016246596
910,-156.77553_21.08477,551.9131301009106
911,-156.77942_21.08554,301.1787420852815
912,-156.77884_21.08481,265.35321457103515
913,-156.77127_21.08811,1115.695891893292
914,-156.79577_21.09391,1918.8769160529648
915,-156.78673_21.08673,691.3520518962076
916,-157.02108_21.15203,1679.0654468894274
917,-156.75997_21.09642,2601.529843150105
918,-157.03537_21.10404,1499.1210828557923
919,-157.03355_21.10447,1611.1534147009024
920,-156.83348_21.05817,2774.8101392789936
921,-156.83428_21.05743,2684.6590628679583
922,-156.83478_21.05724,2631.0296704621214
923,-156.79791_21.07324,2026.8786306167303
924,-156.83592_21.05691,2509.642658321149
925,-156.83521_21.05665,2581.870666972521
926,-156.83572_21.05744,2535.2298028466657
927,-156.83468_21.05801,2648.8576530403407
928,-156.83428_21.05772,2687.1721026806767
929,-156.83346_21.05925,2792.7177108393566
930,-156.83517_21.05610,2584.0545139080655
931,-156.83429_21.05851,2695.8606003038044
932,-156.83413_21.05861,2713.666222367141
933,-156.83560_21.05709,2545.0644333223454
934,-156.87769_21.05513,940.243478050483
935,-156.87784_21.05506,922.9930958349886
936,-156.86385_21.05237,218.19238750629674
937,-156.86770_21.05406,476.173163542266
938,-156.87210_21.05260,959.9397156591824
939,-156.87376_21.05151,1166.651465163517
940,-156.87401_21.05152,1190.02587572409
941,-156.87428_21.05149,1175.2608381664375
942,-156.87754_21.04718,880.0615873453058
943,-156.86732_21.05414,435.85720819204477
944,-156.86697_21.05428,396.90310615822295
945,-156.87024_21.05222,803.1870050322641
946,-156.86753_21.05187,584.5618392657927
947,-156.76151_21.09647,2475.1551372453446
948,-156.76128_21.09991,2738.7492950253422
949,-156.76061_21.09769,2631.6540434289136
950,-156.75922_21.09619,2652.6361325972484
951,-156.75816_21.09690,2787.184684832954
952,-156.75778_21.09714,2835.344886355172
953,-156.75732_21.09758,2902.12612952518
954,-156.75753_21.09739,2871.710351443125
955,-156.75631_21.09844,3041.6490272687292
956,-156.75642_21.09834,3026.5282053982646
957,-156.75699_21.09861,2994.87532598875
958,-156.83557_21.05680,2545.963608904104
959,-156.84625_21.06354,1685.100852106667
960,-156.84255_21.05923,1863.0038492493536
961,-156.84298_21.05842,1801.6586514043186
962,-156.84317_21.05653,1755.839220474185
963,-156.84209_21.05558,1863.831835338177
964,-156.84100_21.05574,1976.8155121484444
965,-156.84102_21.05687,1981.5054276114695
966,-156.84090_21.05953,2037.1729277111488
967,-156.83968_21.05599,2114.849604086731
968,-156.83658_21.05680,2441.171600794768
969,-156.84142_21.05490,1933.4152461457447
970,-156.84254_21.05839,1845.2802384222286
971,-156.84999_21.05402,1052.4992066850336
972,-156.87246_21.05419,948.7069468881853
973,-156.87446_21.05543,1139.2629731510367
974,-156.87501_21.05579,1194.9043512332387
975,-156.87597_21.05560,1122.9184510183325
976,-156.87612_21.05554,1105.7585164858824
977,-156.87644_21.05548,1073.2827174745821
978,-156.87683_21.05543,1034.4011568347182
979,-156.80976_21.07162,3212.482762441947
980,-156.79221_21.07581,1374.0514017008265
981,-156.75605_21.09864,3076.2053318002313
982,-156.76194_21.09547,2374.0401260221256
983,-156.76289_21.09567,2307.8601841585964
984,-156.78576_21.08215,473.7236013767106
985,-156.78391_21.08285,272.55631270217947
986,-156.78247_21.08440,184.20015512159438
987,-156.78808_21.07858,846.5368774996138
988,-156.78225_21.08353,110.06943148280813
989,-156.79083_21.07754,1151.7373990601438
990,-156.79450_21.07283,1759.0311549219698
991,-156.79519_21.07271,1823.9584536387026
992,-156.79556_21.07301,1835.4330250942917
993,-156.79582_21.07203,1921.4357196650803
994,-156.79629_21.07283,1909.214816026717
995,-156.80970_21.06999,3280.0892238377205
996,-156.81078_21.06951,3404.2566440718965
997,-156.81143_21.06938,3471.4339670065615
998,-156.80378_21.06925,2777.576108286439
999,-156.80431_21.06894,2842.825768622912
1000,-156.81286_21.06899,3624.557149067427
1001,-156.81993_21.06486,4294.2257828254515
1002,-156.82321_21.06349,3927.2668290695588
1003,-156.82563_21.06120,3630.358624275645
1004,-156.82305_21.06368,3948.142542364437
1005,-156.82474_21.06367,3776.9048688083594
1006,-156.82464_21.06374,3789.760945665256
1007,-156.84465_21.05541,1597.5989713753042
1008,-156.82774_21.06521,3523.973122970726
1009,-156.82759_21.06180,3442.5821736268003
1010,-156.82664_21.06246,3554.978976431068
1011,-156.82349_21.06514,3944.5177119718874
1012,-156.82344_21.06493,3943.6639717347034
1013,-156.82368_21.06479,3915.275005158894
1014,-156.82389_21.06467,3890.982365933639
1015,-156.75120_21.10822,4132.2371351614365
1016,-156.74635_21.10810,4508.765386754437
1017,-156.74631_21.10668,4417.3525586340575
1018,-156.74298_21.11116,4993.761000783623
1019,-156.74345_21.11100,4944.643695799049
1020,-156.74516_21.11107,4812.533605007661
1021,-156.74624_21.11182,4782.187997480999
1022,-156.74505_21.11221,4903.200249478488
1023,-156.74184_21.11192,5138.898205563257
1024,-156.74602_21.11277,4869.794371976055
1025,-157.06475_21.15857,1579.52631127531
1026,-157.05774_21.17020,1160.252729943674
1027,-157.07494_21.17926,1240.6349100356279
1028,-157.07508_21.17866,1298.9310715085292
1029,-157.09508_21.17833,3082.829951102745
1030,-157.09613_21.17405,3374.970518552251
1031,-157.10656_21.15182,1676.7617777411456
1032,-157.11225_21.16589,3229.944087304559
1033,-156.82251_21.06446,4022.8894322576166
1034,-157.03969_21.09892,1083.7712133443447
1035,-157.04062_21.09970,966.7873815158257
1036,-157.03703_21.10359,1321.0878974017273
1037,-156.74036_21.11454,5441.420939567423
1038,-156.74299_21.11151,5016.753709821175
1039,-156.86385_21.07320,1881.8860067620465
1040,-156.74165_21.11497,5370.824406379959
1041,-156.73776_21.14266,7959.539342430088
1042,-156.74678_21.15476,8630.798943424586
1043,-157.11558_21.16664,3364.665140177537
1044,-157.08272_21.15407,3135.7746406048095
1045,-157.08008_21.15401,3057.16844502885
1046,-157.08029_21.15301,3078.167292241965
1047,-157.04975_21.16044,528.004821765246
1048,-157.09653_21.16566,3444.5994180257685
1049,-157.08320_21.17928,1918.4696993813084
1050,-157.09952_21.18213,3412.576121795526
1051,-156.78201_21.08369,95.91005645657988
1052,-156.79166_21.07992,1129.1308121534448
1053,-156.80936_21.06865,3314.0360519682813
1054,-157.03914_21.10090,1094.9600088522784
1055,-157.03828_21.10091,1184.5468281849921
1056,-157.03710_21.09969,1295.0660267157384
1057,-157.03746_21.10065,1271.485650515119
1058,-157.03774_21.10006,1252.202011769469
1059,-157.03316_21.10436,1589.1882461320956
1060,-157.03231_21.10347,1474.2894206391238
1061,-157.03193_21.10285,1399.1030501441571
1062,-157.03188_21.10249,1359.2476207574357
1063,-157.03230_21.10121,1229.2811761253136
1064,-157.03345_21.10023,1161.3840245993824
1065,-157.03310_21.10184,1318.550954417034
1066,-157.03300_21.10251,1386.8836009797171
1067,-157.03783_21.10322,1233.3249899130851
1068,-157.03918_21.10312,1092.6198321658303
1069,-157.25215_21.17288,1083.531841689596
1070,-157.27062_21.15325,1638.6929703131964
1071,-157.26650_21.15993,789.7420012606485
1072,-156.98632_21.07789,2139.700387240346
1073,-157.10448_21.16571,3229.7502892755824
1074,-157.07154_21.14981,2202.3466653570663
1075,-157.07433_21.15027,2480.939959711257
1076,-157.06363_21.16454,1820.2640975052802
1077,-157.07470_21.17363,1696.0500081819505
1078,-157.07627_21.17397,1787.0700011509462
1079,-157.07793_21.17374,1907.1924392531632
1080,-157.08089_21.17490,2019.095197134084
1081,-157.08236_21.17534,2098.8527760729708
1082,-157.07583_21.16877,2184.70684743845
1083,-157.08308_21.16622,2891.921942580887
1084,-157.09546_21.14667,1629.741089230314
1085,-157.09565_21.15778,2685.463383662464
1086,-157.06316_21.18022,437.857281515576
1087,-156.98878_21.07686,1920.7529200641156
1088,-157.06646_21.16647,1968.9955754489401
1089,-157.06111_21.17479,893.3533693554101
1090,-157.04318_21.16448,649.5956507711817
1091,-157.06270_21.16713,1730.3067067537854
1092,-157.06998_21.17262,1495.5791516634981
1093,-157.08596_21.16793,2937.9206395517244
1094,-157.07508_21.16508,2483.9276375068657
1095,-157.03377_21.09658,813.8049232244816
1096,-157.04287_21.10333,717.9302496884184
1097,-156.99729_21.08409,978.1579107354302
1098,-156.99703_21.08446,1013.8150841850978
1099,-157.07088_21.18190,745.9554130451418
1100,-156.87745_21.04803,872.2065702186676
1101,-156.79574_21.07375,1805.1937755771014
1102,-157.09722_21.16916,3746.3545484600068
1103,-157.08716_21.17619,2446.4325704285793
1104,-156.77020_21.09000,1323.5246932306434
1105,-157.11081_21.18127,4582.873462217484
1106,-156.97145_21.07065,2954.072290795344
1107,-156.75328_21.10124,3477.6939128873687
1108,-156.98851_21.07676,1951.016387334329
1109,-157.00986_21.08225,117.07736545817974
1110,-157.05404_21.16241,971.3774874364345
1111,-157.06041_21.16435,1556.7316586015015
1112,-157.05322_21.17131,690.0578852840322
1113,-156.97007_21.07985,3224.1205110244023
1114,-156.99976_21.08156,697.3511632523256
1115,-157.05281_21.11069,512.8920735197339
1116,-157.03007_21.17766,111.5924916838608
1117,-157.01308_21.14995,1767.9999403828792
1118,-157.08369_21.10696,40.96238432825834
1119,-156.94397_21.06611,137.3776609485588
1120,-156.95028_21.06695,731.0472219626135
1121,-157.01322_21.15578,1138.636434849256
1122,-157.02085_21.16035,780.9578597354841
1123,-156.96358_21.06961,2133.461192787072
1124,-157.05473_21.17087,848.486260521499
1125,-157.05387_21.16705,1065.5583008970584
1126,-157.05855_21.16660,1445.3670398917304
1127,-157.05932_21.16846,1394.8488209209206
1128,-157.00456_21.16135,720.8964249358545
1129,-157.00662_21.16086,625.7648101898261
1130,-156.99843_21.08458,877.772975656223
1131,-156.99941_21.08459,782.314129974791
1132,-156.99993_21.08480,740.7923660223352
1133,-156.99941_21.08567,831.7118350886265
1134,-157.00073_21.08148,596.9508308843674
1135,-156.96622_21.06943,2394.0617482799203
1136,-156.99237_21.07777,1534.56927546117
1137,-156.99173_21.07759,1603.3166148878158
1138,-156.99138_21.07758,1638.542096846707
1139,-156.98109_21.07335,2801.7331814754657
1140,-157.00019_21.08299,658.6270336164828
1141,-156.83272_21.05990,2880.030480850804
1142,-156.83001_21.06311,3231.0021799507276
1143,-156.77932_21.08554,305.502192240916
1144,-156.87774_21.05506,932.095215841464
1145,-156.86760_21.05406,466.62972083928923
1146,-156.87200_21.05260,950.2585032862746
1147,-156.84307_21.05653,1766.2067810383132
1148,-156.87587_21.05560,1132.1986737906823
1149,-156.79440_21.07283,1750.829547946857
1150,-156.79619_21.07283,1900.6453530209199
1151,-156.81983_21.06486,4304.31482358616
1152,-156.82295_21.06368,3958.261884390128
1153,-156.82654_21.06246,3565.128722145682
1154,-156.75110_21.10822,4139.907298574887
1155,-157.05764_21.17020,1150.9068960042123
1156,-157.11215_21.16589,3228.9070677328364
1157,-156.74155_21.11497,5378.646282925356
1158,-156.78191_21.08369,87.62360564040267
1159,-157.00425_21.16454,582.8706715664296
1160,-157.00445_21.16454,562.6466309278144
1161,-157.04692_21.10328,313.185681987102
1162,-157.04712_21.10328,293.4424738034003
1163,-157.10515_21.17087,3786.552358832816
1164,-157.10535_21.17087,3784.3609355380554
1165,-157.11129_21.17218,3916.64809513799
1166,-157.11149_21.17218,3917.9088883710024
1167,-156.98164_21.07726,2630.3834100509343
1168,-156.98184_21.07726,2610.0095196979732
1169,-156.82749_21.06180,3452.7627731925604
1170,-156.82769_21.06180,3432.4028470033263
1171,-156.73766_21.14266,7965.349037709916
1172,-156.73786_21.14266,7953.738973961713
1173,-156.73776_21.14276,7968.723180836371
1174,-157.01793_21.16028,735.9032371896635
1175,-157.01813_21.16028,736.1453743855411
1176,-157.01803_21.16038,724.8798908133588
1177,-157.01803_21.16018,747.0222089719075
1178,-157.01793_21.16038,724.8313592757806
1179,-157.01793_21.16018,746.9751159755646
1180,-157.01813_21.16038,725.0771937339405
1181,-157.01813_21.16018,747.2136654593547
1182,-156.99964_21.07987,743.8477378035526
1183,-156.99957_21.07999,747.0127810444015
1184,-156.99953_21.08009,747.9457736678467
1185,-156.99946_21.08021,751.327099634659
1186,-156.99943_21.08034,750.5506613988434
1187,-156.99954_21.08044,737.0595581695103
1188,-156.99969_21.08039,723.7756479057061
1189,-156.99976_21.08027,719.1485411317257
1190,-156.99982_21.08015,716.4370498535665
1191,-156.99991_21.08003,712.1227226059384
1192,-157.00953_21.15913,726.7935964777647
1193,-157.00970_21.15900,741.0971476487857
1194,-157.00983_21.15883,759.7034086381155
1195,-157.00994_21.15866,779.2730898442302
1196,-157.01014_21.15851,795.8793343376476
1197,-157.01039_21.15823,827.8179965882331
1198,-157.01023_21.15818,833.4740775568441
1199,-157.01002_21.15810,841.5530084637137
1200,-157.00982_21.15803,849.0045951002504
1201,-157.00961_21.15795,857.3813414031417
1202,-157.00961_21.15847,800.0825673438734
1203,-157.00950_21.15865,779.8261946535017
1204,-157.24228_21.18518,2766.9924892221693
1205,-157.24245_21.18519,2756.178036814484
1206,-157.24257_21.18534,2759.9912414857117
1207,-157.24270_21.18541,2757.101590386736
1208,-157.24288_21.18546,2749.0700607187327
1209,-157.24307_21.18549,2738.514456885474
1210,-157.24339_21.18526,2697.758233293926
1211,-157.24357_21.18539,2696.059239301539
1212,-157.24373_21.18540,2686.403185759908
1213,-157.24402_21.18545,2672.1149278575795
1214,-157.24401_21.18582,2703.8865565217875
1215,-157.24415_21.18595,2706.9406648763725
1216,-157.24428_21.18603,2705.0474316713567
1217,-157.24314_21.18592,2769.853345261321
1218,-157.24331_21.18597,2763.1443929559414
1219,-157.24354_21.18602,2751.5303880599486
1220,-157.24360_21.18615,2759.97765038815
1221,-157.24353_21.18636,2781.971179862265
1222,-157.24345_21.18658,2806.152393611592
1223,-157.24331_21.18661,2817.567284337341
1224,-157.24323_21.18671,2832.175421726586
1225,-157.24376_21.18721,2841.380776038273
1226,-157.24390_21.18736,2846.37592953
1227,-157.24406_21.18732,2832.8470804694343
1228,-157.24419_21.18728,2821.2429306919903
1229,-157.24411_21.18683,2786.42007524491
1230,-157.24402_21.18668,2779.1014568065143
1231,-157.24393_21.18657,2774.202514163293
1232,-157.24441_21.18725,2805.281557791037
1233,-157.24457_21.18727,2796.7276464048646
1234,-157.24488_21.18542,2613.175183335635
1235,-157.24528_21.18555,2599.7781741316626
1236,-157.24556_21.18543,2571.809393549716
1237,-157.24583_21.18529,2542.390816191488
1238,-157.24604_21.18507,2509.9941377566947
1239,-157.24606_21.18551,2548.1804589959465
1240,-157.24618_21.18589,2576.3213496301164
1241,-157.24620_21.18605,2589.6832687429905
1242,-157.24640_21.18651,2619.3987119628414
1243,-157.24568_21.18646,2657.412806182352
1244,-157.24540_21.18644,2672.4399690629252
1245,-157.24518_21.18612,2656.358835537372
1246,-157.24513_21.18581,2631.741575504647
1247,-157.24551_21.18667,2686.3214198204582
1248,-157.24543_21.18694,2716.2273886578246
1249,-157.24563_21.18727,2734.3550740756164
1250,-157.24588_21.18741,2732.921682774137
1251,-157.24618_21.18743,2718.0538723373497
1252,-157.24656_21.18743,2696.694687436957
1253,-157.24670_21.18678,2628.141437260788
1254,-157.24720_21.18703,2624.690912987396
1255,-157.24745_21.18729,2635.863514846557
1256,-157.24761_21.18750,2647.834583513011
1257,-157.24700_21.18833,2758.7192382740027
1258,-157.24668_21.18827,2769.7963301659333
1259,-157.24640_21.18819,2777.218631832485
1260,-157.24608_21.18819,2794.6800338686626
1261,-157.24574_21.18831,2824.570133832788
1262,-157.24573_21.18863,2855.4756828107124
1263,-157.24586_21.18897,2879.711275091927
1264,-157.24624_21.18894,2857.441886419113
1265,-157.24647_21.18889,2839.9528440679846
1266,-157.24497_21.19040,3063.4488243294704
1267,-157.24511_21.19016,3033.460910819282
1268,-157.24527_21.18996,3005.3590810535925
1269,-157.24557_21.19001,2994.811113869831
1270,-157.24604_21.18990,2958.848419521372
1271,-157.24574_21.19052,3034.8436434540026
1272,-157.24564_21.19118,3102.487123374952
1273,-157.24606_21.19119,3082.8607876922224
1274,-157.24666_21.19105,3039.69738927734
1275,-157.24700_21.19098,3016.452049838612
1276,-157.24714_21.19077,2989.277852419503
1277,-157.24704_21.19050,2967.3837865654773
1278,-157.24672_21.19041,2974.107539919276
1279,-157.24683_21.19016,2944.3038381461324
