,Uid,WT_elev_m
0,-156.73766_21.14266,8.3617201
1,-156.73776_21.14266,8.3617201
2,-156.73776_21.14276,8.3617201
3,-156.73786_21.14266,8.8529396
4,-156.74155_21.11497,0.011818
5,-156.74165_21.11497,0.011818
6,-156.74184_21.11192,0.0
7,-156.74299_21.11151,0.0
8,-156.74406_21.14693,61.9235001
9,-156.74505_21.11221,0.0053587
10,-156.74516_21.11107,-0.0115104
11,-156.74602_21.11277,0.106104
12,-156.74624_21.11182,0.0075146
13,-156.74631_21.10668,0.0
14,-156.74635_21.10810,0.0
15,-156.74678_21.15476,85.998703
16,-156.75043_21.13161,1.33207
17,-156.75110_21.10822,0.173511
18,-156.75120_21.10822,0.173511
19,-156.75281_21.10168,0.0
20,-156.75328_21.10124,0.0
21,-156.75338_21.10124,0.0
22,-156.75605_21.09864,0.0
23,-156.75631_21.09844,0.0
24,-156.75642_21.09834,0.0
25,-156.75699_21.09861,0.0
26,-156.75732_21.09758,0.0
27,-156.75753_21.09739,0.0
28,-156.75778_21.09714,0.0
29,-156.75801_21.10079,0.0345347
30,-156.75997_21.09642,0.0
31,-156.76061_21.09769,0.0
32,-156.76128_21.09991,0.098605
33,-156.76151_21.09647,0.0
34,-156.76187_21.09609,0.0
35,-156.76197_21.09679,0.0
36,-156.76199_21.09639,0.0
37,-156.76241_21.09543,0.0
38,-156.76287_21.09747,0.0100746
39,-156.76289_21.09567,0.0
40,-156.76363_21.09848,0.180313
41,-156.77020_21.09000,0.0
42,-156.77030_21.09000,0.0
43,-156.77076_21.08973,0.0
44,-156.77115_21.08855,0.0
45,-156.77127_21.08811,0.0
46,-156.77278_21.08783,0.0
47,-156.77363_21.08627,0.0
48,-156.77363_21.08723,0.0
49,-156.77466_21.08658,0.0
50,-156.77526_21.08830,0.0004115
51,-156.77535_21.08943,0.0548797
52,-156.77553_21.08477,0.0
53,-156.77555_21.08872,0.0107878
54,-156.77884_21.08481,-7.91e-05
55,-156.77925_21.08441,0.0
56,-156.77932_21.08554,0.0259321
57,-156.77942_21.08554,0.0259321
58,-156.78033_21.08577,0.0684088
59,-156.78131_21.08396,-0.0008225
60,-156.78191_21.08369,-0.0179946
61,-156.78201_21.08369,-0.0179946
62,-156.78225_21.08353,-0.0244617
63,-156.78247_21.08440,0.0656633
64,-156.78391_21.08285,-0.006484
65,-156.78576_21.08215,-0.0021598
66,-156.78581_21.08057,0.0
67,-156.78673_21.08673,0.750095
68,-156.78812_21.07860,0.0
69,-156.78955_21.07762,-0.0029206
70,-156.79083_21.07754,-0.0082406
71,-156.79130_21.07665,-0.005097
72,-156.79158_21.07644,-0.0076811
73,-156.79166_21.07992,0.343752
74,-156.79221_21.07581,-0.0197144
75,-156.79344_21.07649,0.0759026
76,-156.79419_21.07601,0.0512284
77,-156.79440_21.07283,0.0
78,-156.79450_21.07283,0.0
79,-156.79519_21.07271,-0.0144245
80,-156.79552_21.07381,-0.0415486
81,-156.79556_21.07301,-0.0144245
82,-156.79574_21.07375,-0.040807
83,-156.79577_21.09391,1.97691
84,-156.79582_21.07203,-2.03e-05
85,-156.79584_21.07375,-0.040807
86,-156.79589_21.07464,0.0087765
87,-156.79606_21.07158,0.0
88,-156.79619_21.07283,-0.0298195
89,-156.79629_21.07283,-0.0298195
90,-156.79631_21.07147,0.0
91,-156.79687_21.07364,-0.0157104
92,-156.79790_21.07365,0.0711414
93,-156.79791_21.07324,-0.0168188
94,-156.79894_21.07317,0.0290578
95,-156.80129_21.07051,-0.0679104
96,-156.80188_21.07240,0.146617
97,-156.80277_21.07127,0.0944074
98,-156.80378_21.06925,-0.063305
99,-156.80416_21.06856,-0.0755741
100,-156.80431_21.06894,-0.0817474
101,-156.80615_21.07114,0.323627
102,-156.80936_21.06865,0.0461349
103,-156.80970_21.06999,0.518274
104,-156.80976_21.07162,0.705385
105,-156.81078_21.06951,0.478057
106,-156.81143_21.06938,0.370167
107,-156.81191_21.06909,0.370167
108,-156.81286_21.06899,0.258958
109,-156.81570_21.06772,0.169399
110,-156.81677_21.06774,0.211584
111,-156.81913_21.06789,0.32161
112,-156.81983_21.06486,-0.502901
113,-156.81993_21.06486,-0.502901
114,-156.82251_21.06446,-0.539621
115,-156.82295_21.06368,-0.340694
116,-156.82305_21.06368,-0.340694
117,-156.82321_21.06349,-0.340694
118,-156.82344_21.06493,-0.404712
119,-156.82349_21.06514,-0.404712
120,-156.82364_21.06531,-0.258184
121,-156.82368_21.06479,-0.258184
122,-156.82378_21.06552,0.0109046
123,-156.82389_21.06467,-0.484406
124,-156.82392_21.06519,-0.258184
125,-156.82399_21.06539,-0.258184
126,-156.82407_21.06505,-0.258184
127,-156.82418_21.06447,-0.484406
128,-156.82423_21.06521,-0.258184
129,-156.82431_21.06489,-0.100776
130,-156.82436_21.06436,-0.346656
131,-156.82442_21.06509,-0.100776
132,-156.82449_21.06477,-0.100776
133,-156.82459_21.06417,-0.346656
134,-156.82464_21.06374,-0.508516
135,-156.82466_21.06493,-0.100776
136,-156.82474_21.06367,-0.508516
137,-156.82476_21.06462,-0.346656
138,-156.82483_21.06419,-0.346656
139,-156.82484_21.06481,-0.100776
140,-156.82497_21.06443,-0.346656
141,-156.82506_21.06466,-0.186507
142,-156.82563_21.06120,-1.29e-05
143,-156.82654_21.06246,-0.372729
144,-156.82654_21.06278,-0.254373
145,-156.82664_21.06246,-0.372729
146,-156.82679_21.06266,-0.254373
147,-156.82732_21.06204,-0.279416
148,-156.82749_21.06180,-0.365653
149,-156.82759_21.06180,-0.365653
150,-156.82769_21.06180,-0.365653
151,-156.82774_21.06521,0.45111
152,-156.82823_21.06556,0.699407
153,-156.82926_21.06196,-0.0701863
154,-156.82936_21.06316,0.229845
155,-156.82946_21.06325,0.229845
156,-156.83001_21.06311,0.313692
157,-156.83011_21.06311,0.313692
158,-156.83022_21.06174,-0.113632
159,-156.83218_21.06284,0.524952
160,-156.83272_21.05990,-0.285498
161,-156.83282_21.05990,-0.285498
162,-156.83346_21.05925,-0.185488
163,-156.83353_21.06139,0.0356179
164,-156.83406_21.06138,0.133208
165,-156.83413_21.05861,-0.0399392
166,-156.83428_21.05743,0.0
167,-156.83428_21.05772,-0.0068458
168,-156.83429_21.05851,-0.119016
169,-156.83431_21.06270,0.709911
170,-156.83435_21.05995,-0.103397
171,-156.83468_21.05801,-0.0068458
172,-156.83478_21.05724,0.0
173,-156.83517_21.05610,0.0
174,-156.83521_21.05665,0.0
175,-156.83557_21.05680,0.0
176,-156.83560_21.05709,-0.0009597
177,-156.83572_21.05744,-0.06253
178,-156.83592_21.05691,-0.06253
179,-156.83658_21.05680,-0.0360347
180,-156.83968_21.05599,-0.0617598
181,-156.84090_21.05953,0.535563
182,-156.84100_21.05574,-0.0487952
183,-156.84102_21.05687,0.0424677
184,-156.84142_21.05490,-0.132162
185,-156.84209_21.05558,-0.0498696
186,-156.84254_21.05839,0.493736
187,-156.84255_21.05923,0.594205
188,-156.84298_21.05842,0.493736
189,-156.84307_21.05653,0.101612
190,-156.84317_21.05653,0.101612
191,-156.84465_21.05541,-0.126113
192,-156.84625_21.06354,1.19872
193,-156.84924_21.05773,0.43188
194,-156.85161_21.05797,0.143746
195,-156.86385_21.07320,2.6911399
196,-156.86697_21.05428,0.24955
197,-156.86732_21.05414,0.270954
198,-156.86753_21.05187,0.0
199,-156.86760_21.05406,0.270954
200,-156.86770_21.05406,0.270954
201,-156.86999_21.05081,0.0
202,-156.87024_21.05222,0.0406586
203,-156.87096_21.05074,-0.0242923
204,-156.87200_21.05260,0.120377
205,-156.87210_21.05260,0.120377
206,-156.87246_21.05419,0.564787
207,-156.87376_21.05151,0.0642357
208,-156.87401_21.05152,0.0642357
209,-156.87428_21.05149,0.0642357
210,-156.87446_21.05543,0.74689
211,-156.87501_21.05579,0.871463
212,-156.87587_21.05560,0.891317
213,-156.87597_21.05560,0.891317
214,-156.87612_21.05554,0.891317
215,-156.87644_21.05548,0.91074
216,-156.87683_21.05543,0.812908
217,-156.87697_21.04899,0.00168
218,-156.87726_21.04898,0.0068911
219,-156.87745_21.04803,0.0
220,-156.87754_21.04718,0.0
221,-156.87755_21.04803,0.0
222,-156.87769_21.05513,0.833029
223,-156.87774_21.05506,0.833029
224,-156.87784_21.05506,0.833029
225,-156.87937_21.04852,0.0061967
226,-156.88181_21.05436,0.798196
227,-156.91103_21.05740,-0.0761205
228,-156.91193_21.05762,0.0193926
229,-156.93544_21.06899,1.76934
230,-156.93975_21.07173,2.05072
231,-156.94107_21.06730,1.25425
232,-156.94365_21.06874,1.40011
233,-156.94397_21.06611,0.707805
234,-156.94407_21.06611,0.707805
235,-156.94530_21.06399,-0.326235
236,-156.94586_21.07134,1.77068
237,-156.95028_21.06695,0.764558
238,-156.95038_21.06695,0.764558
239,-156.95134_21.06563,0.229937
240,-156.95155_21.06727,0.643491
241,-156.95156_21.06707,0.643491
242,-156.95161_21.06765,0.841633
243,-156.95165_21.06681,0.415121
244,-156.95166_21.06782,0.841633
245,-156.95180_21.06721,0.643491
246,-156.95186_21.06677,0.415121
247,-156.95186_21.06738,0.643491
248,-156.95193_21.06780,0.841633
249,-156.95204_21.06722,0.643491
250,-156.95207_21.06601,0.153656
251,-156.95207_21.06684,0.415121
252,-156.95216_21.07581,2.0959699
253,-156.95223_21.06776,0.773948
254,-156.95225_21.06609,0.0572718
255,-156.95232_21.06753,0.564559
256,-156.95242_21.06738,0.564559
257,-156.95249_21.06722,0.564559
258,-156.95257_21.06707,0.564559
259,-156.95265_21.06691,0.564559
260,-156.95339_21.06640,0.222198
261,-156.95362_21.06737,0.371479
262,-156.95364_21.06646,0.105701
263,-156.95436_21.06659,-0.0217236
264,-156.95454_21.06661,-0.0217236
265,-156.95460_21.07414,1.77552
266,-156.95462_21.06733,0.258675
267,-156.95471_21.06662,-0.0217236
268,-156.95489_21.06662,-0.0217236
269,-156.95508_21.06664,-0.155349
270,-156.95531_21.06666,-0.155349
271,-156.95592_21.06668,-0.285132
272,-156.95629_21.06669,-0.285132
273,-156.95647_21.08495,3.0165801
274,-156.95649_21.06670,-0.400179
275,-156.95702_21.06678,-0.400179
276,-156.95723_21.06685,-0.497778
277,-156.95895_21.06726,-0.338438
278,-156.95900_21.06897,0.341412
279,-156.95973_21.07109,0.947177
280,-156.96024_21.06768,-0.0849328
281,-156.96197_21.07107,0.821129
282,-156.96307_21.06845,-0.0337089
283,-156.96346_21.06887,-0.0337089
284,-156.96358_21.06961,0.267763
285,-156.96368_21.06961,0.207698
286,-156.96425_21.06893,-0.106954
287,-156.96478_21.06915,0.155672
288,-156.96581_21.06936,0.0718919
289,-156.96622_21.06943,0.0718919
290,-156.96624_21.07800,1.72155
291,-156.96632_21.06943,0.0718919
292,-156.96717_21.06980,0.313156
293,-156.96738_21.06987,0.261511
294,-156.96759_21.06996,0.261511
295,-156.96784_21.07005,0.261511
296,-156.96866_21.07170,0.556698
297,-156.96974_21.07047,0.232229
298,-156.96997_21.07051,0.232229
299,-156.97007_21.07985,1.7732199
300,-156.97017_21.07985,1.7732199
301,-156.97043_21.07056,0.106011
302,-156.97063_21.07059,0.106011
303,-156.97106_21.07062,-0.0251362
304,-156.97114_21.07420,1.01421
305,-156.97145_21.07065,-0.0251362
306,-156.97155_21.07065,-0.148084
307,-156.97743_21.07189,-0.124731
308,-156.97779_21.07208,0.175332
309,-156.97811_21.07225,0.13764
310,-156.97832_21.07236,0.13764
311,-156.97856_21.07244,0.13764
312,-156.97902_21.07264,0.301202
313,-156.97987_21.07299,0.223867
314,-156.98025_21.07313,0.128681
315,-156.98059_21.07324,0.128681
316,-156.98109_21.07335,0.228261
317,-156.98119_21.07335,0.228261
318,-156.98164_21.07726,0.851232
319,-156.98174_21.07726,0.851232
320,-156.98184_21.07726,0.851232
321,-156.98197_21.07368,0.104741
322,-156.98223_21.07383,-0.0486841
323,-156.98250_21.07395,-0.0486841
324,-156.98472_21.07584,0.207152
325,-156.98524_21.07607,0.0972004
326,-156.98576_21.07630,0.307993
327,-156.98628_21.07653,0.204348
328,-156.98632_21.07789,0.564382
329,-156.98642_21.07789,0.564382
330,-156.98645_21.07850,0.714873
331,-156.98655_21.07763,0.47454
332,-156.98667_21.07856,0.639171
333,-156.98685_21.07802,0.47454
334,-156.98688_21.07864,0.639171
335,-156.98697_21.07781,0.47454
336,-156.98706_21.07882,0.639171
337,-156.98719_21.07612,-0.0974581
338,-156.98726_21.07819,0.385564
339,-156.98728_21.07744,0.192134
340,-156.98735_21.07867,0.56431
341,-156.98738_21.07707,0.192134
342,-156.98738_21.07798,0.385564
343,-156.98747_21.07630,-0.0011875
344,-156.98750_21.07828,0.385564
345,-156.98755_21.07805,0.385564
346,-156.98756_21.07875,0.56431
347,-156.98760_21.07619,-0.0011875
348,-156.98771_21.07889,0.56431
349,-156.98773_21.07739,0.192134
350,-156.98773_21.07839,0.56431
351,-156.98781_21.07782,0.385564
352,-156.98783_21.07813,0.385564
353,-156.98789_21.07911,0.724527
354,-156.98794_21.07889,0.495108
355,-156.98796_21.07792,0.303922
356,-156.98801_21.07649,-0.0912656
357,-156.98806_21.07713,0.0993799
358,-156.98814_21.07745,0.0993799
359,-156.98821_21.07658,-0.0912656
360,-156.98824_21.07720,0.0993799
361,-156.98828_21.07804,0.303922
362,-156.98834_21.07849,0.495108
363,-156.98841_21.07668,-0.0912656
364,-156.98846_21.07757,0.0993799
365,-156.98851_21.07676,-0.0912656
366,-156.98854_21.07856,0.495108
367,-156.98855_21.07734,0.0993799
368,-156.98861_21.07676,-0.0912656
369,-156.98868_21.07753,0.0227159
370,-156.98870_21.07881,0.435162
371,-156.98876_21.07856,0.435162
372,-156.98878_21.07686,-0.153772
373,-156.98881_21.07786,0.232774
374,-156.98888_21.07686,-0.153772
375,-156.98901_21.07795,0.232774
376,-156.98921_21.07709,0.0227159
377,-156.98923_21.07688,-0.153772
378,-156.98953_21.07709,-0.0435925
379,-156.98979_21.07717,-0.0435925
380,-156.99016_21.07729,-0.103187
381,-156.99062_21.07743,-0.103187
382,-156.99107_21.07754,-0.146722
383,-156.99138_21.07758,-0.146722
384,-156.99148_21.07758,-0.146722
385,-156.99173_21.07759,-0.189897
386,-156.99183_21.07759,-0.189897
387,-156.99237_21.07777,-0.0695611
388,-156.99247_21.07777,-0.0695611
389,-156.99340_21.07803,-0.124016
390,-156.99405_21.07814,-0.178336
391,-156.99468_21.07822,-0.208036
392,-156.99500_21.07997,0.407272
393,-156.99522_21.07951,0.156007
394,-156.99528_21.07909,0.156007
395,-156.99552_21.07919,0.156007
396,-156.99579_21.07974,0.0875308
397,-156.99580_21.08554,1.16378
398,-156.99587_21.07932,0.0875308
399,-156.99588_21.08630,1.23394
400,-156.99612_21.08507,1.09161
401,-156.99621_21.08582,1.16378
402,-156.99626_21.07979,0.285763
403,-156.99628_21.08483,1.09161
404,-156.99658_21.08439,0.987764
405,-156.99658_21.08527,1.0625499
406,-156.99669_21.08381,0.907892
407,-156.99671_21.08420,0.987764
408,-156.99674_21.07877,-0.165724
409,-156.99679_21.08649,1.20465
410,-156.99684_21.08402,0.907892
411,-156.99687_21.08485,1.0625499
412,-156.99692_21.08357,0.907892
413,-156.99701_21.08465,0.987764
414,-156.99703_21.08446,0.987764
415,-156.99704_21.08340,0.907892
416,-156.99709_21.08656,1.20465
417,-156.99713_21.08446,0.987764
418,-156.99721_21.08635,1.17567
419,-156.99727_21.08526,1.034
420,-156.99729_21.08409,0.959321
421,-156.99735_21.08327,0.790377
422,-156.99738_21.08476,0.959321
423,-156.99739_21.08409,0.959321
424,-156.99747_21.08308,0.790377
425,-156.99748_21.08656,1.17567
426,-156.99752_21.08390,0.879409
427,-156.99758_21.08496,1.034
428,-156.99772_21.08271,0.790377
429,-156.99775_21.08421,0.959321
430,-156.99775_21.08614,1.1059
431,-156.99776_21.08467,0.959321
432,-156.99780_21.08596,1.1059
433,-156.99782_21.08665,1.17567
434,-156.99784_21.08252,0.682241
435,-156.99785_21.08578,1.1059
436,-156.99793_21.08438,0.931591
437,-156.99795_21.08050,0.351183
438,-156.99797_21.08233,0.656815
439,-156.99801_21.08314,0.763689
440,-156.99801_21.08400,0.85212
441,-156.99801_21.08552,1.07751
442,-156.99810_21.08214,0.656815
443,-156.99814_21.08295,0.763689
444,-156.99818_21.08530,1.00591
445,-156.99819_21.08371,0.85212
446,-156.99822_21.08195,0.656815
447,-156.99825_21.08559,1.07751
448,-156.99826_21.08511,1.00591
449,-156.99829_21.08336,0.85212
450,-156.99834_21.08485,1.00591
451,-156.99839_21.08257,0.656815
452,-156.99843_21.07981,0.148129
453,-156.99843_21.08458,0.931591
454,-156.99846_21.08058,0.351183
455,-156.99847_21.08307,0.763689
456,-156.99849_21.08352,0.85212
457,-156.99851_21.08685,1.14702
458,-156.99853_21.08458,0.931591
459,-156.99853_21.08568,1.07751
460,-156.99855_21.08422,0.931591
461,-156.99862_21.08139,0.518894
462,-156.99864_21.08220,0.63302
463,-156.99868_21.08279,0.737878
464,-156.99868_21.08323,0.737878
465,-156.99871_21.08399,0.825317
466,-156.99877_21.08200,0.63302
467,-156.99886_21.08296,0.737878
468,-156.99900_21.08353,0.825317
469,-156.99902_21.08221,0.63302
470,-156.99904_21.08021,0.134122
471,-156.99907_21.08500,0.978088
472,-156.99918_21.08005,0.134122
473,-156.99920_21.08236,0.63302
474,-156.99926_21.08201,0.63302
475,-156.99930_21.08371,0.825317
476,-156.99934_21.08596,1.0493799
477,-156.99941_21.08459,0.876427
478,-156.99941_21.08567,1.02125
479,-156.99943_21.08034,0.122814
480,-156.99946_21.08021,0.122814
481,-156.99949_21.08143,0.477148
482,-156.99951_21.08204,0.607734
483,-156.99951_21.08459,0.876427
484,-156.99951_21.08567,1.02125
485,-156.99953_21.08009,0.122814
486,-156.99954_21.08044,0.122814
487,-156.99956_21.08387,0.797835
488,-156.99957_21.07999,0.122814
489,-156.99958_21.08296,0.710793
490,-156.99962_21.08011,0.122814
491,-156.99964_21.07987,0.122814
492,-156.99968_21.08112,0.317544
493,-156.99968_21.08148,0.477148
494,-156.99969_21.08039,0.122814
495,-156.99969_21.08538,0.950136
496,-156.99974_21.08414,0.876427
497,-156.99976_21.08027,0.122814
498,-156.99976_21.08156,0.477148
499,-156.99976_21.08268,0.710793
500,-156.99982_21.08015,0.122814
501,-156.99986_21.08156,0.477148
502,-156.99990_21.08364,0.797835
503,-156.99990_21.08390,0.797835
504,-156.99991_21.08003,0.122814
505,-156.99993_21.08480,0.950136
506,-156.99999_21.08350,0.797835
507,-157.00000_21.08321,0.710793
508,-157.00002_21.08562,1.02125
509,-157.00003_21.08123,0.477148
510,-157.00003_21.08480,0.950136
511,-157.00011_21.16149,8.7228603
512,-157.00013_21.08608,0.992875
513,-157.00017_21.08539,0.921613
514,-157.00019_21.08299,0.679295
515,-157.00020_21.08451,0.847544
516,-157.00021_21.08062,0.28718
517,-157.00027_21.08333,0.768147
518,-157.00029_21.08299,0.679295
519,-157.00030_21.08585,0.992875
520,-157.00031_21.08518,0.921613
521,-157.00035_21.08178,0.444712
522,-157.00043_21.08498,0.921613
523,-157.00044_21.08139,0.444712
524,-157.00046_21.08562,0.992875
525,-157.00047_21.08270,0.679295
526,-157.00061_21.08541,0.921613
527,-157.00064_21.08378,0.768147
528,-157.00069_21.08144,0.444712
529,-157.00073_21.08148,0.444712
530,-157.00076_21.08209,0.574898
531,-157.00076_21.08522,0.921613
532,-157.00078_21.08444,0.816641
533,-157.00083_21.08148,0.39847
534,-157.00089_21.08427,0.816641
535,-157.00090_21.08184,0.39847
536,-157.00090_21.08503,0.892065
537,-157.00096_21.08225,0.530034
538,-157.00098_21.08151,0.39847
539,-157.00100_21.08410,0.816641
540,-157.00103_21.08485,0.892065
541,-157.00106_21.08086,0.244433
542,-157.00108_21.08306,0.639861
543,-157.00110_21.08394,0.734404
544,-157.00115_21.08197,0.530034
545,-157.00115_21.08468,0.816641
546,-157.00118_21.08098,0.244433
547,-157.00125_21.08277,0.639861
548,-157.00127_21.08158,0.39847
549,-157.00128_21.08248,0.530034
550,-157.00130_21.08364,0.734404
551,-157.00132_21.08101,0.244433
552,-157.00138_21.08437,0.816641
553,-157.00140_21.08227,0.530034
554,-157.00141_21.08157,0.39847
555,-157.00150_21.08333,0.590396
556,-157.00151_21.08258,0.471859
557,-157.00152_21.08197,0.471859
558,-157.00160_21.08241,0.471859
559,-157.00160_21.08317,0.590396
560,-157.00161_21.08407,0.782906
561,-157.00167_21.08206,0.471859
562,-157.00170_21.08168,0.339176
563,-157.00170_21.08302,0.590396
564,-157.00180_21.08287,0.590396
565,-157.00193_21.08362,0.694936
566,-157.00204_21.08347,0.694936
567,-157.00210_21.08241,0.471859
568,-157.00215_21.08333,0.590396
569,-157.00220_21.08164,0.339176
570,-157.00220_21.08225,0.471859
571,-157.00226_21.08318,0.529392
572,-157.00227_21.08189,0.265069
573,-157.00237_21.08303,0.529392
574,-157.00248_21.08288,0.529392
575,-157.00309_21.08224,0.322577
576,-157.00311_21.16169,7.5950799
577,-157.00318_21.08174,0.179063
578,-157.00333_21.16198,7.7548099
579,-157.00341_21.08185,0.179063
580,-157.00368_21.16239,7.5924301
581,-157.00376_21.16340,10.6129999
582,-157.00388_21.16229,7.5924301
583,-157.00406_21.16160,7.4997902
584,-157.00408_21.16278,8.11271
585,-157.00414_21.16427,17.5170002
586,-157.00416_21.16344,10.6129999
587,-157.00419_21.16303,8.11271
588,-157.00425_21.16210,7.5924301
589,-157.00425_21.16454,17.5170002
590,-157.00434_21.16375,10.6129999
591,-157.00435_21.16454,17.5170002
592,-157.00443_21.16201,7.4829202
593,-157.00445_21.16454,13.9807997
594,-157.00456_21.16135,7.4187198
595,-157.00459_21.16481,24.6049004
596,-157.00460_21.16186,7.4187198
597,-157.00466_21.16135,7.4187198
598,-157.00469_21.16316,7.6911201
599,-157.00476_21.16333,7.6911201
600,-157.00481_21.16418,13.9807997
601,-157.00483_21.16353,9.0775604
602,-157.00488_21.16254,7.4829202
603,-157.00489_21.16479,13.9807997
604,-157.00491_21.16393,9.0775604
605,-157.00495_21.16122,7.3563499
606,-157.00505_21.16292,7.6911201
607,-157.00509_21.16424,11.4937
608,-157.00520_21.16214,7.4046798
609,-157.00521_21.16160,7.34793
610,-157.00522_21.16378,8.1726999
611,-157.00529_21.16230,7.4046798
612,-157.00538_21.16370,8.1726999
613,-157.00540_21.16409,11.4937
614,-157.00547_21.16261,7.4046798
615,-157.00547_21.16464,11.4937
616,-157.00549_21.16100,7.29281
617,-157.00554_21.16218,7.4046798
618,-157.00555_21.16355,8.1726999
619,-157.00556_21.16198,7.4046798
620,-157.00556_21.16277,7.48107
621,-157.00556_21.16401,8.1726999
622,-157.00567_21.16376,8.1726999
623,-157.00575_21.16438,11.4937
624,-157.00578_21.16396,7.74928
625,-157.00579_21.16191,7.2845101
626,-157.00588_21.16273,7.3884902
627,-157.00592_21.16462,9.9442596
628,-157.00597_21.16181,7.2845101
629,-157.00603_21.16426,9.9442596
630,-157.00607_21.16231,7.3348398
631,-157.00612_21.16270,7.3884902
632,-157.00616_21.16454,9.9442596
633,-157.00625_21.16290,7.3884902
634,-157.00631_21.16162,7.2845101
635,-157.00647_21.16153,7.2845101
636,-157.00653_21.16204,7.2712998
637,-157.00662_21.16062,7.1821198
638,-157.00662_21.16086,7.1821198
639,-157.00669_21.16195,7.2712998
640,-157.00672_21.16086,7.1821198
641,-157.00672_21.16418,8.9431601
642,-157.00675_21.16256,7.2712998
643,-157.00676_21.16228,7.2712998
644,-157.00687_21.16186,7.2263198
645,-157.00697_21.16215,7.2712998
646,-157.00697_21.16247,7.2712998
647,-157.00708_21.08155,-0.137948
648,-157.00715_21.16255,7.2712998
649,-157.00730_21.16189,7.1717501
650,-157.00732_21.16045,7.0918102
651,-157.00737_21.16095,7.1311402
652,-157.00739_21.16247,7.2126999
653,-157.00741_21.16127,7.1717501
654,-157.00744_21.16210,7.2126999
655,-157.00755_21.16234,7.2126999
656,-157.00763_21.16033,7.0918102
657,-157.00769_21.16119,7.1311402
658,-157.00787_21.16023,7.0918102
659,-157.00850_21.16071,7.0809498
660,-157.00856_21.08282,0.189779
661,-157.00883_21.08237,0.0046519
662,-157.00895_21.08300,0.154661
663,-157.00911_21.08191,0.0046519
664,-157.00919_21.08255,0.0046519
665,-157.00921_21.08313,0.154661
666,-157.00921_21.16030,6.9958801
667,-157.00945_21.08203,-0.0163069
668,-157.00945_21.08266,0.104056
669,-157.00946_21.08325,0.104056
670,-157.00950_21.15865,6.8899899
671,-157.00953_21.15913,6.9162202
672,-157.00961_21.15795,6.8670998
673,-157.00961_21.15847,6.8899899
674,-157.00970_21.08213,-0.0163069
675,-157.00970_21.08278,0.104056
676,-157.00970_21.15900,6.8899899
677,-157.00971_21.08337,0.238389
678,-157.00980_21.15840,6.8899899
679,-157.00982_21.15803,6.8670998
680,-157.00983_21.15883,6.8899899
681,-157.00986_21.08225,-0.0163069
682,-157.00994_21.15866,6.8899899
683,-157.00996_21.08225,-0.0163069
684,-157.00996_21.08290,0.104056
685,-157.00997_21.08350,0.238389
686,-157.01002_21.15810,6.8670998
687,-157.01014_21.15851,6.8424802
688,-157.01021_21.08236,-0.0515059
689,-157.01022_21.08302,0.0446456
690,-157.01022_21.08362,0.176013
691,-157.01023_21.15818,6.8219099
692,-157.01039_21.15823,6.8219099
693,-157.01048_21.08314,0.0446456
694,-157.01049_21.08251,-0.0515059
695,-157.01049_21.08375,0.176013
696,-157.01074_21.08326,0.0446456
697,-157.01075_21.08262,0.0446456
698,-157.01075_21.08388,0.176013
699,-157.01101_21.08273,-0.0070948
700,-157.01101_21.08400,0.115395
701,-157.01126_21.08286,-0.0070948
702,-157.01126_21.08350,0.115395
703,-157.01126_21.08412,0.249192
704,-157.01151_21.08300,-0.0448348
705,-157.01152_21.08362,0.0611597
706,-157.01152_21.08424,0.191537
707,-157.01177_21.08436,0.191537
708,-157.01178_21.08374,0.0611597
709,-157.01181_21.16460,6.9639401
710,-157.01203_21.08385,0.0611597
711,-157.01206_21.08326,-0.0448348
712,-157.01216_21.08467,0.191537
713,-157.01230_21.08440,0.13694
714,-157.01233_21.08334,0.014969
715,-157.01242_21.08416,0.13694
716,-157.01263_21.08345,0.014969
717,-157.01290_21.08353,0.014969
718,-157.01308_21.14995,6.3776898
719,-157.01318_21.14995,6.3776898
720,-157.01322_21.15578,6.5619102
721,-157.01332_21.15578,6.5619102
722,-157.01370_21.15546,6.4887099
723,-157.01373_21.15409,6.4725699
724,-157.01420_21.15524,6.4887099
725,-157.01490_21.15391,6.3903098
726,-157.01516_21.15509,6.35882
727,-157.01594_21.15427,6.2733498
728,-157.01722_21.15426,6.1301198
729,-157.01793_21.16018,6.09408
730,-157.01793_21.16028,6.09408
731,-157.01793_21.16038,6.09408
732,-157.01803_21.16018,6.09408
733,-157.01803_21.16028,6.09408
734,-157.01803_21.16038,6.09408
735,-157.01813_21.16018,6.09408
736,-157.01813_21.16028,6.09408
737,-157.01813_21.16038,6.09408
738,-157.01953_21.16052,5.9300699
739,-157.02085_21.16035,5.7960701
740,-157.02095_21.16035,5.7960701
741,-157.02108_21.15203,5.70223
742,-157.02861_21.09604,0.824274
743,-157.02930_21.09873,1.03394
744,-157.02962_21.09637,0.804678
745,-157.03007_21.17766,53.2453003
746,-157.03017_21.09661,0.758978
747,-157.03017_21.17766,45.2271004
748,-157.03023_21.09296,0.345409
749,-157.03177_21.09674,0.651585
750,-157.03188_21.10249,1.21543
751,-157.03193_21.10285,1.28106
752,-157.03230_21.10121,1.1133
753,-157.03231_21.10347,1.31294
754,-157.03300_21.10251,1.14703
755,-157.03305_21.09458,0.0
756,-157.03310_21.10184,1.0768
757,-157.03316_21.10436,1.3455
758,-157.03345_21.10023,0.932919
759,-157.03355_21.10447,1.3455
760,-157.03377_21.09658,0.429313
761,-157.03387_21.09496,0.148807
762,-157.03387_21.09658,0.429313
763,-157.03453_21.09521,0.0967556
764,-157.03526_21.09955,0.717462
765,-157.03532_21.10127,0.961357
766,-157.03537_21.10404,1.1839499
767,-157.03540_21.09861,0.630757
768,-157.03562_21.10168,0.961357
769,-157.03582_21.10003,0.758655
770,-157.03601_21.09966,0.670238
771,-157.03703_21.10359,1.11619
772,-157.03710_21.09969,0.620956
773,-157.03746_21.10065,0.753709
774,-157.03774_21.10006,0.663889
775,-157.03783_21.10322,1.00604
776,-157.03809_21.09753,0.159391
777,-157.03828_21.10091,0.709125
778,-157.03914_21.10090,0.666432
779,-157.03918_21.10312,0.934053
780,-157.03969_21.09892,0.24431
781,-157.03982_21.09696,0.0469039
782,-157.04001_21.10254,0.810389
783,-157.04010_21.09697,0.0066309
784,-157.04016_21.09616,0.0
785,-157.04035_21.09707,0.0066309
786,-157.04052_21.09612,0.0
787,-157.04062_21.09970,0.340425
788,-157.04063_21.09715,0.0066309
789,-157.04093_21.09725,-0.0047004
790,-157.04145_21.10320,0.837625
791,-157.04188_21.09765,0.0485049
792,-157.04190_21.09985,0.433137
793,-157.04287_21.10333,0.783051
794,-157.04297_21.10333,0.759391
795,-157.04308_21.10216,0.672414
796,-157.04318_21.16448,3.84355
797,-157.04328_21.16448,3.84355
798,-157.04332_21.10227,0.672414
799,-157.04358_21.10238,0.672414
800,-157.04383_21.10248,0.651607
801,-157.04395_21.10145,0.565578
802,-157.04397_21.10364,0.816418
803,-157.04413_21.10261,0.651607
804,-157.04439_21.16764,3.6558399
805,-157.04464_21.10283,0.71573
806,-157.04488_21.10293,0.71573
807,-157.04511_21.10404,0.773141
808,-157.04518_21.10306,0.695713
809,-157.04545_21.10318,0.695713
810,-157.04557_21.10244,0.613969
811,-157.04570_21.10329,0.695713
812,-157.04583_21.10256,0.596474
813,-157.04587_21.10469,0.82733
814,-157.04597_21.10339,0.752729
815,-157.04608_21.10267,0.676524
816,-157.04613_21.16245,3.58746
817,-157.04635_21.10278,0.676524
818,-157.04645_21.10637,1.04381
819,-157.04660_21.10606,0.95309
820,-157.04677_21.10579,0.95309
821,-157.04692_21.10328,0.658656
822,-157.04702_21.10328,0.658656
823,-157.04712_21.10328,0.658656
824,-157.04715_21.10509,0.880841
825,-157.04719_21.10118,0.423235
826,-157.04750_21.10254,0.565039
827,-157.04770_21.10623,0.999041
828,-157.04822_21.16631,3.3517599
829,-157.04833_21.16978,3.28373
830,-157.04836_21.10315,0.623188
831,-157.04870_21.10500,0.81915
832,-157.04883_21.17107,3.19804
833,-157.04886_21.16546,3.32549
834,-157.04908_21.17296,3.1393099
835,-157.04944_21.16545,3.2723
836,-157.04969_21.10587,0.867895
837,-157.04975_21.16044,3.29055
838,-157.04985_21.16603,3.26105
839,-157.04994_21.16620,3.26105
840,-157.05002_21.16673,3.24828
841,-157.05041_21.16600,3.20979
842,-157.05049_21.16691,3.19771
843,-157.05051_21.16631,3.19771
844,-157.05055_21.16658,3.19771
845,-157.05066_21.16597,3.20979
846,-157.05070_21.16699,3.1842501
847,-157.05083_21.16626,3.15062
848,-157.05096_21.16554,3.16219
849,-157.05105_21.16696,3.13762
850,-157.05113_21.16732,3.13762
851,-157.05123_21.16661,3.15062
852,-157.05141_21.16901,3.10797
853,-157.05146_21.16577,3.16219
854,-157.05153_21.10787,1.0039999
855,-157.05153_21.16549,3.1241901
856,-157.05165_21.16730,3.0911701
857,-157.05167_21.16492,3.1241901
858,-157.05178_21.16832,3.07726
859,-157.05181_21.16436,3.13802
860,-157.05191_21.16708,3.0911701
861,-157.05193_21.16669,3.1036899
862,-157.05201_21.16637,3.1036899
863,-157.05210_21.16604,3.1147201
864,-157.05211_21.16806,3.07726
865,-157.05218_21.16225,3.1445501
866,-157.05218_21.16572,3.1147201
867,-157.05226_21.16540,3.0759201
868,-157.05233_21.16722,3.0445399
869,-157.05234_21.16507,3.0759201
870,-157.05238_21.17824,2.6075699
871,-157.05243_21.16475,3.0885701
872,-157.05244_21.16681,3.0565801
873,-157.05251_21.16443,3.0885701
874,-157.05252_21.17614,2.77878
875,-157.05253_21.16648,3.0565801
876,-157.05260_21.16408,3.09217
877,-157.05277_21.16551,3.0759201
878,-157.05281_21.11069,1.22373
879,-157.05286_21.16519,3.0759201
880,-157.05291_21.11069,1.22373
881,-157.05294_21.16487,3.0279801
882,-157.05309_21.16934,2.9537899
883,-157.05310_21.16421,3.03951
884,-157.05322_21.17131,2.8958199
885,-157.05332_21.17131,2.8958199
886,-157.05337_21.13140,2.2833099
887,-157.05360_21.16853,2.96996
888,-157.05361_21.12899,2.2013099
889,-157.05387_21.16705,2.95186
890,-157.05397_21.16705,2.95186
891,-157.05404_21.16241,2.9949901
892,-157.05414_21.16241,2.9949901
893,-157.05414_21.17199,2.82499
894,-157.05416_21.16629,2.9633901
895,-157.05438_21.17224,2.7765
896,-157.05462_21.17249,2.7765
897,-157.05473_21.17087,2.8225999
898,-157.05483_21.17087,2.8225999
899,-157.05489_21.17273,2.7501299
900,-157.05498_21.16531,2.9402299
901,-157.05504_21.17902,2.36461
902,-157.05513_21.17299,2.7004199
903,-157.05542_21.16998,2.7955401
904,-157.05568_21.17138,2.75246
905,-157.05570_21.16889,2.8308699
906,-157.05584_21.16296,2.85094
907,-157.05592_21.16802,2.7994599
908,-157.05597_21.16574,2.83285
909,-157.05613_21.16715,2.8126199
910,-157.05642_21.17236,2.6791799
911,-157.05674_21.16611,2.7869899
912,-157.05693_21.16391,2.80445
913,-157.05696_21.17007,2.7025101
914,-157.05710_21.17112,2.68136
915,-157.05711_21.16607,2.7869899
916,-157.05716_21.17278,2.6036
917,-157.05726_21.16548,2.7530401
918,-157.05761_21.16909,2.6752901
919,-157.05764_21.17020,2.65606
920,-157.05774_21.17020,2.65606
921,-157.05781_21.17332,2.55566
922,-157.05784_21.16642,2.73191
923,-157.05787_21.16805,2.7076199
924,-157.05835_21.17505,2.4012499
925,-157.05852_21.17208,2.53668
926,-157.05855_21.16660,2.6856201
927,-157.05856_21.17350,2.4750099
928,-157.05865_21.16660,2.6856201
929,-157.05865_21.17153,2.56341
930,-157.05879_21.17096,2.5414901
931,-157.05891_21.17517,2.3533399
932,-157.05893_21.16416,2.7095499
933,-157.05893_21.17041,2.5634201
934,-157.05894_21.17629,2.2660301
935,-157.05914_21.16957,2.5829599
936,-157.05927_21.17575,2.3113699
937,-157.05932_21.16846,2.6002901
938,-157.05935_21.17527,2.3533399
939,-157.05941_21.17370,2.3849599
940,-157.05941_21.17631,2.22454
941,-157.05942_21.16846,2.55652
942,-157.05943_21.16680,2.59552
943,-157.05985_21.17731,2.1763
944,-157.05991_21.17547,2.31109
945,-157.06006_21.16748,2.58465
946,-157.06020_21.17020,2.4763501
947,-157.06020_21.17387,2.34202
948,-157.06021_21.17219,2.40382
949,-157.06031_21.17636,2.1828699
950,-157.06032_21.16647,2.5510499
951,-157.06041_21.16435,2.6183
952,-157.06047_21.17111,2.4547701
953,-157.06051_21.16435,2.6183
954,-157.06076_21.17765,2.13516
955,-157.06090_21.17688,2.1407199
956,-157.06094_21.16922,2.4514301
957,-157.06102_21.16725,2.49576
958,-157.06107_21.16868,2.4682801
959,-157.06107_21.17648,2.1407199
960,-157.06111_21.17479,2.2635701
961,-157.06121_21.17479,2.2635701
962,-157.06179_21.16743,2.49576
963,-157.06179_21.17893,1.95058
964,-157.06210_21.16463,2.5276201
965,-157.06251_21.16710,2.4519401
966,-157.06270_21.16713,2.4519401
967,-157.06280_21.16713,2.4519401
968,-157.06308_21.16722,2.4102001
969,-157.06316_21.18022,1.70044
970,-157.06326_21.18022,1.70044
971,-157.06338_21.16727,2.4102001
972,-157.06346_21.17201,2.24266
973,-157.06363_21.16454,2.4386201
974,-157.06367_21.16735,2.36834
975,-157.06373_21.16454,2.39446
976,-157.06472_21.17397,2.1126299
977,-157.06475_21.15857,2.2960801
978,-157.06483_21.18059,1.5706199
979,-157.06519_21.16514,2.3050301
980,-157.06544_21.15892,2.2577801
981,-157.06586_21.17588,1.95433
982,-157.06633_21.18101,1.53536
983,-157.06646_21.16647,2.25629
984,-157.06656_21.16647,2.2141099
985,-157.06701_21.15771,2.2035601
986,-157.06762_21.17599,1.89929
987,-157.06786_21.18123,1.5653
988,-157.06861_21.15797,2.15938
989,-157.06868_21.17164,2.03158
990,-157.06882_21.16369,2.11234
991,-157.06922_21.16945,2.07394
992,-157.06942_21.18156,1.39025
993,-157.06987_21.15940,2.1168399
994,-157.06998_21.17262,1.9841599
995,-157.07005_21.14893,2.15446
996,-157.07008_21.17262,1.9841599
997,-157.07009_21.16708,2.0676999
998,-157.07016_21.17654,1.77229
999,-157.07035_21.16475,2.05268
1000,-157.07045_21.17660,1.77229
1001,-157.07058_21.16381,2.0583
1002,-157.07074_21.17666,1.77229
1003,-157.07088_21.18190,1.4319
1004,-157.07098_21.18190,1.4319
1005,-157.07103_21.15953,2.08462
1006,-157.07104_21.17672,1.75314
1007,-157.07129_21.17273,1.90925
1008,-157.07133_21.17679,1.75314
1009,-157.07134_21.16069,2.0687599
1010,-157.07140_21.15960,2.08462
1011,-157.07154_21.14981,2.1126101
1012,-157.07164_21.14981,2.1126101
1013,-157.07178_21.15969,2.07026
1014,-157.07194_21.15851,2.0770199
1015,-157.07200_21.15066,2.1134
1016,-157.07216_21.15976,2.07026
1017,-157.07218_21.16387,2.0217299
1018,-157.07255_21.18223,1.28029
1019,-157.07261_21.16906,1.9542
1020,-157.07323_21.17329,1.83883
1021,-157.07360_21.15888,2.04792
1022,-157.07375_21.16420,1.97171
1023,-157.07433_21.15027,2.0682499
1024,-157.07443_21.15027,2.05404
1025,-157.07470_21.17363,1.78213
1026,-157.07478_21.17968,1.52211
1027,-157.07480_21.17363,1.78213
1028,-157.07494_21.17926,1.52211
1029,-157.07508_21.16508,1.94791
1030,-157.07508_21.17866,1.56225
1031,-157.07518_21.16508,1.93325
1032,-157.07527_21.15923,1.99909
1033,-157.07566_21.18292,1.18264
1034,-157.07583_21.16877,1.86217
1035,-157.07593_21.15079,2.0262699
1036,-157.07593_21.16877,1.86217
1037,-157.07627_21.17397,1.7483701
1038,-157.07637_21.17397,1.7483701
1039,-157.07646_21.16490,1.91851
1040,-157.07721_21.18321,1.24269
1041,-157.07747_21.17752,1.59439
1042,-157.07793_21.17374,1.7164201
1043,-157.07803_21.17374,1.70111
1044,-157.07827_21.15148,1.9848599
1045,-157.07867_21.15249,1.98464
1046,-157.07877_21.18354,1.10487
1047,-157.07941_21.16132,1.89425
1048,-157.07948_21.17452,1.6530401
1049,-157.08003_21.16555,1.8361501
1050,-157.08008_21.15401,1.95506
1051,-157.08029_21.15301,1.94301
1052,-157.08066_21.16978,1.75968
1053,-157.08080_21.15855,1.90975
1054,-157.08086_21.15942,1.88995
1055,-157.08089_21.17490,1.60202
1056,-157.08099_21.17490,1.60202
1057,-157.08150_21.15589,1.92041
1058,-157.08163_21.16030,1.86949
1059,-157.08181_21.15376,1.9145499
1060,-157.08184_21.15496,1.91
1061,-157.08203_21.18424,1.05836
1062,-157.08236_21.17534,1.56911
1063,-157.08246_21.17534,1.56911
1064,-157.08252_21.16217,1.83193
1065,-157.08261_21.16087,1.84866
1066,-157.08272_21.15407,1.9011199
1067,-157.08308_21.16622,1.76721
1068,-157.08318_21.16622,1.76721
1069,-157.08320_21.17928,1.43297
1070,-157.08341_21.15778,1.8681099
1071,-157.08349_21.15446,1.8861099
1072,-157.08359_21.18458,1.13218
1073,-157.08369_21.10696,0.494113
1074,-157.08379_21.10696,0.494113
1075,-157.08416_21.16128,1.81437
1076,-157.08469_21.16657,1.72807
1077,-157.08543_21.18104,1.34231
1078,-157.08573_21.18110,1.34231
1079,-157.08596_21.16793,1.67588
1080,-157.08603_21.18117,1.32552
1081,-157.08606_21.16793,1.67588
1082,-157.08633_21.18123,1.32552
1083,-157.08662_21.18131,1.28126
1084,-157.08664_21.17198,1.55777
1085,-157.08716_21.17619,1.46646
1086,-157.08719_21.15855,1.7974499
1087,-157.08724_21.16317,1.74379
1088,-157.08726_21.17619,1.4525501
1089,-157.08786_21.16719,1.66241
1090,-157.08844_21.17135,1.56332
1091,-157.08854_21.18171,1.2459
1092,-157.08884_21.18177,1.23068
1093,-157.08914_21.18184,1.23068
1094,-157.08933_21.16006,1.73914
1095,-157.08944_21.18190,1.21529
1096,-157.08974_21.18197,1.18483
1097,-157.08975_21.17270,1.48717
1098,-157.09087_21.16281,1.66712
1099,-157.09097_21.16782,1.58551
1100,-157.09102_21.17271,1.47812
1101,-157.09193_21.17720,1.32675
1102,-157.09252_21.16821,1.5606
1103,-157.09301_21.16322,1.62986
1104,-157.09363_21.17756,1.29863
1105,-157.09504_21.16464,1.58561
1106,-157.09508_21.17833,1.24721
1107,-157.09546_21.14667,1.64928
1108,-157.09556_21.14667,1.64928
1109,-157.09565_21.15778,1.65197
1110,-157.09575_21.15778,1.65197
1111,-157.09613_21.17405,1.3703099
1112,-157.09653_21.16566,1.53906
1113,-157.09674_21.15794,1.62883
1114,-157.09675_21.17823,1.20592
1115,-157.09711_21.16406,1.56095
1116,-157.09722_21.16916,1.4596699
1117,-157.09732_21.16916,1.44836
1118,-157.09778_21.18070,1.0843101
1119,-157.09888_21.16950,1.42546
1120,-157.09895_21.17342,1.32171
1121,-157.09902_21.16447,1.51704
1122,-157.09919_21.17482,1.26036
1123,-157.09952_21.18213,0.983984
1124,-157.09953_21.17355,1.31028
1125,-157.09982_21.17361,1.31028
1126,-157.10011_21.17367,1.31028
1127,-157.10038_21.17677,1.19212
1128,-157.10051_21.18298,0.940626
1129,-157.10076_21.16599,1.47331
1130,-157.10089_21.16492,1.4751101
1131,-157.10105_21.16606,1.46314
1132,-157.10134_21.16612,1.46314
1133,-157.10163_21.16618,1.45289
1134,-157.10192_21.16624,1.4402
1135,-157.10404_21.14645,1.53008
1136,-157.10407_21.16835,1.38449
1137,-157.10448_21.16571,1.4153301
1138,-157.10458_21.16571,1.4153301
1139,-157.10515_21.17087,1.3037
1140,-157.10525_21.17087,1.3037
1141,-157.10535_21.17087,1.3037
1142,-157.10656_21.15182,1.5145299
1143,-157.10681_21.17120,1.28739
1144,-157.10779_21.18060,0.940359
1145,-157.10837_21.17153,1.25416
1146,-157.10935_21.18094,0.928037
1147,-157.10992_21.17187,1.24038
1148,-157.11081_21.18127,0.887864
1149,-157.11091_21.18127,0.883162
1150,-157.11129_21.17218,1.20915
1151,-157.11139_21.17218,1.20915
1152,-157.11149_21.17218,1.20915
1153,-157.11215_21.16589,1.34065
1154,-157.11225_21.16589,1.34065
1155,-157.11328_21.17635,1.07099
1156,-157.11353_21.18030,0.925398
1157,-157.11397_21.17349,1.14932
1158,-157.11548_21.17975,0.941224
1159,-157.11558_21.16664,1.29986
1160,-157.11619_21.15212,1.4515001
1161,-157.12755_21.14364,3.87939
1162,-157.13194_21.14422,5.1045499
1163,-157.20814_21.16662,3.1256499
1164,-157.20856_21.15703,3.2165401
1165,-157.21093_21.17253,2.9484501
1166,-157.21922_21.17738,2.5130301
1167,-157.22836_21.17295,2.1703899
1168,-157.22915_21.17232,2.15048
1169,-157.23121_21.17582,1.95044
1170,-157.23136_21.17679,1.91502
1171,-157.23181_21.17986,1.78553
1172,-157.23346_21.17572,1.8294801
1173,-157.23348_21.17754,1.77472
1174,-157.23469_21.18124,1.58148
1175,-157.23650_21.18016,1.5296
1176,-157.24170_21.18236,1.0936199
1177,-157.24228_21.18518,1.0204901
1178,-157.24245_21.18519,0.969342
1179,-157.24257_21.18534,0.969342
1180,-157.24270_21.18541,0.969342
1181,-157.24288_21.18546,0.969342
1182,-157.24301_21.18322,1.02403
1183,-157.24307_21.18549,0.915555
1184,-157.24314_21.18592,0.898174
1185,-157.24323_21.18671,0.881494
1186,-157.24331_21.18597,0.898174
1187,-157.24331_21.18661,0.881494
1188,-157.24339_21.18526,0.915555
1189,-157.24345_21.18658,0.881494
1190,-157.24353_21.18636,0.881494
1191,-157.24354_21.18602,0.898174
1192,-157.24357_21.18539,0.915555
1193,-157.24360_21.18615,0.898174
1194,-157.24373_21.18540,0.915555
1195,-157.24376_21.18721,0.808735
1196,-157.24389_21.18321,0.91581
1197,-157.24390_21.18736,0.808735
1198,-157.24393_21.18657,0.824753
1199,-157.24401_21.18582,0.841642
1200,-157.24402_21.18545,0.859358
1201,-157.24402_21.18668,0.824753
1202,-157.24406_21.18732,0.808735
1203,-157.24411_21.18683,0.824753
1204,-157.24415_21.18595,0.841642
1205,-157.24419_21.18728,0.808735
1206,-157.24428_21.18603,0.841642
1207,-157.24441_21.18725,0.808735
1208,-157.24457_21.18727,0.752019
1209,-157.24488_21.18542,0.803213
1210,-157.24497_21.19040,0.70002
1211,-157.24511_21.19016,0.70002
1212,-157.24513_21.18581,0.785216
1213,-157.24518_21.18612,0.728861
1214,-157.24527_21.18996,0.64472
1215,-157.24528_21.18555,0.728861
1216,-157.24540_21.18644,0.711554
1217,-157.24543_21.18312,0.805461
1218,-157.24543_21.18694,0.711554
1219,-157.24551_21.18667,0.711554
1220,-157.24556_21.18543,0.747121
1221,-157.24557_21.19001,0.64472
1222,-157.24563_21.18727,0.695457
1223,-157.24564_21.19118,0.635855
1224,-157.24568_21.18646,0.711554
1225,-157.24573_21.18863,0.667143
1226,-157.24574_21.18831,0.68056
1227,-157.24574_21.19052,0.64472
1228,-157.24583_21.18529,0.747121
1229,-157.24586_21.18897,0.667143
1230,-157.24587_21.18317,0.805461
1231,-157.24588_21.18741,0.695457
1232,-157.24604_21.18507,0.687629
1233,-157.24604_21.18990,0.593555
1234,-157.24606_21.18551,0.687629
1235,-157.24606_21.19119,0.578272
1236,-157.24608_21.18819,0.636328
1237,-157.24613_21.19028,0.593555
1238,-157.24618_21.18589,0.668544
1239,-157.24618_21.18743,0.636686
1240,-157.24620_21.18605,0.668544
1241,-157.24624_21.18894,0.639022
1242,-157.24633_21.18319,0.747985
1243,-157.24640_21.18651,0.65065
1244,-157.24640_21.18819,0.636328
1245,-157.24647_21.18889,0.639022
1246,-157.24656_21.18743,0.636686
1247,-157.24666_21.19105,0.513893
1248,-157.24668_21.18827,0.555579
1249,-157.24670_21.18678,0.58625
1250,-157.24672_21.19041,0.522766
1251,-157.24683_21.19016,0.522766
1252,-157.24700_21.18833,0.555579
1253,-157.24700_21.19098,0.513893
1254,-157.24704_21.19050,0.522766
1255,-157.24714_21.19077,0.513893
1256,-157.24720_21.18703,0.56941
1257,-157.24745_21.18729,0.503668
1258,-157.24761_21.18750,0.503668
1259,-157.25215_21.17288,0.657991
1260,-157.25225_21.17288,0.657991
1261,-157.25752_21.16708,0.588789
1262,-157.25780_21.14791,1.44242
1263,-157.26175_21.16380,0.517864
1264,-157.26650_21.15993,0.511258
1265,-157.26660_21.15993,0.511258
1266,-157.26758_21.15938,0.478092
1267,-157.27062_21.15325,0.676683
1268,-157.27072_21.15325,0.676683
1269,-157.27220_21.15726,0.429702
1270,-157.28756_21.14135,0.277538
