<metadata xml:lang="en"><Esri><CreaDate>20250327</CreaDate><CreaTime>17061900</CreaTime><ArcGISFormat>1.0</ArcGISFormat><SyncOnce>FALSE</SyncOnce><DataProperties><lineage><Process ToolSource="c:\program files (x86)\arcgis\desktop10.6\ArcToolbox\Toolboxes\Data Management Tools.tbx\CreateFishnet" Date="20210122" Time="125621">CreateFishnet C:\Users\WRRCuser\Desktop\Work_Projects\Mike_DOH_Project\Flikr_data_from_invest\testing_api\BI_coast_WGS_FISHIES_500.shp "806940.611972823 2093519.1415328" "806940.611972823 2093529.1415328" 500 500 # # "941900.927070987 2246753.17639989" LABELS BI_coast_WGS POLYGON</Process><Process ToolSource="c:\program files\arcgis\pro\Resources\ArcToolbox\toolboxes\Data Management Tools.tbx\Project" Date="20210304" Time="211924">Project C:\Users\1553c\Desktop\GitHub_Repo_copies\Flikr_API_scraping\shp\BI_Gridded_Coast_500m.shp C:\Users\1553c\Desktop\Local_Project_junk_folders\Mike_doh_junk\Working_copies_REPO\Projected_data\Flikr_cells\BI_Gridded_Coast_500m_WGS84.shp GEOGCS['GCS_WGS_1984',DATUM['D_WGS_1984',SPHEROID['WGS_1984',6378137.0,298.257223563]],PRIMEM['Greenwich',0.0],UNIT['Degree',0.0174532925199433]] # PROJCS['WGS_1984_UTM_Zone_4N',GEOGCS['GCS_WGS_1984',DATUM['D_WGS_1984',SPHEROID['WGS_1984',6378137.0,298.257223563]],PRIMEM['Greenwich',0.0],UNIT['Degree',0.0174532925199433]],PROJECTION['Transverse_Mercator'],PARAMETER['False_Easting',500000.0],PARAMETER['False_Northing',0.0],PARAMETER['Central_Meridian',-159.0],PARAMETER['Scale_Factor',0.9996],PARAMETER['Latitude_Of_Origin',0.0],UNIT['Meter',1.0]] NO_PRESERVE_SHAPE # NO_VERTICAL</Process><Process ToolSource="c:\program files (x86)\arcgis\desktop10.6\ArcToolbox\Toolboxes\Data Management Tools.tbx\CalculateField" Date="20210305" Time="131830">CalculateField BI_Gridded_Coast_500m_WGS84 Flikr_ID "flk_"+str(!FID!) PYTHON_9.3 #</Process><Process ToolSource="c:\program files (x86)\arcgis\desktop10.6\ArcToolbox\Toolboxes\Data Management Tools.tbx\CalculateField" Date="20210422" Time="211803">CalculateField BI_Gridded_Coast_500m_WGS84 temp !Flikr_ID!+"_BI" PYTHON_9.3 #</Process><Process ToolSource="c:\program files (x86)\arcgis\desktop10.6\ArcToolbox\Toolboxes\Data Management Tools.tbx\CalculateField" Date="20210422" Time="211820">CalculateField BI_Gridded_Coast_500m_WGS84 Flikr_ID !temp! PYTHON_9.3 #</Process><Process ToolSource="c:\program files (x86)\arcgis\desktop10.6\ArcToolbox\Toolboxes\Data Management Tools.tbx\Merge" Date="20210422" Time="212434">Merge BI_Gridded_Coast_500m_WGS84;KAUAI_Gridded_Coast_250m_WGS84;MAUI_Gridded_Coast_250m_WGS84;OAHU_Gridded_Coast_250m_WGS84 C:\Users\1553c\Desktop\Local_Project_junk_folders\Mike_doh_junk\Working_copies_REPO\Projected_data\Flikr_cells\State_Gridded_Coast_WGS84.shp "Id "Id" true true false 10 Long 0 10 ,First,#,BI_Gridded_Coast_500m_WGS84,Id,-1,-1,KAUAI_Gridded_Coast_250m_WGS84,Id,-1,-1,MAUI_Gridded_Coast_250m_WGS84,Id,-1,-1,OAHU_Gridded_Coast_250m_WGS84,Id,-1,-1;X "X" true true false 19 Double 0 0 ,First,#,BI_Gridded_Coast_500m_WGS84,X,-1,-1,KAUAI_Gridded_Coast_250m_WGS84,X,-1,-1,MAUI_Gridded_Coast_250m_WGS84,X,-1,-1,OAHU_Gridded_Coast_250m_WGS84,X,-1,-1;Y "Y" true true false 19 Double 0 0 ,First,#,BI_Gridded_Coast_500m_WGS84,Y,-1,-1,KAUAI_Gridded_Coast_250m_WGS84,Y,-1,-1,MAUI_Gridded_Coast_250m_WGS84,Y,-1,-1,OAHU_Gridded_Coast_250m_WGS84,Y,-1,-1;Flikr_ID "Flikr_ID" true true false 50 Text 0 0 ,First,#,BI_Gridded_Coast_500m_WGS84,Flikr_ID,-1,-1,KAUAI_Gridded_Coast_250m_WGS84,Flikr_ID,-1,-1,MAUI_Gridded_Coast_250m_WGS84,Flikr_ID,-1,-1,OAHU_Gridded_Coast_250m_WGS84,Flikr_ID,-1,-1"</Process><Process Name="Project" ToolSource="c:\program files\arcgis\pro\Resources\ArcToolbox\toolboxes\Data Management Tools.tbx\Project" Date="20250327" Time="170619">Project E:\transfer\CCWG_Prioritization_MolokaiUpdate_202503\OSDS_CCWG_2021\incoming\Molokai_CShuler_202503\Molokai_250m_Coast_Cells.shp E:\transfer\CCWG_Prioritization_MolokaiUpdate_202503\OSDS_CCWG_2021\MolokaiUpdate_202503\scratch_MOL.gdb\MOL_Shuler_CoastGrid_250m_CoastCells_n83utm4 PROJCS["NAD_1983_UTM_Zone_4N",GEOGCS["GCS_North_American_1983",DATUM["D_North_American_1983",SPHEROID["GRS_1980",6378137.0,298.257222101]],PRIMEM["Greenwich",0.0],UNIT["Degree",0.0174532925199433]],PROJECTION["Transverse_Mercator"],PARAMETER["False_Easting",500000.0],PARAMETER["False_Northing",0.0],PARAMETER["Central_Meridian",-159.0],PARAMETER["Scale_Factor",0.9996],PARAMETER["Latitude_Of_Origin",0.0],UNIT["Meter",1.0]] WGS_1984_(ITRF00)_To_NAD_1983 GEOGCS["GCS_WGS_1984",DATUM["D_WGS_1984",SPHEROID["WGS_1984",6378137.0,298.257223563]],PRIMEM["Greenwich",0.0],UNIT["Degree",0.0174532925199433]] PRESERVE_SHAPE # NO_VERTICAL</Process><Process ToolSource="c:\program files\arcgis\pro\Resources\ArcToolbox\toolboxes\Data Management Tools.tbx\Merge" Date="20250401" Time="170112">Merge E:\transfer\CCWG_Prioritization_MolokaiUpdate_202503\OSDS_CCWG_2021\MolokaiUpdate_202503\scratch_MOL.gdb\MOL_Shuler_CoastGrid_250m_CoastCells_n83utm4;E:\transfer\CCWG_Prioritization_MolokaiUpdate_202503\OSDS_CCWG_2021\InputData.gdb\Shuler_CoastGrid_250m_AllIslands_n83utm4 E:\transfer\CCWG_Prioritization_MolokaiUpdate_202503\OSDS_CCWG_2021\ReefDataSummary_Outputs_MOL_202503.gdb\Shuler_CoastGrid_250m_AllIslands_n83utm4 # NO_SOURCE_INFO AUTOMATIC</Process><Process ToolSource="c:\program files\arcgis\pro\Resources\ArcToolbox\toolboxes\Analysis Tools.tbx\SpatialJoin" Date="20250401" Time="170122">SpatialJoin E:\transfer\CCWG_Prioritization_MolokaiUpdate_202503\OSDS_CCWG_2021\ReefDataSummary_Outputs_MOL_202503.gdb\Shuler_CoastGrid_250m_AllIslands_n83utm4 E:\transfer\CCWG_Prioritization_MolokaiUpdate_202503\OSDS_CCWG_2021\ReefDataSummary_Outputs_MOL_202503.gdb\All_Isl_CoastGrid_250m_pts_reefAtts_202503 E:\transfer\CCWG_Prioritization_MolokaiUpdate_202503\OSDS_CCWG_2021\ReefDataSummary_Outputs_MOL_202503.gdb\All_Isl_CoastGrid_250m_pygon_reefAtts_202503 JOIN_ONE_TO_ONE KEEP_ALL "Id "Id" true true false 4 Long 0 0,First,#,E:\transfer\CCWG_Prioritization_MolokaiUpdate_202503\OSDS_CCWG_2021\ReefDataSummary_Outputs_MOL_202503.gdb\Shuler_CoastGrid_250m_AllIslands_n83utm4,Id,-1,-1;X "X" true true false 8 Double 0 0,First,#,E:\transfer\CCWG_Prioritization_MolokaiUpdate_202503\OSDS_CCWG_2021\ReefDataSummary_Outputs_MOL_202503.gdb\Shuler_CoastGrid_250m_AllIslands_n83utm4,X,-1,-1;Y "Y" true true false 8 Double 0 0,First,#,E:\transfer\CCWG_Prioritization_MolokaiUpdate_202503\OSDS_CCWG_2021\ReefDataSummary_Outputs_MOL_202503.gdb\Shuler_CoastGrid_250m_AllIslands_n83utm4,Y,-1,-1;Flikr_ID "Flikr_ID" true true false 50 Text 0 0,First,#,E:\transfer\CCWG_Prioritization_MolokaiUpdate_202503\OSDS_CCWG_2021\ReefDataSummary_Outputs_MOL_202503.gdb\Shuler_CoastGrid_250m_AllIslands_n83utm4,Flikr_ID,0,49;Island "Island" true true false 512 Text 0 0,First,#,E:\transfer\CCWG_Prioritization_MolokaiUpdate_202503\OSDS_CCWG_2021\ReefDataSummary_Outputs_MOL_202503.gdb\Shuler_CoastGrid_250m_AllIslands_n83utm4,Island,0,14;SetNull "SetNull" true true false 10 Text 0 0,First,#,E:\transfer\CCWG_Prioritization_MolokaiUpdate_202503\OSDS_CCWG_2021\ReefDataSummary_Outputs_MOL_202503.gdb\Shuler_CoastGrid_250m_AllIslands_n83utm4,SetNull,0,9;Shape_Length "Shape_Length" false true true 8 Double 0 0,First,#,E:\transfer\CCWG_Prioritization_MolokaiUpdate_202503\OSDS_CCWG_2021\ReefDataSummary_Outputs_MOL_202503.gdb\Shuler_CoastGrid_250m_AllIslands_n83utm4,Shape_Length,-1,-1;Shape_Area "Shape_Area" false true true 8 Double 0 0,First,#,E:\transfer\CCWG_Prioritization_MolokaiUpdate_202503\OSDS_CCWG_2021\ReefDataSummary_Outputs_MOL_202503.gdb\Shuler_CoastGrid_250m_AllIslands_n83utm4,Shape_Area,-1,-1;Join_Count "Join_Count" true true false 4 Long 0 0,First,#,E:\transfer\CCWG_Prioritization_MolokaiUpdate_202503\OSDS_CCWG_2021\ReefDataSummary_Outputs_MOL_202503.gdb\All_Isl_CoastGrid_250m_pts_reefAtts_202503,Join_Count,-1,-1;SpJ_dist "SpJ_dist" true true false 8 Double 0 0,First,#,E:\transfer\CCWG_Prioritization_MolokaiUpdate_202503\OSDS_CCWG_2021\ReefDataSummary_Outputs_MOL_202503.gdb\All_Isl_CoastGrid_250m_pts_reefAtts_202503,SpJ_dist,-1,-1;TARGET_FID "TARGET_FID" true true false 4 Long 0 0,First,#,E:\transfer\CCWG_Prioritization_MolokaiUpdate_202503\OSDS_CCWG_2021\ReefDataSummary_Outputs_MOL_202503.gdb\All_Isl_CoastGrid_250m_pts_reefAtts_202503,TARGET_FID,-1,-1;Field1 "Field1" true true false 4 Long 0 0,First,#,E:\transfer\CCWG_Prioritization_MolokaiUpdate_202503\OSDS_CCWG_2021\ReefDataSummary_Outputs_MOL_202503.gdb\All_Isl_CoastGrid_250m_pts_reefAtts_202503,Field1,-1,-1;FID_ "FID_" true true false 8 Double 0 0,First,#,E:\transfer\CCWG_Prioritization_MolokaiUpdate_202503\OSDS_CCWG_2021\ReefDataSummary_Outputs_MOL_202503.gdb\All_Isl_CoastGrid_250m_pts_reefAtts_202503,FID_,-1,-1;UserDays "UserDays" true true false 4 Long 0 0,First,#,E:\transfer\CCWG_Prioritization_MolokaiUpdate_202503\OSDS_CCWG_2021\ReefDataSummary_Outputs_MOL_202503.gdb\All_Isl_CoastGrid_250m_pts_reefAtts_202503,UserDays,-1,-1;X_1 "X" true true false 8 Double 0 0,First,#,E:\transfer\CCWG_Prioritization_MolokaiUpdate_202503\OSDS_CCWG_2021\ReefDataSummary_Outputs_MOL_202503.gdb\All_Isl_CoastGrid_250m_pts_reefAtts_202503,X,-1,-1;Y_1 "Y" true true false 8 Double 0 0,First,#,E:\transfer\CCWG_Prioritization_MolokaiUpdate_202503\OSDS_CCWG_2021\ReefDataSummary_Outputs_MOL_202503.gdb\All_Isl_CoastGrid_250m_pts_reefAtts_202503,Y,-1,-1;Flikr_ID_1 "Flikr_ID" true true false 50 Text 0 0,First,#,E:\transfer\CCWG_Prioritization_MolokaiUpdate_202503\OSDS_CCWG_2021\ReefDataSummary_Outputs_MOL_202503.gdb\All_Isl_CoastGrid_250m_pts_reefAtts_202503,Flikr_ID,0,49;Id_1 "Id" true true false 4 Long 0 0,First,#,E:\transfer\CCWG_Prioritization_MolokaiUpdate_202503\OSDS_CCWG_2021\ReefDataSummary_Outputs_MOL_202503.gdb\All_Isl_CoastGrid_250m_pts_reefAtts_202503,Id,-1,-1;Island_1 "Island" true true false 512 Text 0 0,First,#,E:\transfer\CCWG_Prioritization_MolokaiUpdate_202503\OSDS_CCWG_2021\ReefDataSummary_Outputs_MOL_202503.gdb\All_Isl_CoastGrid_250m_pts_reefAtts_202503,Island,0,511;ORIG_FID "ORIG_FID" true true false 4 Long 0 0,First,#,E:\transfer\CCWG_Prioritization_MolokaiUpdate_202503\OSDS_CCWG_2021\ReefDataSummary_Outputs_MOL_202503.gdb\All_Isl_CoastGrid_250m_pts_reefAtts_202503,ORIG_FID,-1,-1;FID_shoreline_OTP_noIslets "FID_shoreline_OTP_noIslets" true true false 4 Long 0 0,First,#,E:\transfer\CCWG_Prioritization_MolokaiUpdate_202503\OSDS_CCWG_2021\ReefDataSummary_Outputs_MOL_202503.gdb\All_Isl_CoastGrid_250m_pts_reefAtts_202503,FID_shoreline_OTP_noIslets,-1,-1;Id_12 "Id" true true false 4 Long 0 0,First,#,E:\transfer\CCWG_Prioritization_MolokaiUpdate_202503\OSDS_CCWG_2021\ReefDataSummary_Outputs_MOL_202503.gdb\All_Isl_CoastGrid_250m_pts_reefAtts_202503,Id_1,-1,-1;Island_12 "Island" true true false 512 Text 0 0,First,#,E:\transfer\CCWG_Prioritization_MolokaiUpdate_202503\OSDS_CCWG_2021\ReefDataSummary_Outputs_MOL_202503.gdb\All_Isl_CoastGrid_250m_pts_reefAtts_202503,Island_1,0,511;Area_km "Area_km" true true false 8 Double 0 0,First,#,E:\transfer\CCWG_Prioritization_MolokaiUpdate_202503\OSDS_CCWG_2021\ReefDataSummary_Outputs_MOL_202503.gdb\All_Isl_CoastGrid_250m_pts_reefAtts_202503,Area_km,-1,-1;Area_m "Area_m" true true false 8 Double 0 0,First,#,E:\transfer\CCWG_Prioritization_MolokaiUpdate_202503\OSDS_CCWG_2021\ReefDataSummary_Outputs_MOL_202503.gdb\All_Isl_CoastGrid_250m_pts_reefAtts_202503,Area_m,-1,-1;Shape_Leng "Shape_Leng" true true false 8 Double 0 0,First,#,E:\transfer\CCWG_Prioritization_MolokaiUpdate_202503\OSDS_CCWG_2021\ReefDataSummary_Outputs_MOL_202503.gdb\All_Isl_CoastGrid_250m_pts_reefAtts_202503,Shape_Leng,-1,-1;Length_km "Length_km" true true false 8 Double 0 0,First,#,E:\transfer\CCWG_Prioritization_MolokaiUpdate_202503\OSDS_CCWG_2021\ReefDataSummary_Outputs_MOL_202503.gdb\All_Isl_CoastGrid_250m_pts_reefAtts_202503,Length_km,-1,-1;temp "temp" true true false 2 Short 0 0,First,#,E:\transfer\CCWG_Prioritization_MolokaiUpdate_202503\OSDS_CCWG_2021\ReefDataSummary_Outputs_MOL_202503.gdb\All_Isl_CoastGrid_250m_pts_reefAtts_202503,temp,-1,-1;InLine_FID "InLine_FID" true true false 4 Long 0 0,First,#,E:\transfer\CCWG_Prioritization_MolokaiUpdate_202503\OSDS_CCWG_2021\ReefDataSummary_Outputs_MOL_202503.gdb\All_Isl_CoastGrid_250m_pts_reefAtts_202503,InLine_FID,-1,-1;SimLnFlag "SimLnFlag" true true false 2 Short 0 0,First,#,E:\transfer\CCWG_Prioritization_MolokaiUpdate_202503\OSDS_CCWG_2021\ReefDataSummary_Outputs_MOL_202503.gdb\All_Isl_CoastGrid_250m_pts_reefAtts_202503,SimLnFlag,-1,-1;MaxSimpTol "MaxSimpTol" true true false 8 Double 0 0,First,#,E:\transfer\CCWG_Prioritization_MolokaiUpdate_202503\OSDS_CCWG_2021\ReefDataSummary_Outputs_MOL_202503.gdb\All_Isl_CoastGrid_250m_pts_reefAtts_202503,MaxSimpTol,-1,-1;MinSimpTol "MinSimpTol" true true false 8 Double 0 0,First,#,E:\transfer\CCWG_Prioritization_MolokaiUpdate_202503\OSDS_CCWG_2021\ReefDataSummary_Outputs_MOL_202503.gdb\All_Isl_CoastGrid_250m_pts_reefAtts_202503,MinSimpTol,-1,-1;START_X "START_X" true true false 8 Double 0 0,First,#,E:\transfer\CCWG_Prioritization_MolokaiUpdate_202503\OSDS_CCWG_2021\ReefDataSummary_Outputs_MOL_202503.gdb\All_Isl_CoastGrid_250m_pts_reefAtts_202503,START_X,-1,-1;START_Y "START_Y" true true false 8 Double 0 0,First,#,E:\transfer\CCWG_Prioritization_MolokaiUpdate_202503\OSDS_CCWG_2021\ReefDataSummary_Outputs_MOL_202503.gdb\All_Isl_CoastGrid_250m_pts_reefAtts_202503,START_Y,-1,-1;MID_X "MID_X" true true false 8 Double 0 0,First,#,E:\transfer\CCWG_Prioritization_MolokaiUpdate_202503\OSDS_CCWG_2021\ReefDataSummary_Outputs_MOL_202503.gdb\All_Isl_CoastGrid_250m_pts_reefAtts_202503,MID_X,-1,-1;MID_Y "MID_Y" true true false 8 Double 0 0,First,#,E:\transfer\CCWG_Prioritization_MolokaiUpdate_202503\OSDS_CCWG_2021\ReefDataSummary_Outputs_MOL_202503.gdb\All_Isl_CoastGrid_250m_pts_reefAtts_202503,MID_Y,-1,-1;END_X "END_X" true true false 8 Double 0 0,First,#,E:\transfer\CCWG_Prioritization_MolokaiUpdate_202503\OSDS_CCWG_2021\ReefDataSummary_Outputs_MOL_202503.gdb\All_Isl_CoastGrid_250m_pts_reefAtts_202503,END_X,-1,-1;END_Y "END_Y" true true false 8 Double 0 0,First,#,E:\transfer\CCWG_Prioritization_MolokaiUpdate_202503\OSDS_CCWG_2021\ReefDataSummary_Outputs_MOL_202503.gdb\All_Isl_CoastGrid_250m_pts_reefAtts_202503,END_Y,-1,-1;CoordX_Y "CoordX_Y" true true false 100 Text 0 0,First,#,E:\transfer\CCWG_Prioritization_MolokaiUpdate_202503\OSDS_CCWG_2021\ReefDataSummary_Outputs_MOL_202503.gdb\All_Isl_CoastGrid_250m_pts_reefAtts_202503,CoordX_Y,0,99;UID "UID" true true false 4 Long 0 0,First,#,E:\transfer\CCWG_Prioritization_MolokaiUpdate_202503\OSDS_CCWG_2021\ReefDataSummary_Outputs_MOL_202503.gdb\All_Isl_CoastGrid_250m_pts_reefAtts_202503,UID,-1,-1;Coral_GAO_Mean "Coral_GAO_Mean" true true false 8 Double 0 0,First,#,E:\transfer\CCWG_Prioritization_MolokaiUpdate_202503\OSDS_CCWG_2021\ReefDataSummary_Outputs_MOL_202503.gdb\All_Isl_CoastGrid_250m_pts_reefAtts_202503,Coral_GAO_Mean,-1,-1;Coral_GAO_Med "Coral_GAO_Med" true true false 4 Long 0 0,First,#,E:\transfer\CCWG_Prioritization_MolokaiUpdate_202503\OSDS_CCWG_2021\ReefDataSummary_Outputs_MOL_202503.gdb\All_Isl_CoastGrid_250m_pts_reefAtts_202503,Coral_GAO_Med,-1,-1;Coral_HIMARC_Mean "Coral_HIMARC_Mean" true true false 8 Double 0 0,First,#,E:\transfer\CCWG_Prioritization_MolokaiUpdate_202503\OSDS_CCWG_2021\ReefDataSummary_Outputs_MOL_202503.gdb\All_Isl_CoastGrid_250m_pts_reefAtts_202503,Coral_HIMARC_Mean,-1,-1;Coral_HIMARC_Med "Coral_HIMARC_Med" true true false 8 Double 0 0,First,#,E:\transfer\CCWG_Prioritization_MolokaiUpdate_202503\OSDS_CCWG_2021\ReefDataSummary_Outputs_MOL_202503.gdb\All_Isl_CoastGrid_250m_pts_reefAtts_202503,Coral_HIMARC_Med,-1,-1;ResBioRP_OSDS_Mean "ResBioRP_OSDS_Mean" true true false 8 Double 0 0,First,#,E:\transfer\CCWG_Prioritization_MolokaiUpdate_202503\OSDS_CCWG_2021\ReefDataSummary_Outputs_MOL_202503.gdb\All_Isl_CoastGrid_250m_pts_reefAtts_202503,ResBioRP_OSDS_Mean,-1,-1;ResBioRP_OSDS_Med "ResBioRP_OSDS_Med" true true false 8 Double 0 0,First,#,E:\transfer\CCWG_Prioritization_MolokaiUpdate_202503\OSDS_CCWG_2021\ReefDataSummary_Outputs_MOL_202503.gdb\All_Isl_CoastGrid_250m_pts_reefAtts_202503,ResBioRP_OSDS_Med,-1,-1;ResBiomass_Mean "ResBiomass_Mean" true true false 8 Double 0 0,First,#,E:\transfer\CCWG_Prioritization_MolokaiUpdate_202503\OSDS_CCWG_2021\ReefDataSummary_Outputs_MOL_202503.gdb\All_Isl_CoastGrid_250m_pts_reefAtts_202503,ResBiomass_Mean,-1,-1;ResBiomass_Med "ResBiomass_Med" true true false 8 Double 0 0,First,#,E:\transfer\CCWG_Prioritization_MolokaiUpdate_202503\OSDS_CCWG_2021\ReefDataSummary_Outputs_MOL_202503.gdb\All_Isl_CoastGrid_250m_pts_reefAtts_202503,ResBiomass_Med,-1,-1;ASB_yr "ASB_yr" true true false 4 Long 0 0,First,#,E:\transfer\CCWG_Prioritization_MolokaiUpdate_202503\OSDS_CCWG_2021\ReefDataSummary_Outputs_MOL_202503.gdb\All_Isl_CoastGrid_250m_pts_reefAtts_202503,ASB_yr,-1,-1;Coral_GAOno0_Mean "Coral_GAOno0_Mean" true true false 8 Double 0 0,First,#,E:\transfer\CCWG_Prioritization_MolokaiUpdate_202503\OSDS_CCWG_2021\ReefDataSummary_Outputs_MOL_202503.gdb\All_Isl_CoastGrid_250m_pts_reefAtts_202503,Coral_GAOno0_Mean,-1,-1;Coral_GAOno0_Med "Coral_GAOno0_Med" true true false 4 Long 0 0,First,#,E:\transfer\CCWG_Prioritization_MolokaiUpdate_202503\OSDS_CCWG_2021\ReefDataSummary_Outputs_MOL_202503.gdb\All_Isl_CoastGrid_250m_pts_reefAtts_202503,Coral_GAOno0_Med,-1,-1;Coral_GAO100m_Mean "Coral_GAO100m_Mean" true true false 8 Double 0 0,First,#,E:\transfer\CCWG_Prioritization_MolokaiUpdate_202503\OSDS_CCWG_2021\ReefDataSummary_Outputs_MOL_202503.gdb\All_Isl_CoastGrid_250m_pts_reefAtts_202503,Coral_GAO100m_Mean,-1,-1;Coral_GAO100m_Med "Coral_GAO100m_Med" true true false 8 Double 0 0,First,#,E:\transfer\CCWG_Prioritization_MolokaiUpdate_202503\OSDS_CCWG_2021\ReefDataSummary_Outputs_MOL_202503.gdb\All_Isl_CoastGrid_250m_pts_reefAtts_202503,Coral_GAO100m_Med,-1,-1;Coral_GAO100mNoSand60_Mean "Coral_GAO100mNoSand60_Mean" true true false 8 Double 0 0,First,#,E:\transfer\CCWG_Prioritization_MolokaiUpdate_202503\OSDS_CCWG_2021\ReefDataSummary_Outputs_MOL_202503.gdb\All_Isl_CoastGrid_250m_pts_reefAtts_202503,Coral_GAO100mNoSand60_Mean,-1,-1;Coral_GAO100mNoSand60_Med "Coral_GAO100mNoSand60_Med" true true false 8 Double 0 0,First,#,E:\transfer\CCWG_Prioritization_MolokaiUpdate_202503\OSDS_CCWG_2021\ReefDataSummary_Outputs_MOL_202503.gdb\All_Isl_CoastGrid_250m_pts_reefAtts_202503,Coral_GAO100mNoSand60_Med,-1,-1;Coral_GAO100mNoSand50_Mean "Coral_GAO100mNoSand50_Mean" true true false 8 Double 0 0,First,#,E:\transfer\CCWG_Prioritization_MolokaiUpdate_202503\OSDS_CCWG_2021\ReefDataSummary_Outputs_MOL_202503.gdb\All_Isl_CoastGrid_250m_pts_reefAtts_202503,Coral_GAO100mNoSand50_Mean,-1,-1;Coral_GAO100mNoSand50_Med "Coral_GAO100mNoSand50_Med" true true false 8 Double 0 0,First,#,E:\transfer\CCWG_Prioritization_MolokaiUpdate_202503\OSDS_CCWG_2021\ReefDataSummary_Outputs_MOL_202503.gdb\All_Isl_CoastGrid_250m_pts_reefAtts_202503,Coral_GAO100mNoSand50_Med,-1,-1;Coral_GAO100mNoSand40_Mean "Coral_GAO100mNoSand40_Mean" true true false 8 Double 0 0,First,#,E:\transfer\CCWG_Prioritization_MolokaiUpdate_202503\OSDS_CCWG_2021\ReefDataSummary_Outputs_MOL_202503.gdb\All_Isl_CoastGrid_250m_pts_reefAtts_202503,Coral_GAO100mNoSand40_Mean,-1,-1;Coral_GAO100mNoSand40_Med "Coral_GAO100mNoSand40_Med" true true false 8 Double 0 0,First,#,E:\transfer\CCWG_Prioritization_MolokaiUpdate_202503\OSDS_CCWG_2021\ReefDataSummary_Outputs_MOL_202503.gdb\All_Isl_CoastGrid_250m_pts_reefAtts_202503,Coral_GAO100mNoSand40_Med,-1,-1;Coral_GAO100mNoSand30_Mean "Coral_GAO100mNoSand30_Mean" true true false 8 Double 0 0,First,#,E:\transfer\CCWG_Prioritization_MolokaiUpdate_202503\OSDS_CCWG_2021\ReefDataSummary_Outputs_MOL_202503.gdb\All_Isl_CoastGrid_250m_pts_reefAtts_202503,Coral_GAO100mNoSand30_Mean,-1,-1;Coral_GAO100mNoSand30_Med "Coral_GAO100mNoSand30_Med" true true false 8 Double 0 0,First,#,E:\transfer\CCWG_Prioritization_MolokaiUpdate_202503\OSDS_CCWG_2021\ReefDataSummary_Outputs_MOL_202503.gdb\All_Isl_CoastGrid_250m_pts_reefAtts_202503,Coral_GAO100mNoSand30_Med,-1,-1;ResBio_Rank "ResBio_Rank" true true false 4 Long 0 0,First,#,E:\transfer\CCWG_Prioritization_MolokaiUpdate_202503\OSDS_CCWG_2021\ReefDataSummary_Outputs_MOL_202503.gdb\All_Isl_CoastGrid_250m_pts_reefAtts_202503,ResBio_Rank,-1,-1;ResBio_RankQ "ResBio_RankQ" true true false 4 Long 0 0,First,#,E:\transfer\CCWG_Prioritization_MolokaiUpdate_202503\OSDS_CCWG_2021\ReefDataSummary_Outputs_MOL_202503.gdb\All_Isl_CoastGrid_250m_pts_reefAtts_202503,ResBio_RankQ,-1,-1;ResBioRP_OSDS_Rank "ResBioRP_OSDS_Rank" true true false 4 Long 0 0,First,#,E:\transfer\CCWG_Prioritization_MolokaiUpdate_202503\OSDS_CCWG_2021\ReefDataSummary_Outputs_MOL_202503.gdb\All_Isl_CoastGrid_250m_pts_reefAtts_202503,ResBioRP_OSDS_Rank,-1,-1;ResBioRP_OSDS_RankQ "ResBioRP_OSDS_RankQ" true true false 4 Long 0 0,First,#,E:\transfer\CCWG_Prioritization_MolokaiUpdate_202503\OSDS_CCWG_2021\ReefDataSummary_Outputs_MOL_202503.gdb\All_Isl_CoastGrid_250m_pts_reefAtts_202503,ResBioRP_OSDS_RankQ,-1,-1;Coral_HIMARC_Rank "Coral_HIMARC_Rank" true true false 4 Long 0 0,First,#,E:\transfer\CCWG_Prioritization_MolokaiUpdate_202503\OSDS_CCWG_2021\ReefDataSummary_Outputs_MOL_202503.gdb\All_Isl_CoastGrid_250m_pts_reefAtts_202503,Coral_HIMARC_Rank,-1,-1;Coral_GAO_NS50_Rank "Coral_GAO_NS50_Rank" true true false 4 Long 0 0,First,#,E:\transfer\CCWG_Prioritization_MolokaiUpdate_202503\OSDS_CCWG_2021\ReefDataSummary_Outputs_MOL_202503.gdb\All_Isl_CoastGrid_250m_pts_reefAtts_202503,Coral_GAO_NS50_Rank,-1,-1;ASB_yr_Rank "ASB_yr_Rank" true true false 4 Long 0 0,First,#,E:\transfer\CCWG_Prioritization_MolokaiUpdate_202503\OSDS_CCWG_2021\ReefDataSummary_Outputs_MOL_202503.gdb\All_Isl_CoastGrid_250m_pts_reefAtts_202503,ASB_yr_Rank,-1,-1;Rank_Sum "Rank_Sum" true true false 4 Long 0 0,First,#,E:\transfer\CCWG_Prioritization_MolokaiUpdate_202503\OSDS_CCWG_2021\ReefDataSummary_Outputs_MOL_202503.gdb\All_Isl_CoastGrid_250m_pts_reefAtts_202503,Rank_Sum,-1,-1;Rank_SumQ "Rank_SumQ" true true false 4 Long 0 0,First,#,E:\transfer\CCWG_Prioritization_MolokaiUpdate_202503\OSDS_CCWG_2021\ReefDataSummary_Outputs_MOL_202503.gdb\All_Isl_CoastGrid_250m_pts_reefAtts_202503,Rank_SumQ,-1,-1;Coral_Comb_rank "Coral_Comb_rank" true true false 4 Long 0 0,First,#,E:\transfer\CCWG_Prioritization_MolokaiUpdate_202503\OSDS_CCWG_2021\ReefDataSummary_Outputs_MOL_202503.gdb\All_Isl_CoastGrid_250m_pts_reefAtts_202503,Coral_Comb_rank,-1,-1;ResBio_Comb_rank "ResBio_Comb_rank" true true false 4 Long 0 0,First,#,E:\transfer\CCWG_Prioritization_MolokaiUpdate_202503\OSDS_CCWG_2021\ReefDataSummary_Outputs_MOL_202503.gdb\All_Isl_CoastGrid_250m_pts_reefAtts_202503,ResBio_Comb_rank,-1,-1;Sum_2comb_ranks "Sum_2comb_ranks" true true false 4 Long 0 0,First,#,E:\transfer\CCWG_Prioritization_MolokaiUpdate_202503\OSDS_CCWG_2021\ReefDataSummary_Outputs_MOL_202503.gdb\All_Isl_CoastGrid_250m_pts_reefAtts_202503,Sum_2comb_ranks,-1,-1;Avg_2comb_ranks "Avg_2comb_ranks" true true false 8 Double 0 0,First,#,E:\transfer\CCWG_Prioritization_MolokaiUpdate_202503\OSDS_CCWG_2021\ReefDataSummary_Outputs_MOL_202503.gdb\All_Isl_CoastGrid_250m_pts_reefAtts_202503,Avg_2comb_ranks,-1,-1;LEFT_FID "LEFT_FID" true true false 4 Long 0 0,First,#,E:\transfer\CCWG_Prioritization_MolokaiUpdate_202503\OSDS_CCWG_2021\ReefDataSummary_Outputs_MOL_202503.gdb\All_Isl_CoastGrid_250m_pts_reefAtts_202503,LEFT_FID,-1,-1;RIGHT_FID "RIGHT_FID" true true false 4 Long 0 0,First,#,E:\transfer\CCWG_Prioritization_MolokaiUpdate_202503\OSDS_CCWG_2021\ReefDataSummary_Outputs_MOL_202503.gdb\All_Isl_CoastGrid_250m_pts_reefAtts_202503,RIGHT_FID,-1,-1;ORIG_FID_1 "ORIG_FID" true true false 4 Long 0 0,First,#,E:\transfer\CCWG_Prioritization_MolokaiUpdate_202503\OSDS_CCWG_2021\ReefDataSummary_Outputs_MOL_202503.gdb\All_Isl_CoastGrid_250m_pts_reefAtts_202503,ORIG_FID_1,-1,-1;ORIG_SEQ "ORIG_SEQ" true true false 4 Long 0 0,First,#,E:\transfer\CCWG_Prioritization_MolokaiUpdate_202503\OSDS_CCWG_2021\ReefDataSummary_Outputs_MOL_202503.gdb\All_Isl_CoastGrid_250m_pts_reefAtts_202503,ORIG_SEQ,-1,-1;MERGE_SRC "MERGE_SRC" true true false 255 Text 0 0,First,#,E:\transfer\CCWG_Prioritization_MolokaiUpdate_202503\OSDS_CCWG_2021\ReefDataSummary_Outputs_MOL_202503.gdb\All_Isl_CoastGrid_250m_pts_reefAtts_202503,MERGE_SRC,0,254" INTERSECT # # #</Process><Process ToolSource="c:\program files\arcgis\pro\Resources\ArcToolbox\toolboxes\Data Management Tools.tbx\CalculateField" Date="20250401" Time="170811">CalculateField "Final Outputs - All 5 Islands\All_Isl_CoastGrid_250m_pygon_reefAtts_202503" Coral_Comb_rank None PYTHON3 # TEXT NO_ENFORCE_DOMAINS</Process><Process ToolSource="c:\program files\arcgis\pro\Resources\ArcToolbox\toolboxes\Data Management Tools.tbx\CalculateField" Date="20250401" Time="170909">CalculateField "Final Outputs - All 5 Islands\All_Isl_CoastGrid_250m_pygon_reefAtts_202503" ResBio_Comb_rank None PYTHON3 # TEXT NO_ENFORCE_DOMAINS</Process><Process ToolSource="c:\program files\arcgis\pro\Resources\ArcToolbox\toolboxes\Conversion Tools.tbx\ExportFeatures" Date="20250401" Time="171735">ExportFeatures E:\transfer\CCWG_Prioritization_MolokaiUpdate_202503\OSDS_CCWG_2021\ReefDataSummary_Outputs_MOL_202503.gdb\All_Isl_CoastGrid_250m_pygon_reefAtts_202503 E:\transfer\CCWG_Prioritization_MolokaiUpdate_202503\OSDS_CCWG_2021\outgoing\MolokaiUpdate_20250401\All_Isl_CoastGrid_250m_reefAtts_20250401.shp # NOT_USE_ALIAS "Id "Id" true true false 4 Long 0 0,First,#,E:\transfer\CCWG_Prioritization_MolokaiUpdate_202503\OSDS_CCWG_2021\ReefDataSummary_Outputs_MOL_202503.gdb\All_Isl_CoastGrid_250m_pygon_reefAtts_202503,Id,-1,-1;X "X" true true false 8 Double 0 0,First,#,E:\transfer\CCWG_Prioritization_MolokaiUpdate_202503\OSDS_CCWG_2021\ReefDataSummary_Outputs_MOL_202503.gdb\All_Isl_CoastGrid_250m_pygon_reefAtts_202503,X,-1,-1;Y "Y" true true false 8 Double 0 0,First,#,E:\transfer\CCWG_Prioritization_MolokaiUpdate_202503\OSDS_CCWG_2021\ReefDataSummary_Outputs_MOL_202503.gdb\All_Isl_CoastGrid_250m_pygon_reefAtts_202503,Y,-1,-1;Flikr_ID "Flikr_ID" true true false 50 Text 0 0,First,#,E:\transfer\CCWG_Prioritization_MolokaiUpdate_202503\OSDS_CCWG_2021\ReefDataSummary_Outputs_MOL_202503.gdb\All_Isl_CoastGrid_250m_pygon_reefAtts_202503,Flikr_ID,0,49;Island "Island" true true false 512 Text 0 0,First,#,E:\transfer\CCWG_Prioritization_MolokaiUpdate_202503\OSDS_CCWG_2021\ReefDataSummary_Outputs_MOL_202503.gdb\All_Isl_CoastGrid_250m_pygon_reefAtts_202503,Island,0,511;Coral_rank "Coral_rank" true true false 4 Long 0 0,First,#,E:\transfer\CCWG_Prioritization_MolokaiUpdate_202503\OSDS_CCWG_2021\ReefDataSummary_Outputs_MOL_202503.gdb\All_Isl_CoastGrid_250m_pygon_reefAtts_202503,Coral_Comb_rank,-1,-1;RFish_rank "RFish_rank" true true false 4 Long 0 0,First,#,E:\transfer\CCWG_Prioritization_MolokaiUpdate_202503\OSDS_CCWG_2021\ReefDataSummary_Outputs_MOL_202503.gdb\All_Isl_CoastGrid_250m_pygon_reefAtts_202503,ResBio_Comb_rank,-1,-1" #</Process><Process ToolSource="c:\program files\arcgis\pro\Resources\ArcToolbox\toolboxes\Data Management Tools.tbx\CalculateField" Date="20250401" Time="172338">CalculateField "Output Shapefiles\All_Isl_CoastGrid_250m_reefAtts_20250401" Island "Molokai" PYTHON3 # TEXT NO_ENFORCE_DOMAINS</Process></lineage><itemProps><itemName Sync="TRUE">All_Isl_CoastGrid_250m_reefAtts_20250401</itemName><imsContentType Sync="TRUE">002</imsContentType><itemSize Sync="TRUE">0.000</itemSize><itemLocation><linkage Sync="TRUE">file://\\PIRI-L-4354994\E$\transfer\CCWG_Prioritization_MolokaiUpdate_202503\OSDS_CCWG_2021\outgoing\MolokaiUpdate_20250401\All_Isl_CoastGrid_250m_reefAtts_20250401.shp</linkage><protocol Sync="TRUE">Local Area Network</protocol></itemLocation></itemProps><coordRef><type Sync="TRUE">Projected</type><geogcsn Sync="TRUE">GCS_North_American_1983</geogcsn><csUnits Sync="TRUE">Linear Unit: Meter (1.000000)</csUnits><peXml Sync="TRUE">&lt;ProjectedCoordinateSystem xsi:type='typens:ProjectedCoordinateSystem' xmlns:xsi='http://www.w3.org/2001/XMLSchema-instance' xmlns:xs='http://www.w3.org/2001/XMLSchema' xmlns:typens='http://www.esri.com/schemas/ArcGIS/3.4.0'&gt;&lt;WKT&gt;PROJCS[&amp;quot;NAD_1983_UTM_Zone_4N&amp;quot;,GEOGCS[&amp;quot;GCS_North_American_1983&amp;quot;,DATUM[&amp;quot;D_North_American_1983&amp;quot;,SPHEROID[&amp;quot;GRS_1980&amp;quot;,6378137.0,298.257222101]],PRIMEM[&amp;quot;Greenwich&amp;quot;,0.0],UNIT[&amp;quot;Degree&amp;quot;,0.0174532925199433]],PROJECTION[&amp;quot;Transverse_Mercator&amp;quot;],PARAMETER[&amp;quot;False_Easting&amp;quot;,500000.0],PARAMETER[&amp;quot;False_Northing&amp;quot;,0.0],PARAMETER[&amp;quot;Central_Meridian&amp;quot;,-159.0],PARAMETER[&amp;quot;Scale_Factor&amp;quot;,0.9996],PARAMETER[&amp;quot;Latitude_Of_Origin&amp;quot;,0.0],UNIT[&amp;quot;Meter&amp;quot;,1.0],AUTHORITY[&amp;quot;EPSG&amp;quot;,26904]]&lt;/WKT&gt;&lt;XOrigin&gt;-5120900&lt;/XOrigin&gt;&lt;YOrigin&gt;-9998100&lt;/YOrigin&gt;&lt;XYScale&gt;450445547.3910538&lt;/XYScale&gt;&lt;ZOrigin&gt;-100000&lt;/ZOrigin&gt;&lt;ZScale&gt;10000&lt;/ZScale&gt;&lt;MOrigin&gt;-100000&lt;/MOrigin&gt;&lt;MScale&gt;10000&lt;/MScale&gt;&lt;XYTolerance&gt;0.001&lt;/XYTolerance&gt;&lt;ZTolerance&gt;0.001&lt;/ZTolerance&gt;&lt;MTolerance&gt;0.001&lt;/MTolerance&gt;&lt;HighPrecision&gt;true&lt;/HighPrecision&gt;&lt;WKID&gt;26904&lt;/WKID&gt;&lt;LatestWKID&gt;26904&lt;/LatestWKID&gt;&lt;/ProjectedCoordinateSystem&gt;</peXml><projcsn Sync="TRUE">NAD_1983_UTM_Zone_4N</projcsn></coordRef></DataProperties><SyncDate>20250401</SyncDate><SyncTime>17173400</SyncTime><ModDate>20250401</ModDate><ModTime>17173400</ModTime></Esri><dataIdInfo><envirDesc Sync="TRUE">Microsoft Windows 10 Version 10.0 (Build 19045) ; Esri ArcGIS 13.4.0.55405</envirDesc><dataLang><languageCode value="eng" Sync="TRUE"></languageCode><countryCode value="USA" Sync="TRUE"></countryCode></dataLang><idCitation><resTitle Sync="TRUE">All_Isl_CoastGrid_250m_reefAtts_20250401</resTitle><presForm><PresFormCd value="005" Sync="TRUE"></PresFormCd></presForm></idCitation><spatRpType><SpatRepTypCd value="001" Sync="TRUE"></SpatRepTypCd></spatRpType></dataIdInfo><mdLang><languageCode value="eng" Sync="TRUE"></languageCode><countryCode value="USA" Sync="TRUE"></countryCode></mdLang><mdChar><CharSetCd value="004" Sync="TRUE"></CharSetCd></mdChar><distInfo><distFormat><formatName Sync="TRUE">Shapefile</formatName></distFormat><distTranOps><transSize Sync="TRUE">0.000</transSize></distTranOps></distInfo><mdHrLv><ScopeCd value="005" Sync="TRUE"></ScopeCd></mdHrLv><mdHrLvName Sync="TRUE">dataset</mdHrLvName><refSysInfo><RefSystem><refSysID><identCode code="26904" Sync="TRUE"></identCode><idCodeSpace Sync="TRUE">EPSG</idCodeSpace><idVersion Sync="TRUE">6.13(3.0.1)</idVersion></refSysID></RefSystem></refSysInfo><spatRepInfo><VectSpatRep><geometObjs Name="All_Isl_CoastGrid_250m_reefAtts_20250401"><geoObjTyp><GeoObjTypCd value="002" Sync="TRUE"></GeoObjTypCd></geoObjTyp><geoObjCnt Sync="TRUE">0</geoObjCnt></geometObjs><topLvl><TopoLevCd value="001" Sync="TRUE"></TopoLevCd></topLvl></VectSpatRep></spatRepInfo><spdoinfo><ptvctinf><esriterm Name="All_Isl_CoastGrid_250m_reefAtts_20250401"><efeatyp Sync="TRUE">Simple</efeatyp><efeageom code="4" Sync="TRUE"></efeageom><esritopo Sync="TRUE">FALSE</esritopo><efeacnt Sync="TRUE">0</efeacnt><spindex Sync="TRUE">FALSE</spindex><linrefer Sync="TRUE">FALSE</linrefer></esriterm></ptvctinf></spdoinfo><eainfo><detailed Name="All_Isl_CoastGrid_250m_reefAtts_20250401"><enttyp><enttypl Sync="TRUE">All_Isl_CoastGrid_250m_reefAtts_20250401</enttypl><enttypt Sync="TRUE">Feature Class</enttypt><enttypc Sync="TRUE">0</enttypc></enttyp><attr><attrlabl Sync="TRUE">FID</attrlabl><attalias Sync="TRUE">FID</attalias><attrtype Sync="TRUE">OID</attrtype><attwidth Sync="TRUE">4</attwidth><atprecis Sync="TRUE">0</atprecis><attscale Sync="TRUE">0</attscale><attrdef Sync="TRUE">Internal feature number.</attrdef><attrdefs Sync="TRUE">Esri</attrdefs><attrdomv><udom Sync="TRUE">Sequential unique whole numbers that are automatically generated.</udom></attrdomv></attr><attr><attrlabl Sync="TRUE">Shape</attrlabl><attalias Sync="TRUE">Shape</attalias><attrtype Sync="TRUE">Geometry</attrtype><attwidth Sync="TRUE">0</attwidth><atprecis Sync="TRUE">0</atprecis><attscale Sync="TRUE">0</attscale><attrdef Sync="TRUE">Feature geometry.</attrdef><attrdefs Sync="TRUE">Esri</attrdefs><attrdomv><udom Sync="TRUE">Coordinates defining the features.</udom></attrdomv></attr><attr><attrlabl Sync="TRUE">Id</attrlabl><attalias Sync="TRUE">Id</attalias><attrtype Sync="TRUE">Integer</attrtype><attwidth Sync="TRUE">10</attwidth><atprecis Sync="TRUE">10</atprecis><attscale Sync="TRUE">0</attscale></attr><attr><attrlabl Sync="TRUE">X</attrlabl><attalias Sync="TRUE">X</attalias><attrtype Sync="TRUE">Double</attrtype><attwidth Sync="TRUE">19</attwidth><atprecis Sync="TRUE">0</atprecis><attscale Sync="TRUE">0</attscale></attr><attr><attrlabl Sync="TRUE">Y</attrlabl><attalias Sync="TRUE">Y</attalias><attrtype Sync="TRUE">Double</attrtype><attwidth Sync="TRUE">19</attwidth><atprecis Sync="TRUE">0</atprecis><attscale Sync="TRUE">0</attscale></attr><attr><attrlabl Sync="TRUE">Flikr_ID</attrlabl><attalias Sync="TRUE">Flikr_ID</attalias><attrtype Sync="TRUE">String</attrtype><attwidth Sync="TRUE">50</attwidth><atprecis Sync="TRUE">0</atprecis><attscale Sync="TRUE">0</attscale></attr><attr><attrlabl Sync="TRUE">Island</attrlabl><attalias Sync="TRUE">Island</attalias><attrtype Sync="TRUE">String</attrtype><attwidth Sync="TRUE">254</attwidth><atprecis Sync="TRUE">0</atprecis><attscale Sync="TRUE">0</attscale></attr><attr><attrlabl Sync="TRUE">Coral_rank</attrlabl><attalias Sync="TRUE">Coral_rank</attalias><attrtype Sync="TRUE">Integer</attrtype><attwidth Sync="TRUE">10</attwidth><atprecis Sync="TRUE">10</atprecis><attscale Sync="TRUE">0</attscale></attr><attr><attrlabl Sync="TRUE">RFish_rank</attrlabl><attalias Sync="TRUE">RFish_rank</attalias><attrtype Sync="TRUE">Integer</attrtype><attwidth Sync="TRUE">10</attwidth><atprecis Sync="TRUE">10</atprecis><attscale Sync="TRUE">0</attscale></attr></detailed></eainfo><mdDateSt Sync="TRUE">20250401</mdDateSt></metadata>
