,Grid_ID,Flikr_X,Flikr_Y,Flikr_ID,Island,Flikr_ID_statewide
0,20_28,-157.249831896,21.1913810915,flk_2413,Molokai,flk_2413_Molokai
1,23_84,-157.083697561,21.1918363715,flk_2432,Molokai,flk_2432_Molokai
2,23_85,-157.081319484,21.1895514604,flk_2415,Molokai,flk_2415_Molokai
3,24_86,-157.078912296,21.1895241068,flk_2416,Molokai,flk_2416_Molokai
4,24_87,-157.076505112,21.1894967189,flk_2417,Molokai,flk_2417_Molokai
5,25_79,-157.102897868,21.1965689513,flk_2467,Molokai,flk_2467_Molokai
6,25_87,-157.076505112,21.1894967189,flk_2417,Molokai,flk_2417_Molokai
7,26_30,-157.249885072,21.186865486,flk_2377,Molokai,flk_2377_Molokai
8,26_79,-157.102897868,21.1965689513,flk_2467,Molokai,flk_2467_Molokai
9,26_82,-157.095704824,21.1942300776,flk_2446,Molokai,flk_2446_Molokai
10,26_83,-157.088512029,21.191890914,flk_2430,Molokai,flk_2430_Molokai
11,26_88,-157.074097933,21.1894692967,flk_2418,Molokai,flk_2418_Molokai
12,26_89,-157.069283585,21.1894143496,flk_2420,Molokai,flk_2420_Molokai
13,27_28,-157.249885072,21.186865486,flk_2377,Molokai,flk_2377_Molokai
14,27_29,-157.249885072,21.186865486,flk_2377,Molokai,flk_2377_Molokai
15,27_30,-157.249885072,21.186865486,flk_2377,Molokai,flk_2377_Molokai
16,27_31,-157.249885072,21.186865486,flk_2377,Molokai,flk_2377_Molokai
17,27_83,-157.088512029,21.191890914,flk_2430,Molokai,flk_2430_Molokai
18,27_84,-157.086104793,21.1918636599,flk_2431,Molokai,flk_2431_Molokai
19,27_90,-157.066876416,21.1893868247,flk_2421,Molokai,flk_2421_Molokai
20,28_29,-157.249885072,21.186865486,flk_2377,Molokai,flk_2377_Molokai
21,28_75,-157.112555915,21.1944191997,flk_2439,Molokai,flk_2439_Molokai
22,28_80,-157.100490537,21.1965418964,flk_2468,Molokai,flk_2468_Molokai
23,28_84,-157.086104793,21.1918636599,flk_2431,Molokai,flk_2431_Molokai
24,28_91,-157.064498654,21.1871016988,flk_2397,Molokai,flk_2397_Molokai
25,28_92,-157.064498654,21.1871016988,flk_2397,Molokai,flk_2397_Molokai
26,29_30,-157.249885072,21.186865486,flk_2377,Molokai,flk_2377_Molokai
27,29_33,-157.249885072,21.186865486,flk_2377,Molokai,flk_2377_Molokai
28,29_74,-157.114934583,21.1967037116,flk_2466,Molokai,flk_2466_Molokai
29,29_76,-157.110148605,21.194392285,flk_2440,Molokai,flk_2440_Molokai
30,29_77,-157.107741299,21.1943653361,flk_2441,Molokai,flk_2441_Molokai
31,30_32,-157.249885072,21.186865486,flk_2377,Molokai,flk_2377_Molokai
32,30_33,-157.249885072,21.186865486,flk_2377,Molokai,flk_2377_Molokai
33,30_88,-157.074097933,21.1894692967,flk_2418,Molokai,flk_2418_Molokai
34,31_30,-157.249885072,21.186865486,flk_2377,Molokai,flk_2377_Molokai
35,31_31,-157.249885072,21.186865486,flk_2377,Molokai,flk_2377_Molokai
36,31_73,-157.114934583,21.1967037116,flk_2466,Molokai,flk_2466_Molokai
37,31_85,-157.081290334,21.1918090489,flk_2433,Molokai,flk_2433_Molokai
38,31_87,-157.076505112,21.1894967189,flk_2417,Molokai,flk_2417_Molokai
39,31_92,-157.064498654,21.1871016988,flk_2397,Molokai,flk_2397_Molokai
40,31_94,-157.05968441,21.1870464842,flk_2399,Molokai,flk_2399_Molokai
41,32_31,-157.249885072,21.186865486,flk_2377,Molokai,flk_2377_Molokai
42,32_87,-157.076505112,21.1894967189,flk_2417,Molokai,flk_2417_Molokai
43,32_95,-157.057277294,21.1870188255,flk_2400,Molokai,flk_2400_Molokai
44,33_30,-157.249885072,21.186865486,flk_2377,Molokai,flk_2377_Molokai
45,33_33,-157.249885072,21.186865486,flk_2377,Molokai,flk_2377_Molokai
46,33_80,-157.100490537,21.1965418964,flk_2468,Molokai,flk_2468_Molokai
47,33_92,-157.064498654,21.1871016988,flk_2397,Molokai,flk_2397_Molokai
48,33_107,-157.052463073,21.1869634054,flk_2401,Molokai,flk_2401_Molokai
49,34_31,-157.249885072,21.186865486,flk_2377,Molokai,flk_2377_Molokai
50,34_81,-157.100490537,21.1965418964,flk_2468,Molokai,flk_2468_Molokai
51,34_87,-157.076505112,21.1894967189,flk_2417,Molokai,flk_2417_Molokai
52,34_93,-157.06209153,21.1870741086,flk_2398,Molokai,flk_2398_Molokai
53,35_29,-157.252345536,21.1823747877,flk_2353,Molokai,flk_2353_Molokai
54,35_30,-157.252345536,21.1823747877,flk_2353,Molokai,flk_2353_Molokai
55,35_31,-157.249885072,21.186865486,flk_2377,Molokai,flk_2377_Molokai
56,35_32,-157.249885072,21.186865486,flk_2377,Molokai,flk_2377_Molokai
57,35_33,-157.249885072,21.186865486,flk_2377,Molokai,flk_2377_Molokai
58,35_82,-157.098112111,21.1942571978,flk_2445,Molokai,flk_2445_Molokai
59,35_84,-157.088482985,21.1941485114,flk_2449,Molokai,flk_2449_Molokai
60,35_89,-157.071690757,21.1894418403,flk_2419,Molokai,flk_2419_Molokai
61,35_92,-157.064498654,21.1871016988,flk_2397,Molokai,flk_2397_Molokai
62,36_32,-157.249885072,21.186865486,flk_2377,Molokai,flk_2377_Molokai
63,36_74,-157.114934583,21.1967037116,flk_2466,Molokai,flk_2466_Molokai
64,36_79,-157.102897868,21.1965689513,flk_2467,Molokai,flk_2467_Molokai
65,36_83,-157.095704824,21.1942300776,flk_2446,Molokai,flk_2446_Molokai
66,36_84,-157.09089026,21.1941757344,flk_2448,Molokai,flk_2448_Molokai
67,36_90,-157.069283585,21.1894143496,flk_2420,Molokai,flk_2420_Molokai
68,36_91,-157.066876416,21.1893868247,flk_2421,Molokai,flk_2421_Molokai
69,36_93,-157.064498654,21.1871016988,flk_2397,Molokai,flk_2397_Molokai
70,36_95,-157.05968441,21.1870464842,flk_2399,Molokai,flk_2399_Molokai
71,37_32,-157.249911654,21.1846076823,flk_2367,Molokai,flk_2367_Molokai
72,37_33,-157.249885072,21.186865486,flk_2377,Molokai,flk_2377_Molokai
73,37_37,-157.249885072,21.186865486,flk_2377,Molokai,flk_2377_Molokai
74,37_85,-157.086104793,21.1918636599,flk_2431,Molokai,flk_2431_Molokai
75,37_93,-157.064498654,21.1871016988,flk_2397,Molokai,flk_2397_Molokai
76,38_32,-157.252345536,21.1823747877,flk_2353,Molokai,flk_2353_Molokai
77,38_34,-157.249885072,21.186865486,flk_2377,Molokai,flk_2377_Molokai
78,38_35,-157.249885072,21.186865486,flk_2377,Molokai,flk_2377_Molokai
79,38_79,-157.105333996,21.1943383529,flk_2442,Molokai,flk_2442_Molokai
80,38_85,-157.088512029,21.191890914,flk_2430,Molokai,flk_2430_Molokai
81,38_86,-157.081290334,21.1918090489,flk_2433,Molokai,flk_2433_Molokai
82,38_92,-157.066905781,21.1871292547,flk_2396,Molokai,flk_2396_Molokai
83,39_30,-157.252372075,21.1801169798,flk_2327,Molokai,flk_2327_Molokai
84,39_32,-157.252345536,21.1823747877,flk_2353,Molokai,flk_2353_Molokai
85,39_33,-157.252345536,21.1823747877,flk_2353,Molokai,flk_2353_Molokai
86,39_34,-157.249885072,21.186865486,flk_2377,Molokai,flk_2377_Molokai
87,39_35,-157.249885072,21.186865486,flk_2377,Molokai,flk_2377_Molokai
88,39_79,-157.105333996,21.1943383529,flk_2442,Molokai,flk_2442_Molokai
89,39_80,-157.102897868,21.1965689513,flk_2467,Molokai,flk_2467_Molokai
90,39_86,-157.083697561,21.1918363715,flk_2432,Molokai,flk_2432_Molokai
91,39_87,-157.078912296,21.1895241068,flk_2416,Molokai,flk_2416_Molokai
92,39_88,-157.076505112,21.1894967189,flk_2417,Molokai,flk_2417_Molokai
93,39_91,-157.069283585,21.1894143496,flk_2420,Molokai,flk_2420_Molokai
94,39_93,-157.064498654,21.1871016988,flk_2397,Molokai,flk_2397_Molokai
95,39_94,-157.064498654,21.1871016988,flk_2397,Molokai,flk_2397_Molokai
96,39_96,-157.06209153,21.1870741086,flk_2398,Molokai,flk_2398_Molokai
97,39_142,-157.06209153,21.1870741086,flk_2398,Molokai,flk_2398_Molokai
98,40_27,-157.252398611,21.1778591713,flk_2311,Molokai,flk_2311_Molokai
99,40_30,-157.252372075,21.1801169798,flk_2327,Molokai,flk_2327_Molokai
100,40_34,-157.252345536,21.1823747877,flk_2353,Molokai,flk_2353_Molokai
101,40_74,-157.114934583,21.1967037116,flk_2466,Molokai,flk_2466_Molokai
102,40_79,-157.105333996,21.1943383529,flk_2442,Molokai,flk_2442_Molokai
103,40_82,-157.100490537,21.1965418964,flk_2468,Molokai,flk_2468_Molokai
104,40_89,-157.076505112,21.1894967189,flk_2417,Molokai,flk_2417_Molokai
105,40_93,-157.066905781,21.1871292547,flk_2396,Molokai,flk_2396_Molokai
106,40_94,-157.064498654,21.1871016988,flk_2397,Molokai,flk_2397_Molokai
107,40_95,-157.064498654,21.1871016988,flk_2397,Molokai,flk_2397_Molokai
108,41_29,-157.252398611,21.1778591713,flk_2311,Molokai,flk_2311_Molokai
109,41_31,-157.252372075,21.1801169798,flk_2327,Molokai,flk_2327_Molokai
110,41_32,-157.252372075,21.1801169798,flk_2327,Molokai,flk_2327_Molokai
111,41_75,-157.112555915,21.1944191997,flk_2439,Molokai,flk_2439_Molokai
112,41_83,-157.100490537,21.1965418964,flk_2468,Molokai,flk_2468_Molokai
113,41_84,-157.098112111,21.1942571978,flk_2445,Molokai,flk_2445_Molokai
114,41_90,-157.074097933,21.1894692967,flk_2418,Molokai,flk_2418_Molokai
115,41_91,-157.071690757,21.1894418403,flk_2419,Molokai,flk_2419_Molokai
116,41_93,-157.066876416,21.1893868247,flk_2421,Molokai,flk_2421_Molokai
117,41_94,-157.064498654,21.1871016988,flk_2397,Molokai,flk_2397_Molokai
118,41_95,-157.064498654,21.1871016988,flk_2397,Molokai,flk_2397_Molokai
119,42_26,-157.254832339,21.1756262289,flk_2294,Molokai,flk_2294_Molokai
120,42_27,-157.254832339,21.1756262289,flk_2294,Molokai,flk_2294_Molokai
121,42_28,-157.252398611,21.1778591713,flk_2311,Molokai,flk_2311_Molokai
122,42_30,-157.252398611,21.1778591713,flk_2311,Molokai,flk_2311_Molokai
123,42_34,-157.252345536,21.1823747877,flk_2353,Molokai,flk_2353_Molokai
124,42_40,-157.249885072,21.186865486,flk_2377,Molokai,flk_2377_Molokai
125,42_76,-157.112555915,21.1944191997,flk_2439,Molokai,flk_2439_Molokai
126,42_83,-157.100490537,21.1965418964,flk_2468,Molokai,flk_2468_Molokai
127,42_93,-157.066876416,21.1893868247,flk_2421,Molokai,flk_2421_Molokai
128,42_94,-157.066905781,21.1871292547,flk_2396,Molokai,flk_2396_Molokai
129,42_97,-157.06209153,21.1870741086,flk_2398,Molokai,flk_2398_Molokai
130,43_34,-157.252345536,21.1823747877,flk_2353,Molokai,flk_2353_Molokai
131,43_77,-157.110148605,21.194392285,flk_2440,Molokai,flk_2440_Molokai
132,43_93,-157.069283585,21.1894143496,flk_2420,Molokai,flk_2420_Molokai
133,43_94,-157.066876416,21.1893868247,flk_2421,Molokai,flk_2421_Molokai
134,43_97,-157.064498654,21.1871016988,flk_2397,Molokai,flk_2397_Molokai
135,44_78,-157.107741299,21.1943653361,flk_2441,Molokai,flk_2441_Molokai
136,44_79,-157.107741299,21.1943653361,flk_2441,Molokai,flk_2441_Molokai
137,44_86,-157.09089026,21.1941757344,flk_2448,Molokai,flk_2448_Molokai
138,44_89,-157.078912296,21.1895241068,flk_2416,Molokai,flk_2416_Molokai
139,44_92,-157.074097933,21.1894692967,flk_2418,Molokai,flk_2418_Molokai
140,44_93,-157.071690757,21.1894418403,flk_2419,Molokai,flk_2419_Molokai
141,44_94,-157.069283585,21.1894143496,flk_2420,Molokai,flk_2420_Molokai
142,44_95,-157.066876416,21.1893868247,flk_2421,Molokai,flk_2421_Molokai
143,44_96,-157.064498654,21.1871016988,flk_2397,Molokai,flk_2397_Molokai
144,45_25,-157.257265995,21.1733932459,flk_2267,Molokai,flk_2267_Molokai
145,45_80,-157.105333996,21.1943383529,flk_2442,Molokai,flk_2442_Molokai
146,45_87,-157.088512029,21.191890914,flk_2430,Molokai,flk_2430_Molokai
147,45_88,-157.083697561,21.1918363715,flk_2432,Molokai,flk_2432_Molokai
148,45_92,-157.076505112,21.1894967189,flk_2417,Molokai,flk_2417_Molokai
149,45_93,-157.074097933,21.1894692967,flk_2418,Molokai,flk_2418_Molokai
150,45_94,-157.069283585,21.1894143496,flk_2420,Molokai,flk_2420_Molokai
151,45_95,-157.066876416,21.1893868247,flk_2421,Molokai,flk_2421_Molokai
152,46_90,-157.081290334,21.1918090489,flk_2433,Molokai,flk_2433_Molokai
153,46_93,-157.074097933,21.1894692967,flk_2418,Molokai,flk_2418_Molokai
154,46_94,-157.071690757,21.1894418403,flk_2419,Molokai,flk_2419_Molokai
155,46_95,-157.069283585,21.1894143496,flk_2420,Molokai,flk_2420_Molokai
156,46_96,-157.066876416,21.1893868247,flk_2421,Molokai,flk_2421_Molokai
157,47_77,-157.110148605,21.194392285,flk_2440,Molokai,flk_2440_Molokai
158,47_81,-157.102897868,21.1965689513,flk_2467,Molokai,flk_2467_Molokai
159,47_82,-157.102897868,21.1965689513,flk_2467,Molokai,flk_2467_Molokai
160,47_84,-157.100490537,21.1965418964,flk_2468,Molokai,flk_2468_Molokai
161,47_92,-157.078912296,21.1895241068,flk_2416,Molokai,flk_2416_Molokai
162,47_93,-157.076505112,21.1894967189,flk_2417,Molokai,flk_2417_Molokai
163,47_95,-157.071690757,21.1894418403,flk_2419,Molokai,flk_2419_Molokai
164,47_96,-157.066876416,21.1893868247,flk_2421,Molokai,flk_2421_Molokai
165,47_98,-157.064498654,21.1871016988,flk_2397,Molokai,flk_2397_Molokai
166,48_89,-157.083697561,21.1918363715,flk_2432,Molokai,flk_2432_Molokai
167,48_91,-157.083697561,21.1918363715,flk_2432,Molokai,flk_2432_Molokai
168,48_92,-157.078912296,21.1895241068,flk_2416,Molokai,flk_2416_Molokai
169,48_94,-157.076505112,21.1894967189,flk_2417,Molokai,flk_2417_Molokai
170,48_95,-157.074097933,21.1894692967,flk_2418,Molokai,flk_2418_Molokai
171,48_96,-157.069283585,21.1894143496,flk_2420,Molokai,flk_2420_Molokai
172,49_26,-157.257265995,21.1733932459,flk_2267,Molokai,flk_2267_Molokai
173,49_83,-157.102897868,21.1965689513,flk_2467,Molokai,flk_2467_Molokai
174,49_93,-157.078912296,21.1895241068,flk_2416,Molokai,flk_2416_Molokai
175,49_95,-157.074097933,21.1894692967,flk_2418,Molokai,flk_2418_Molokai
176,49_96,-157.071690757,21.1894418403,flk_2419,Molokai,flk_2419_Molokai
177,49_97,-157.069283585,21.1894143496,flk_2420,Molokai,flk_2420_Molokai
178,50_73,-157.117341937,21.1967305608,flk_2465,Molokai,flk_2465_Molokai
179,50_84,-157.100490537,21.1965418964,flk_2468,Molokai,flk_2468_Molokai
180,50_85,-157.100490537,21.1965418964,flk_2468,Molokai,flk_2468_Molokai
181,50_90,-157.086104793,21.1918636599,flk_2431,Molokai,flk_2431_Molokai
182,50_94,-157.078912296,21.1895241068,flk_2416,Molokai,flk_2416_Molokai
183,50_95,-157.076505112,21.1894967189,flk_2417,Molokai,flk_2417_Molokai
184,50_96,-157.074097933,21.1894692967,flk_2418,Molokai,flk_2418_Molokai
185,51_24,-157.259699578,21.1711602222,flk_2250,Molokai,flk_2250_Molokai
186,51_75,-157.114934583,21.1967037116,flk_2466,Molokai,flk_2466_Molokai
187,51_78,-157.110148605,21.194392285,flk_2440,Molokai,flk_2440_Molokai
188,51_79,-157.107741299,21.1943653361,flk_2441,Molokai,flk_2441_Molokai
189,51_86,-157.098112111,21.1942571978,flk_2445,Molokai,flk_2445_Molokai
190,51_94,-157.083697561,21.1918363715,flk_2432,Molokai,flk_2432_Molokai
191,51_95,-157.078912296,21.1895241068,flk_2416,Molokai,flk_2416_Molokai
192,51_96,-157.078912296,21.1895241068,flk_2416,Molokai,flk_2416_Molokai
193,51_97,-157.074097933,21.1894692967,flk_2418,Molokai,flk_2418_Molokai
194,51_143,-157.102897868,21.1965689513,flk_2467,Molokai,flk_2467_Molokai
195,52_24,-157.259699578,21.1711602222,flk_2250,Molokai,flk_2250_Molokai
196,52_41,-157.249885072,21.186865486,flk_2377,Molokai,flk_2377_Molokai
197,52_77,-157.112555915,21.1944191997,flk_2439,Molokai,flk_2439_Molokai
198,52_78,-157.110148605,21.194392285,flk_2440,Molokai,flk_2440_Molokai
199,52_80,-157.107741299,21.1943653361,flk_2441,Molokai,flk_2441_Molokai
200,52_87,-157.095704824,21.1942300776,flk_2446,Molokai,flk_2446_Molokai
201,52_89,-157.088512029,21.191890914,flk_2430,Molokai,flk_2430_Molokai
202,52_91,-157.088512029,21.191890914,flk_2430,Molokai,flk_2430_Molokai
203,52_95,-157.083697561,21.1918363715,flk_2432,Molokai,flk_2432_Molokai
204,52_96,-157.081290334,21.1918090489,flk_2433,Molokai,flk_2433_Molokai
205,52_99,-157.074097933,21.1894692967,flk_2418,Molokai,flk_2418_Molokai
206,52_137,-157.069283585,21.1894143496,flk_2420,Molokai,flk_2420_Molokai
207,52_141,-157.100490537,21.1965418964,flk_2468,Molokai,flk_2468_Molokai
208,52_142,-157.102897868,21.1965689513,flk_2467,Molokai,flk_2467_Molokai
209,52_143,-157.124535519,21.1990685463,flk_2487,Molokai,flk_2487_Molokai
210,52_144,-157.101699607,21.1017216162,flk_2069,Molokai,flk_2069_Molokai
211,53_24,-157.262133087,21.1689271578,flk_2223,Molokai,flk_2223_Molokai
212,53_78,-157.110148605,21.194392285,flk_2440,Molokai,flk_2440_Molokai
213,53_79,-157.110148605,21.194392285,flk_2440,Molokai,flk_2440_Molokai
214,53_81,-157.105333996,21.1943383529,flk_2442,Molokai,flk_2442_Molokai
215,53_88,-157.09089026,21.1941757344,flk_2448,Molokai,flk_2448_Molokai
216,53_91,-157.088512029,21.191890914,flk_2430,Molokai,flk_2430_Molokai
217,53_92,-157.088512029,21.191890914,flk_2430,Molokai,flk_2430_Molokai
218,53_93,-157.088512029,21.191890914,flk_2430,Molokai,flk_2430_Molokai
219,53_94,-157.088512029,21.191890914,flk_2430,Molokai,flk_2430_Molokai
220,53_95,-157.086104793,21.1918636599,flk_2431,Molokai,flk_2431_Molokai
221,53_96,-157.086104793,21.1918636599,flk_2431,Molokai,flk_2431_Molokai
222,53_142,-157.114934583,21.1967037116,flk_2466,Molokai,flk_2466_Molokai
223,53_143,-157.096859233,21.1039253013,flk_2088,Molokai,flk_2088_Molokai
224,53_144,-157.092047584,21.1038712113,flk_2090,Molokai,flk_2090_Molokai
225,54_24,-157.262133087,21.1689271578,flk_2223,Molokai,flk_2223_Molokai
226,54_27,-157.259699578,21.1711602222,flk_2250,Molokai,flk_2250_Molokai
227,54_75,-157.114934583,21.1967037116,flk_2466,Molokai,flk_2466_Molokai
228,54_80,-157.107741299,21.1943653361,flk_2441,Molokai,flk_2441_Molokai
229,54_88,-157.095704824,21.1942300776,flk_2446,Molokai,flk_2446_Molokai
230,54_89,-157.09089026,21.1941757344,flk_2448,Molokai,flk_2448_Molokai
231,54_90,-157.088482985,21.1941485114,flk_2449,Molokai,flk_2449_Molokai
232,54_96,-157.088512029,21.191890914,flk_2430,Molokai,flk_2430_Molokai
233,54_141,-157.114934583,21.1967037116,flk_2466,Molokai,flk_2466_Molokai
234,54_142,-157.096859233,21.1039253013,flk_2088,Molokai,flk_2088_Molokai
235,54_143,-157.092047584,21.1038712113,flk_2090,Molokai,flk_2090_Molokai
236,54_144,-157.077641802,21.1014505157,flk_2077,Molokai,flk_2077_Molokai
237,55_23,-157.262133087,21.1689271578,flk_2223,Molokai,flk_2223_Molokai
238,55_81,-157.107741299,21.1943653361,flk_2441,Molokai,flk_2441_Molokai
239,55_82,-157.105333996,21.1943383529,flk_2442,Molokai,flk_2442_Molokai
240,55_83,-157.102897868,21.1965689513,flk_2467,Molokai,flk_2467_Molokai
241,55_94,-157.09089026,21.1941757344,flk_2448,Molokai,flk_2448_Molokai
242,55_95,-157.09089026,21.1941757344,flk_2448,Molokai,flk_2448_Molokai
243,55_98,-157.09089026,21.1941757344,flk_2448,Molokai,flk_2448_Molokai
244,55_141,-157.099265063,21.1039522952,flk_2087,Molokai,flk_2087_Molokai
245,55_142,-157.094453407,21.1038982734,flk_2089,Molokai,flk_2089_Molokai
246,55_143,-157.080047565,21.1014777791,flk_2076,Molokai,flk_2076_Molokai
247,55_144,-157.075236042,21.1014232181,flk_2078,Molokai,flk_2078_Molokai
248,55_145,-157.070424535,21.1013685207,flk_2080,Molokai,flk_2080_Molokai
249,56_23,-157.264566524,21.1666940528,flk_2199,Molokai,flk_2199_Molokai
250,56_25,-157.262133087,21.1689271578,flk_2223,Molokai,flk_2223_Molokai
251,56_85,-157.102897868,21.1965689513,flk_2467,Molokai,flk_2467_Molokai
252,56_140,-157.099265063,21.1039522952,flk_2087,Molokai,flk_2087_Molokai
253,56_141,-157.096859233,21.1039253013,flk_2088,Molokai,flk_2088_Molokai
254,56_142,-157.080047565,21.1014777791,flk_2076,Molokai,flk_2076_Molokai
255,56_143,-157.075236042,21.1014232181,flk_2078,Molokai,flk_2078_Molokai
256,56_148,-157.056019502,21.0989460313,flk_2057,Molokai,flk_2057_Molokai
257,57_84,-157.102897868,21.1965689513,flk_2467,Molokai,flk_2467_Molokai
258,57_85,-157.102897868,21.1965689513,flk_2467,Molokai,flk_2467_Molokai
259,57_86,-157.100490537,21.1965418964,flk_2468,Molokai,flk_2468_Molokai
260,57_89,-157.098112111,21.1942571978,flk_2445,Molokai,flk_2445_Molokai
261,57_96,-157.100490537,21.1965418964,flk_2468,Molokai,flk_2468_Molokai
262,57_122,-157.102897868,21.1965689513,flk_2467,Molokai,flk_2467_Molokai
263,57_127,-157.100490537,21.1965418964,flk_2468,Molokai,flk_2468_Molokai
264,57_130,-157.100490537,21.1965418964,flk_2468,Molokai,flk_2468_Molokai
265,57_139,-157.099265063,21.1039522952,flk_2087,Molokai,flk_2087_Molokai
266,57_140,-157.096859233,21.1039253013,flk_2088,Molokai,flk_2088_Molokai
267,57_141,-157.080047565,21.1014777791,flk_2076,Molokai,flk_2076_Molokai
268,57_142,-157.075236042,21.1014232181,flk_2078,Molokai,flk_2078_Molokai
269,58_22,-157.266999888,21.1644609072,flk_2186,Molokai,flk_2186_Molokai
270,58_83,-157.107741299,21.1943653361,flk_2441,Molokai,flk_2441_Molokai
271,58_85,-157.102897868,21.1965689513,flk_2467,Molokai,flk_2467_Molokai
272,58_89,-157.098112111,21.1942571978,flk_2445,Molokai,flk_2445_Molokai
273,59_85,-157.102897868,21.1965689513,flk_2467,Molokai,flk_2467_Molokai
274,59_87,-157.102897868,21.1965689513,flk_2467,Molokai,flk_2467_Molokai
275,59_88,-157.100490537,21.1965418964,flk_2468,Molokai,flk_2468_Molokai
276,59_89,-157.100490537,21.1965418964,flk_2468,Molokai,flk_2468_Molokai
277,59_91,-157.098112111,21.1942571978,flk_2445,Molokai,flk_2445_Molokai
278,59_139,-157.080047565,21.1014777791,flk_2076,Molokai,flk_2076_Molokai
279,60_21,-157.269433179,21.162227721,flk_2183,Molokai,flk_2183_Molokai
280,60_22,-157.266999888,21.1644609072,flk_2186,Molokai,flk_2186_Molokai
281,60_83,-157.107741299,21.1943653361,flk_2441,Molokai,flk_2441_Molokai
282,60_86,-157.102897868,21.1965689513,flk_2467,Molokai,flk_2467_Molokai
283,60_89,-157.100490537,21.1965418964,flk_2468,Molokai,flk_2468_Molokai
284,60_90,-157.100490537,21.1965418964,flk_2468,Molokai,flk_2468_Molokai
285,60_91,-157.100490537,21.1965418964,flk_2468,Molokai,flk_2468_Molokai
286,60_339,-156.751743388,21.1741994518,flk_2347,Molokai,flk_2347_Molokai
287,61_21,-157.269433179,21.162227721,flk_2183,Molokai,flk_2183_Molokai
288,61_26,-157.262133087,21.1689271578,flk_2223,Molokai,flk_2223_Molokai
289,61_80,-157.114934583,21.1967037116,flk_2466,Molokai,flk_2466_Molokai
290,61_85,-157.107741299,21.1943653361,flk_2441,Molokai,flk_2441_Molokai
291,61_90,-157.100490537,21.1965418964,flk_2468,Molokai,flk_2468_Molokai
292,62_21,-157.269433179,21.162227721,flk_2183,Molokai,flk_2183_Molokai
293,62_136,-157.072830287,21.1013958864,flk_2079,Molokai,flk_2079_Molokai
294,63_20,-157.271866397,21.1599944942,flk_2180,Molokai,flk_2180_Molokai
295,63_41,-157.254832339,21.1756262289,flk_2294,Molokai,flk_2294_Molokai
296,63_85,-157.110148605,21.194392285,flk_2440,Molokai,flk_2440_Molokai
297,63_133,-157.072830287,21.1013958864,flk_2079,Molokai,flk_2079_Molokai
298,63_134,-157.072830287,21.1013958864,flk_2079,Molokai,flk_2079_Molokai
299,63_135,-157.070424535,21.1013685207,flk_2080,Molokai,flk_2080_Molokai
300,63_361,-156.713657185,21.1465982058,flk_2170,Molokai,flk_2170_Molokai
301,64_18,-157.276706478,21.1577857625,flk_2176,Molokai,flk_2176_Molokai
302,64_19,-157.274273366,21.160019067,flk_2179,Molokai,flk_2179_Molokai
303,64_21,-157.269433179,21.162227721,flk_2183,Molokai,flk_2183_Molokai
304,64_42,-157.254832339,21.1756262289,flk_2294,Molokai,flk_2294_Molokai
305,64_85,-157.110148605,21.194392285,flk_2440,Molokai,flk_2440_Molokai
306,64_131,-157.070424535,21.1013685207,flk_2080,Molokai,flk_2080_Molokai
307,64_133,-157.070424535,21.1013685207,flk_2080,Molokai,flk_2080_Molokai
308,64_134,-157.070424535,21.1013685207,flk_2080,Molokai,flk_2080_Molokai
309,64_136,-157.068018787,21.1013411208,flk_2081,Molokai,flk_2081_Molokai
310,65_17,-157.279113417,21.157810264,flk_2175,Molokai,flk_2175_Molokai
311,65_85,-157.114934583,21.1967037116,flk_2466,Molokai,flk_2466_Molokai
312,65_86,-157.112555915,21.1944191997,flk_2439,Molokai,flk_2439_Molokai
313,66_19,-157.274273366,21.160019067,flk_2179,Molokai,flk_2179_Molokai
314,66_20,-157.274273366,21.160019067,flk_2179,Molokai,flk_2179_Molokai
315,66_23,-157.269433179,21.162227721,flk_2183,Molokai,flk_2183_Molokai
316,66_24,-157.266999888,21.1644609072,flk_2186,Molokai,flk_2186_Molokai
317,66_86,-157.114934583,21.1967037116,flk_2466,Molokai,flk_2466_Molokai
318,67_86,-157.114934583,21.1967037116,flk_2466,Molokai,flk_2466_Molokai
319,67_122,-157.068018787,21.1013411208,flk_2081,Molokai,flk_2081_Molokai
320,68_20,-157.274273366,21.160019067,flk_2179,Molokai,flk_2179_Molokai
321,68_22,-157.269433179,21.162227721,flk_2183,Molokai,flk_2183_Molokai
322,68_25,-157.266999888,21.1644609072,flk_2186,Molokai,flk_2186_Molokai
323,68_73,-157.126942925,21.1990952617,flk_2486,Molokai,flk_2486_Molokai
324,69_18,-157.279113417,21.157810264,flk_2175,Molokai,flk_2175_Molokai
325,69_19,-157.279113417,21.157810264,flk_2175,Molokai,flk_2175_Molokai
326,69_20,-157.274273366,21.160019067,flk_2179,Molokai,flk_2179_Molokai
327,69_77,-157.126942925,21.1990952617,flk_2486,Molokai,flk_2486_Molokai
328,69_86,-157.11616296,21.0996249816,flk_2047,Molokai,flk_2047_Molokai
329,70_17,-157.281546423,21.1555768819,flk_2172,Molokai,flk_2172_Molokai
330,70_18,-157.279113417,21.157810264,flk_2175,Molokai,flk_2175_Molokai
331,70_87,-157.111322835,21.1018291017,flk_2065,Molokai,flk_2065_Molokai
332,70_89,-157.111322835,21.1018291017,flk_2065,Molokai,flk_2065_Molokai
333,70_136,-157.053613814,21.0989184301,flk_2058,Molokai,flk_2058_Molokai
334,70_343,-156.718572766,21.1398919334,flk_2159,Molokai,flk_2159_Molokai
335,71_88,-157.108917022,21.1018022815,flk_2066,Molokai,flk_2066_Molokai
336,72_89,-157.106511213,21.1017754271,flk_2067,Molokai,flk_2067_Molokai
337,75_89,-157.104105408,21.1017485387,flk_2068,Molokai,flk_2068_Molokai
338,81_15,-157.284005376,21.1510856057,flk_2165,Molokai,flk_2165_Molokai
339,82_80,-157.111322835,21.1018291017,flk_2065,Molokai,flk_2065_Molokai
340,82_88,-157.099265063,21.1039522952,flk_2087,Molokai,flk_2087_Molokai
341,82_352,-156.721047645,21.1354101866,flk_2152,Molokai,flk_2152_Molokai
342,83_77,-157.111322835,21.1018291017,flk_2065,Molokai,flk_2065_Molokai
343,84_24,-157.274273366,21.160019067,flk_2179,Molokai,flk_2179_Molokai
344,88_68,-157.123380335,21.0997050237,flk_2044,Molokai,flk_2044_Molokai
345,89_18,-157.284005376,21.1510856057,flk_2165,Molokai,flk_2165_Molokai
346,89_69,-157.123380335,21.0997050237,flk_2044,Molokai,flk_2044_Molokai
347,90_18,-157.284005376,21.1510856057,flk_2165,Molokai,flk_2165_Molokai
348,90_78,-157.111322835,21.1018291017,flk_2065,Molokai,flk_2065_Molokai
349,91_14,-157.291303618,21.1443850842,flk_2154,Molokai,flk_2154_Molokai
350,93_14,-157.291303618,21.1443850842,flk_2154,Molokai,flk_2154_Molokai
351,94_14,-157.291329515,21.1421272197,flk_2150,Molokai,flk_2150_Molokai
352,95_14,-157.291329515,21.1421272197,flk_2150,Molokai,flk_2150_Molokai
353,95_359,-156.723522366,21.1309283879,flk_2145,Molokai,flk_2145_Molokai
354,97_335,-156.733282443,21.1220290931,flk_2130,Molokai,flk_2130_Molokai
355,99_95,-157.070424535,21.1013685207,flk_2080,Molokai,flk_2080_Molokai
356,101_95,-157.068018787,21.1013411208,flk_2081,Molokai,flk_2081_Molokai
357,105_340,-156.745480905,21.1109040234,flk_2110,Molokai,flk_2110_Molokai
358,106_340,-156.745480905,21.1109040234,flk_2110,Molokai,flk_2110_Molokai
359,108_95,-157.056019502,21.0989460313,flk_2057,Molokai,flk_2057_Molokai
360,108_335,-156.750393806,21.1041965655,flk_2098,Molokai,flk_2098_Molokai
361,109_96,-157.053613814,21.0989184301,flk_2058,Molokai,flk_2058_Molokai
362,110_85,-157.082453332,21.1015050085,flk_2075,Molokai,flk_2075_Molokai
363,110_96,-157.053613814,21.0989184301,flk_2058,Molokai,flk_2058_Molokai
364,110_97,-157.04883195,21.0966055556,flk_2035,Molokai,flk_2035_Molokai
365,110_98,-157.046426309,21.0965778554,flk_2036,Molokai,flk_2036_Molokai
366,110_104,-157.039209412,21.0964945503,flk_2039,Molokai,flk_2039_Molokai
367,110_105,-157.039209412,21.0964945503,flk_2039,Molokai,flk_2039_Molokai
368,111_97,-157.04883195,21.0966055556,flk_2035,Molokai,flk_2035_Molokai
369,111_98,-157.046426309,21.0965778554,flk_2036,Molokai,flk_2036_Molokai
370,111_99,-157.044020673,21.0965501211,flk_2037,Molokai,flk_2037_Molokai
371,111_100,-157.041615041,21.0965223527,flk_2038,Molokai,flk_2038_Molokai
372,111_101,-157.041615041,21.0965223527,flk_2038,Molokai,flk_2038_Molokai
373,111_102,-157.039209412,21.0964945503,flk_2039,Molokai,flk_2039_Molokai
374,111_103,-157.039209412,21.0964945503,flk_2039,Molokai,flk_2039_Molokai
375,111_104,-157.039209412,21.0964945503,flk_2039,Molokai,flk_2039_Molokai
376,111_105,-157.039209412,21.0964945503,flk_2039,Molokai,flk_2039_Molokai
377,111_106,-157.036833466,21.0942091595,flk_2021,Molokai,flk_2021_Molokai
378,111_107,-157.034427882,21.0941812922,flk_2022,Molokai,flk_2022_Molokai
379,111_323,-156.76983868,21.0909078876,flk_2023,Molokai,flk_2023_Molokai
380,111_327,-156.762555702,21.0953271529,flk_2059,Molokai,flk_2059_Molokai
381,111_328,-156.762555702,21.0953271529,flk_2059,Molokai,flk_2059_Molokai
382,112_98,-157.046426309,21.0965778554,flk_2036,Molokai,flk_2036_Molokai
383,112_99,-157.044020673,21.0965501211,flk_2037,Molokai,flk_2037_Molokai
384,112_100,-157.041615041,21.0965223527,flk_2038,Molokai,flk_2038_Molokai
385,112_101,-157.039209412,21.0964945503,flk_2039,Molokai,flk_2039_Molokai
386,112_102,-157.039209412,21.0964945503,flk_2039,Molokai,flk_2039_Molokai
387,112_103,-157.039209412,21.0964945503,flk_2039,Molokai,flk_2039_Molokai
388,112_104,-157.039209412,21.0964945503,flk_2039,Molokai,flk_2039_Molokai
389,112_105,-157.036833466,21.0942091595,flk_2021,Molokai,flk_2021_Molokai
390,112_106,-157.034427882,21.0941812922,flk_2022,Molokai,flk_2022_Molokai
391,113_100,-157.041615041,21.0965223527,flk_2038,Molokai,flk_2038_Molokai
392,113_101,-157.039209412,21.0964945503,flk_2039,Molokai,flk_2039_Molokai
393,113_102,-157.039209412,21.0964945503,flk_2039,Molokai,flk_2039_Molokai
394,113_103,-157.039209412,21.0964945503,flk_2039,Molokai,flk_2039_Molokai
395,113_104,-157.034427882,21.0941812922,flk_2022,Molokai,flk_2022_Molokai
396,113_107,-157.034427882,21.0941812922,flk_2022,Molokai,flk_2022_Molokai
397,113_109,-157.034427882,21.0941812922,flk_2022,Molokai,flk_2022_Molokai
398,113_315,-156.786841834,21.0798424953,flk_1899,Molokai,flk_1899_Molokai
399,114_104,-157.034427882,21.0941812922,flk_2022,Molokai,flk_2022_Molokai
400,114_105,-157.034427882,21.0941812922,flk_2022,Molokai,flk_2022_Molokai
401,114_106,-157.034427882,21.0941812922,flk_2022,Molokai,flk_2022_Molokai
402,114_108,-157.034427882,21.0941812922,flk_2022,Molokai,flk_2022_Molokai
403,114_109,-157.032052048,21.0918958424,flk_2012,Molokai,flk_2012_Molokai
404,114_110,-157.032052048,21.0918958424,flk_2012,Molokai,flk_2012_Molokai
405,115_108,-157.032052048,21.0918958424,flk_2012,Molokai,flk_2012_Molokai
406,115_109,-157.032052048,21.0918958424,flk_2012,Molokai,flk_2012_Molokai
407,115_323,-156.774716186,21.0864567298,flk_1987,Molokai,flk_1987_Molokai
408,117_319,-156.784403398,21.0820682969,flk_1919,Molokai,flk_1919_Molokai
409,117_320,-156.781998398,21.0820368673,flk_1920,Molokai,flk_1920_Molokai
410,117_321,-156.779593402,21.0820054037,flk_1921,Molokai,flk_1921_Molokai
411,117_322,-156.774716186,21.0864567298,flk_1987,Molokai,flk_1987_Molokai
412,118_149,-157.003336682,21.0802708527,flk_1884,Molokai,flk_1884_Molokai
413,118_150,-157.003336682,21.0802708527,flk_1884,Molokai,flk_1884_Molokai
414,118_151,-157.000931371,21.0802425282,flk_1885,Molokai,flk_1885_Molokai
415,118_152,-157.000931371,21.0802425282,flk_1885,Molokai,flk_1885_Molokai
416,118_153,-157.000931371,21.0802425282,flk_1885,Molokai,flk_1885_Molokai
417,118_154,-156.998526064,21.0802141696,flk_1886,Molokai,flk_1886_Molokai
418,118_155,-156.998526064,21.0802141696,flk_1886,Molokai,flk_1886_Molokai
419,118_156,-156.998526064,21.0802141696,flk_1886,Molokai,flk_1886_Molokai
420,118_157,-156.998526064,21.0802141696,flk_1886,Molokai,flk_1886_Molokai
421,119_135,-157.01530333,21.0849270212,flk_1918,Molokai,flk_1918_Molokai
422,119_138,-157.012927948,21.0826413357,flk_1896,Molokai,flk_1896_Molokai
423,119_147,-157.003336682,21.0802708527,flk_1884,Molokai,flk_1884_Molokai
424,119_148,-157.003336682,21.0802708527,flk_1884,Molokai,flk_1884_Molokai
425,119_149,-157.003336682,21.0802708527,flk_1884,Molokai,flk_1884_Molokai
426,119_150,-157.000931371,21.0802425282,flk_1885,Molokai,flk_1885_Molokai
427,119_151,-157.000931371,21.0802425282,flk_1885,Molokai,flk_1885_Molokai
428,119_152,-156.998526064,21.0802141696,flk_1886,Molokai,flk_1886_Molokai
429,119_153,-156.998526064,21.0802141696,flk_1886,Molokai,flk_1886_Molokai
430,119_154,-156.998526064,21.0802141696,flk_1886,Molokai,flk_1886_Molokai
431,119_155,-156.998526064,21.0802141696,flk_1886,Molokai,flk_1886_Molokai
432,119_156,-156.998526064,21.0802141696,flk_1886,Molokai,flk_1886_Molokai
433,119_157,-156.998526064,21.0802141696,flk_1886,Molokai,flk_1886_Molokai
434,119_196,-156.962600776,21.0684974193,flk_1842,Molokai,flk_1842_Molokai
435,120_138,-157.012927948,21.0826413357,flk_1896,Molokai,flk_1896_Molokai
436,120_139,-157.010522585,21.082613144,flk_1897,Molokai,flk_1897_Molokai
437,120_140,-157.010522585,21.082613144,flk_1897,Molokai,flk_1897_Molokai
438,120_146,-157.003336682,21.0802708527,flk_1884,Molokai,flk_1884_Molokai
439,120_147,-157.003336682,21.0802708527,flk_1884,Molokai,flk_1884_Molokai
440,120_148,-157.003336682,21.0802708527,flk_1884,Molokai,flk_1884_Molokai
441,120_149,-157.000931371,21.0802425282,flk_1885,Molokai,flk_1885_Molokai
442,120_150,-157.000931371,21.0802425282,flk_1885,Molokai,flk_1885_Molokai
443,120_151,-156.998526064,21.0802141696,flk_1886,Molokai,flk_1886_Molokai
444,120_152,-156.998526064,21.0802141696,flk_1886,Molokai,flk_1886_Molokai
445,120_153,-156.998526064,21.0802141696,flk_1886,Molokai,flk_1886_Molokai
446,120_154,-156.998526064,21.0802141696,flk_1886,Molokai,flk_1886_Molokai
447,120_155,-156.998526064,21.0802141696,flk_1886,Molokai,flk_1886_Molokai
448,121_145,-157.003336682,21.0802708527,flk_1884,Molokai,flk_1884_Molokai
449,121_146,-157.003336682,21.0802708527,flk_1884,Molokai,flk_1884_Molokai
450,121_147,-157.003336682,21.0802708527,flk_1884,Molokai,flk_1884_Molokai
451,121_148,-157.003336682,21.0802708527,flk_1884,Molokai,flk_1884_Molokai
452,121_149,-157.000931371,21.0802425282,flk_1885,Molokai,flk_1885_Molokai
453,121_150,-157.000931371,21.0802425282,flk_1885,Molokai,flk_1885_Molokai
454,121_151,-156.998526064,21.0802141696,flk_1886,Molokai,flk_1886_Molokai
455,121_152,-156.998526064,21.0802141696,flk_1886,Molokai,flk_1886_Molokai
456,121_153,-156.998526064,21.0802141696,flk_1886,Molokai,flk_1886_Molokai
457,121_317,-156.789280197,21.0776166517,flk_1887,Molokai,flk_1887_Molokai
458,122_148,-157.000931371,21.0802425282,flk_1885,Molokai,flk_1885_Molokai
459,122_149,-157.000931371,21.0802425282,flk_1885,Molokai,flk_1885_Molokai
460,122_150,-156.998526064,21.0802141696,flk_1886,Molokai,flk_1886_Molokai
461,122_151,-156.998526064,21.0802141696,flk_1886,Molokai,flk_1886_Molokai
462,122_152,-156.998526064,21.0802141696,flk_1886,Molokai,flk_1886_Molokai
463,122_153,-156.998526064,21.0802141696,flk_1886,Molokai,flk_1886_Molokai
464,123_150,-156.998526064,21.0802141696,flk_1886,Molokai,flk_1886_Molokai
465,123_151,-156.998526064,21.0802141696,flk_1886,Molokai,flk_1886_Molokai
466,123_152,-156.998526064,21.0802141696,flk_1886,Molokai,flk_1886_Molokai
467,123_156,-156.996151028,21.0779282742,flk_1876,Molokai,flk_1876_Molokai
468,123_157,-156.996151028,21.0779282742,flk_1876,Molokai,flk_1876_Molokai
469,123_158,-156.996151028,21.0779282742,flk_1876,Molokai,flk_1876_Molokai
470,123_181,-156.972190448,21.0708700967,flk_1852,Molokai,flk_1852_Molokai
471,123_183,-156.972190448,21.0708700967,flk_1852,Molokai,flk_1852_Molokai
472,123_184,-156.972190448,21.0708700967,flk_1852,Molokai,flk_1852_Molokai
473,123_186,-156.969785334,21.070841343,flk_1853,Molokai,flk_1853_Molokai
474,123_312,-156.801404546,21.071001249,flk_1861,Molokai,flk_1861_Molokai
475,123_314,-156.794156705,21.0731648385,flk_1871,Molokai,flk_1871_Molokai
476,124_164,-156.991340506,21.0778713934,flk_1878,Molokai,flk_1878_Molokai
477,124_165,-156.988965624,21.0755854086,flk_1868,Molokai,flk_1868_Molokai
478,124_166,-156.98656041,21.0755568864,flk_1869,Molokai,flk_1869_Molokai
479,124_181,-156.972190448,21.0708700967,flk_1852,Molokai,flk_1852_Molokai
480,124_188,-156.969785334,21.070841343,flk_1853,Molokai,flk_1853_Molokai
481,124_316,-156.794156705,21.0731648385,flk_1871,Molokai,flk_1871_Molokai
482,125_164,-156.988965624,21.0755854086,flk_1868,Molokai,flk_1868_Molokai
483,125_165,-156.98656041,21.0755568864,flk_1869,Molokai,flk_1869_Molokai
484,125_166,-156.98656041,21.0755568864,flk_1869,Molokai,flk_1869_Molokai
485,125_169,-156.984155199,21.0755283302,flk_1870,Molokai,flk_1870_Molokai
486,125_180,-156.972190448,21.0708700967,flk_1852,Molokai,flk_1852_Molokai
487,125_182,-156.972190448,21.0708700967,flk_1852,Molokai,flk_1852_Molokai
488,125_183,-156.972190448,21.0708700967,flk_1852,Molokai,flk_1852_Molokai
489,125_186,-156.969785334,21.070841343,flk_1853,Molokai,flk_1853_Molokai
490,125_188,-156.969785334,21.070841343,flk_1853,Molokai,flk_1853_Molokai
491,125_194,-156.962600776,21.0684974193,flk_1842,Molokai,flk_1842_Molokai
492,125_315,-156.794156705,21.0731648385,flk_1871,Molokai,flk_1871_Molokai
493,126_165,-156.98656041,21.0755568864,flk_1869,Molokai,flk_1869_Molokai
494,126_166,-156.98656041,21.0755568864,flk_1869,Molokai,flk_1869_Molokai
495,126_180,-156.972190448,21.0708700967,flk_1852,Molokai,flk_1852_Molokai
496,126_182,-156.972190448,21.0708700967,flk_1852,Molokai,flk_1852_Molokai
497,126_186,-156.969785334,21.070841343,flk_1853,Molokai,flk_1853_Molokai
498,126_189,-156.967380224,21.0708125553,flk_1854,Molokai,flk_1854_Molokai
499,126_194,-156.962600776,21.0684974193,flk_1842,Molokai,flk_1842_Molokai
500,126_195,-156.960195715,21.0684685328,flk_1843,Molokai,flk_1843_Molokai
501,126_199,-156.955416469,21.066153209,flk_1830,Molokai,flk_1830_Molokai
502,126_315,-156.794156705,21.0731648385,flk_1871,Molokai,flk_1871_Molokai
503,127_166,-156.98656041,21.0755568864,flk_1869,Molokai,flk_1869_Molokai
504,127_167,-156.984155199,21.0755283302,flk_1870,Molokai,flk_1870_Molokai
505,127_187,-156.969785334,21.070841343,flk_1853,Molokai,flk_1853_Molokai
506,127_189,-156.967380224,21.0708125553,flk_1854,Molokai,flk_1854_Molokai
507,127_195,-156.960195715,21.0684685328,flk_1843,Molokai,flk_1843_Molokai
508,127_199,-156.955416469,21.066153209,flk_1830,Molokai,flk_1830_Molokai
509,127_200,-156.955416469,21.066153209,flk_1830,Molokai,flk_1830_Molokai
510,128_188,-156.967380224,21.0708125553,flk_1854,Molokai,flk_1854_Molokai
511,128_189,-156.967380224,21.0708125553,flk_1854,Molokai,flk_1854_Molokai
512,128_193,-156.962600776,21.0684974193,flk_1842,Molokai,flk_1842_Molokai
513,128_195,-156.960195715,21.0684685328,flk_1843,Molokai,flk_1843_Molokai
514,128_198,-156.957821486,21.0661821601,flk_1829,Molokai,flk_1829_Molokai
515,128_314,-156.798999696,21.070970076,flk_1862,Molokai,flk_1862_Molokai
516,129_179,-156.972190448,21.0708700967,flk_1852,Molokai,flk_1852_Molokai
517,129_187,-156.967380224,21.0708125553,flk_1854,Molokai,flk_1854_Molokai
518,129_189,-156.967380224,21.0708125553,flk_1854,Molokai,flk_1854_Molokai
519,129_192,-156.962600776,21.0684974193,flk_1842,Molokai,flk_1842_Molokai
520,129_194,-156.960195715,21.0684685328,flk_1843,Molokai,flk_1843_Molokai
521,129_198,-156.955416469,21.066153209,flk_1830,Molokai,flk_1830_Molokai
522,129_221,-156.943422487,21.0637505105,flk_1823,Molokai,flk_1823_Molokai
523,129_261,-156.859348411,21.0559380215,flk_1791,Molokai,flk_1791_Molokai
524,129_313,-156.801404546,21.071001249,flk_1861,Molokai,flk_1861_Molokai
525,130_169,-156.98178047,21.0732422559,flk_1859,Molokai,flk_1859_Molokai
526,130_180,-156.972190448,21.0708700967,flk_1852,Molokai,flk_1852_Molokai
527,130_188,-156.967380224,21.0708125553,flk_1854,Molokai,flk_1854_Molokai
528,130_192,-156.962600776,21.0684974193,flk_1842,Molokai,flk_1842_Molokai
529,130_193,-156.962600776,21.0684974193,flk_1842,Molokai,flk_1842_Molokai
530,130_198,-156.955416469,21.066153209,flk_1830,Molokai,flk_1830_Molokai
531,130_216,-156.945827447,21.0637796283,flk_1822,Molokai,flk_1822_Molokai
532,130_219,-156.945827447,21.0637796283,flk_1822,Molokai,flk_1822_Molokai
533,130_221,-156.943422487,21.0637505105,flk_1823,Molokai,flk_1823_Molokai
534,130_313,-156.801404546,21.071001249,flk_1861,Molokai,flk_1861_Molokai
535,131_169,-156.98178047,21.0732422559,flk_1859,Molokai,flk_1859_Molokai
536,131_188,-156.967380224,21.0708125553,flk_1854,Molokai,flk_1854_Molokai
537,131_215,-156.945827447,21.0637796283,flk_1822,Molokai,flk_1822_Molokai
538,131_224,-156.943422487,21.0637505105,flk_1823,Molokai,flk_1823_Molokai
539,131_310,-156.808685283,21.066580097,flk_1845,Molokai,flk_1845_Molokai
540,131_312,-156.801404546,21.071001249,flk_1861,Molokai,flk_1861_Molokai
541,131_313,-156.801404546,21.071001249,flk_1861,Molokai,flk_1861_Molokai
542,132_170,-156.98178047,21.0732422559,flk_1859,Molokai,flk_1859_Molokai
543, ,-156.979375304,21.073213635,flk_1860,Molokai,flk_1860_Molokai
544, ,-156.967380224,21.0708125553,flk_1854,Molokai,flk_1854_Molokai
545, ,-156.962600776,21.0684974193,flk_1842,Molokai,flk_1842_Molokai
546,132_214,-156.948232411,21.0638087121,flk_1821,Molokai,flk_1821_Molokai
547, ,-156.943422487,21.0637505105,flk_1823,Molokai,flk_1823_Molokai
548,132_227,-156.941017531,21.0637213586,flk_1824,Molokai,flk_1824_Molokai
549,132_311,-156.806280493,21.0665490333,flk_1846,Molokai,flk_1846_Molokai
550,132_312,-156.801404546,21.071001249,flk_1861,Molokai,flk_1861_Molokai
551,134_186,-156.967380224,21.0708125553,flk_1854,Molokai,flk_1854_Molokai
552,134_197,-156.957821486,21.0661821601,flk_1829,Molokai,flk_1829_Molokai
553,134_222,-156.943422487,21.0637505105,flk_1823,Molokai,flk_1823_Molokai
554, ,-156.969785334,21.070841343,flk_1853,Molokai,flk_1853_Molokai
555,136_193,-156.962600776,21.0684974193,flk_1842,Molokai,flk_1842_Molokai
556,136_198,-156.955416469,21.066153209,flk_1830,Molokai,flk_1830_Molokai
557, ,-156.955416469,21.066153209,flk_1830,Molokai,flk_1830_Molokai
558,136_212,-156.948232411,21.0638087121,flk_1821,Molokai,flk_1821_Molokai
559,136_222,-156.943422487,21.0637505105,flk_1823,Molokai,flk_1823_Molokai
560,136_225,-156.941017531,21.0637213586,flk_1824,Molokai,flk_1824_Molokai
561,136_310,-156.808685283,21.066580097,flk_1845,Molokai,flk_1845_Molokai
562,137_181,-156.969785334,21.070841343,flk_1853,Molokai,flk_1853_Molokai
563,137_184,-156.969785334,21.070841343,flk_1853,Molokai,flk_1853_Molokai
564,137_187,-156.967380224,21.0708125553,flk_1854,Molokai,flk_1854_Molokai
565,137_191,-156.962600776,21.0684974193,flk_1842,Molokai,flk_1842_Molokai
566, ,-156.953011456,21.0661242238,flk_1831,Molokai,flk_1831_Molokai
567, ,-156.948232411,21.0638087121,flk_1821,Molokai,flk_1821_Molokai
568, ,-156.945827447,21.0637796283,flk_1822,Molokai,flk_1822_Molokai
569, ,-156.943422487,21.0637505105,flk_1823,Molokai,flk_1823_Molokai
570,137_224,-156.943422487,21.0637505105,flk_1823,Molokai,flk_1823_Molokai
571, ,-156.811090078,21.0666111267,flk_1844,Molokai,flk_1844_Molokai
572,139_187,-156.967380224,21.0708125553,flk_1854,Molokai,flk_1854_Molokai
573,139_192,-156.962600776,21.0684974193,flk_1842,Molokai,flk_1842_Molokai
574,139_194,-156.960195715,21.0684685328,flk_1843,Molokai,flk_1843_Molokai
575,139_215,-156.945827447,21.0637796283,flk_1822,Molokai,flk_1822_Molokai
576,139_224,-156.943422487,21.0637505105,flk_1823,Molokai,flk_1823_Molokai
577,139_308,-156.811090078,21.0666111267,flk_1844,Molokai,flk_1844_Molokai
578,139_309,-156.811090078,21.0666111267,flk_1844,Molokai,flk_1844_Molokai
579,140_199,-156.955416469,21.066153209,flk_1830,Molokai,flk_1830_Molokai
580,140_200,-156.953011456,21.0661242238,flk_1831,Molokai,flk_1831_Molokai
581,140_231,-156.936238777,21.06140553,flk_1812,Molokai,flk_1812_Molokai
582,140_308,-156.811090078,21.0666111267,flk_1844,Molokai,flk_1844_Molokai
583,141_183,-156.969785334,21.070841343,flk_1853,Molokai,flk_1853_Molokai
584,141_184,-156.969785334,21.070841343,flk_1853,Molokai,flk_1853_Molokai
585, ,-156.967380224,21.0708125553,flk_1854,Molokai,flk_1854_Molokai
586, ,-156.967380224,21.0708125553,flk_1854,Molokai,flk_1854_Molokai
587,141_200,-156.953011456,21.0661242238,flk_1831,Molokai,flk_1831_Molokai
588, ,-156.943422487,21.0637505105,flk_1823,Molokai,flk_1823_Molokai
589,141_225,-156.941017531,21.0637213586,flk_1824,Molokai,flk_1824_Molokai
590,141_231,-156.936238777,21.06140553,flk_1812,Molokai,flk_1812_Molokai
591, ,-156.815932646,21.0644158387,flk_1836,Molokai,flk_1836_Molokai
592,141_310,-156.808685283,21.066580097,flk_1845,Molokai,flk_1845_Molokai
593,143_190,-156.965005842,21.0685262717,flk_1841,Molokai,flk_1841_Molokai
594,143_199,-156.955416469,21.066153209,flk_1830,Molokai,flk_1830_Molokai
595,143_303,-156.818337418,21.0644467627,flk_1835,Molokai,flk_1835_Molokai
596,143_305,-156.818337418,21.0644467627,flk_1835,Molokai,flk_1835_Molokai
597,143_306,-156.815932646,21.0644158387,flk_1836,Molokai,flk_1836_Molokai
598,144_194,-156.960195715,21.0684685328,flk_1843,Molokai,flk_1843_Molokai
599,144_220,-156.943422487,21.0637505105,flk_1823,Molokai,flk_1823_Molokai
600,144_222,-156.943422487,21.0637505105,flk_1823,Molokai,flk_1823_Molokai
601,144_231,-156.936238777,21.06140553,flk_1812,Molokai,flk_1812_Molokai
602,145_194,-156.960195715,21.0684685328,flk_1843,Molokai,flk_1843_Molokai
603,145_196,-156.957821486,21.0661821601,flk_1829,Molokai,flk_1829_Molokai
604,145_198,-156.955416469,21.066153209,flk_1830,Molokai,flk_1830_Molokai
605,145_200,-156.953011456,21.0661242238,flk_1831,Molokai,flk_1831_Molokai
606, ,-156.943422487,21.0637505105,flk_1823,Molokai,flk_1823_Molokai
607,145_245,-156.9098481,21.0565671323,flk_1785,Molokai,flk_1785_Molokai
608, ,-156.953011456,21.0661242238,flk_1831,Molokai,flk_1831_Molokai
609,146_218,-156.943422487,21.0637505105,flk_1823,Molokai,flk_1823_Molokai
610, ,-156.943422487,21.0637505105,flk_1823,Molokai,flk_1823_Molokai
611, ,-156.941017531,21.0637213586,flk_1824,Molokai,flk_1824_Molokai
612,146_231,-156.936238777,21.06140553,flk_1812,Molokai,flk_1812_Molokai
613,148_200,-156.953011456,21.0661242238,flk_1831,Molokai,flk_1831_Molokai
614,148_201,-156.953011456,21.0661242238,flk_1831,Molokai,flk_1831_Molokai
615,148_221,-156.943422487,21.0637505105,flk_1823,Molokai,flk_1823_Molokai
616,148_290,-156.825584575,21.0622820703,flk_1825,Molokai,flk_1825_Molokai
617,149_198,-156.955416469,21.066153209,flk_1830,Molokai,flk_1830_Molokai
618,149_199,-156.953011456,21.0661242238,flk_1831,Molokai,flk_1831_Molokai
619,149_200,-156.953011456,21.0661242238,flk_1831,Molokai,flk_1831_Molokai
620,149_201,-156.953011456,21.0661242238,flk_1831,Molokai,flk_1831_Molokai
621,149_203,-156.950606448,21.0660952046,flk_1832,Molokai,flk_1832_Molokai
622,149_223,-156.941017531,21.0637213586,flk_1824,Molokai,flk_1824_Molokai
623,149_224,-156.941017531,21.0637213586,flk_1824,Molokai,flk_1824_Molokai
624,149_232,-156.936238777,21.06140553,flk_1812,Molokai,flk_1812_Molokai
625,149_290,-156.825584575,21.0622820703,flk_1825,Molokai,flk_1825_Molokai
626,150_199,-156.953011456,21.0661242238,flk_1831,Molokai,flk_1831_Molokai
627,150_200,-156.953011456,21.0661242238,flk_1831,Molokai,flk_1831_Molokai
628,150_201,-156.950606448,21.0660952046,flk_1832,Molokai,flk_1832_Molokai
629,150_220,-156.943422487,21.0637505105,flk_1823,Molokai,flk_1823_Molokai
630,150_225,-156.941017531,21.0637213586,flk_1824,Molokai,flk_1824_Molokai
631,150_229,-156.938643689,21.0614347465,flk_1811,Molokai,flk_1811_Molokai
632,150_230,-156.936238777,21.06140553,flk_1812,Molokai,flk_1812_Molokai
633,150_232,-156.93383387,21.0613762796,flk_1813,Molokai,flk_1813_Molokai
634,150_291,-156.825584575,21.0622820703,flk_1825,Molokai,flk_1825_Molokai
635,151_216,-156.943422487,21.0637505105,flk_1823,Molokai,flk_1823_Molokai
636,151_270,-156.840110929,21.0556944164,flk_1797,Molokai,flk_1797_Molokai
637,152_229,-156.936238777,21.06140553,flk_1812,Molokai,flk_1812_Molokai
638,152_230,-156.936238777,21.06140553,flk_1812,Molokai,flk_1812_Molokai
639,153_265,-156.852101918,21.0581042264,flk_1806,Molokai,flk_1806_Molokai
640,153_268,-156.847324952,21.0557860233,flk_1796,Molokai,flk_1796_Molokai
641,153_282,-156.83283155,21.0601170495,flk_1816,Molokai,flk_1816_Molokai
642,153_287,-156.830426825,21.0600863367,flk_1817,Molokai,flk_1817_Molokai
643,153_288,-156.828022104,21.0600555899,flk_1818,Molokai,flk_1818_Molokai
644,154_279,-156.83283155,21.0601170495,flk_1816,Molokai,flk_1816_Molokai
645,154_283,-156.83283155,21.0601170495,flk_1816,Molokai,flk_1816_Molokai
646,154_285,-156.830426825,21.0600863367,flk_1817,Molokai,flk_1817_Molokai
647,155_280,-156.83283155,21.0601170495,flk_1816,Molokai,flk_1816_Molokai
648,155_281,-156.83283155,21.0601170495,flk_1816,Molokai,flk_1816_Molokai
649,157_272,-156.840110929,21.0556944164,flk_1797,Molokai,flk_1797_Molokai
650,158_270,-156.840110929,21.0556944164,flk_1797,Molokai,flk_1797_Molokai
651,158_271,-156.840110929,21.0556944164,flk_1797,Molokai,flk_1797_Molokai
652,158_272,-156.840110929,21.0556944164,flk_1797,Molokai,flk_1797_Molokai
653,159_266,-156.852101918,21.0581042264,flk_1806,Molokai,flk_1806_Molokai
654,159_272,-156.840110929,21.0556944164,flk_1797,Molokai,flk_1797_Molokai
655,160_268,-156.847324952,21.0557860233,flk_1796,Molokai,flk_1796_Molokai
656,160_270,-156.844952783,21.0534982299,flk_1777,Molokai,flk_1777_Molokai
657,160_271,-156.840110929,21.0556944164,flk_1797,Molokai,flk_1797_Molokai
658,161_256,-156.873872914,21.0493472922,flk_1756,Molokai,flk_1756_Molokai
659,161_257,-156.871436195,21.0515745073,flk_1762,Molokai,flk_1762_Molokai
660,161_260,-156.8666269,21.0515141641,flk_1763,Molokai,flk_1763_Molokai
661,162_254,-156.883491426,21.0494674206,flk_1755,Molokai,flk_1755_Molokai
662,162_258,-156.871436195,21.0515745073,flk_1762,Molokai,flk_1762_Molokai
663,163_257,-156.873872914,21.0493472922,flk_1756,Molokai,flk_1756_Molokai
664,163_258,-156.871436195,21.0515745073,flk_1762,Molokai,flk_1762_Molokai
665,164_256,-156.878714151,21.0471500809,flk_1748,Molokai,flk_1748_Molokai
