,OID_,pop10,Area_m2,Area_km2,BlockGp_ID,In2017Zone,Island,name
0,0,2546,478684.170359,0.478684170359,1,200,Oahu, 
1,1,1682,2740960.37224,2.74096037224,2,200,Oahu, 
2,2,1351,82578.86115739998,0.0825788611574,3,200,Oahu, 
3,3,923,138329.044315,0.138329044315,4,200,Oahu, 
4,4,3040,2074568.90856,2.07456890856,5,200,Oahu, 
5,5,2505,480542.213082,0.480542213082,6,200,Oahu, 
6,6,1127,432420.450581,0.432420450581,7,200,Oahu, 
7,7,1287,2549879.91056,2.54987991056,8,1,Oahu, 
8,8,2142,688475.002106,0.688475002106,9,1,Oahu, 
9,9,2037,673636.080459,0.673636080459,10,1,Oahu, 
10,10,1084,568906.917615,0.568906917615,11,1,Oahu, 
11,11,2402,959868.572791,0.959868572791,12,200,Oahu, 
12,12,917,545589.388068,0.545589388068,13,200,Oahu, 
13,13,1081,306384.443915,0.306384443915,14,200,Oahu, 
14,14,19,5971331.3422,5.9713313422,15,1,Oahu, 
15,15,1609,1237819.20406,1.23781920406,16,200,Oahu, 
16,16,2346,1886609.30056,1.88660930056,17,1,Oahu, 
17,17,1237,918433.617249,0.918433617249,18,1,Oahu, 
18,18,1607,1533475.10215,1.53347510215,19,200,Oahu, 
19,19,459,1203211.96536,1.20321196536,20,200,Oahu, 
20,20,3070,705644.113883,0.705644113883,21,200,Oahu, 
21,21,2194,1020573.27212,1.02057327212,22,200,Oahu, 
22,22,2029,32237242.6912,32.2372426912,23,200,Oahu, 
23,23,1090,299000.800013,0.299000800013,24,200,Oahu, 
24,24,1981,265412.325509,0.265412325509,25,200,Oahu, 
25,25,277,46923129.574,46.923129574,26,200,Oahu, 
26,26,470,7191514.4156,7.1915144156,27,200,Oahu, 
27,27,704,9017340.74109,9.01734074109,28,200,Oahu, 
28,28,4104,1630834.08562,1.63083408562,29,1,Oahu, 
29,29,2659,608338.104921,0.608338104921,30,1,Oahu, 
30,30,46,3028027.9068,3.0280279068,31,200,Oahu, 
31,31,2196,736337.259974,0.736337259974,32,200,Oahu, 
32,32,0,5793569.62458,5.79356962458,33,200,Oahu, 
33,33,1572,2291223.71777,2.29122371777,34,200,Oahu, 
34,34,1487,346490.325011,0.346490325011,35,200,Oahu, 
35,35,1849,145980.02053,0.14598002053,36,200,Oahu, 
36,36,2397,65393.055793,0.065393055793,37,200,Oahu, 
37,37,1515,49933.5886189,0.0499335886189,38,200,Oahu, 
38,38,1100,162911.055772,0.162911055772,39,200,Oahu, 
39,39,1668,85754.3089111,0.0857543089111,40,200,Oahu, 
40,40,938,1340499.43592,1.34049943592,41,1,BI, 
41,41,687,613670.516361,0.613670516361,42,1,BI, 
42,42,1365,1858110.3283,1.8581103283,43,1,BI, 
43,43,754,459957.311377,0.459957311377,44,1,BI, 
44,44,2338,2268593.74133,2.26859374133,45,1,BI, 
45,45,1086,937679.682498,0.937679682498,46,1,BI, 
46,46,1326,39984152.271,39.984152271,47,200,BI, 
47,47,1996,622645.634489,0.622645634489,48,200,Oahu, 
48,48,2329,434994.349115,0.434994349115,49,200,Oahu, 
49,49,1751,610652.128883,0.610652128883,50,200,Oahu, 
50,50,1711,313590.304986,0.313590304986,51,200,Oahu, 
51,51,2399,673656.257879,0.673656257879,52,200,Oahu, 
52,52,2169,482714.475646,0.482714475646,53,200,Oahu, 
53,53,2087,494626.511591,0.494626511591,54,200,Oahu, 
54,54,1864,107265.871834,0.107265871834,55,200,Oahu, 
55,55,1704,482526.801558,0.482526801558,56,200,Oahu, 
56,56,1989,305908.688077,0.305908688077,57,200,Oahu, 
57,57,1747,440670.26191,0.44067026191,58,200,Oahu, 
58,58,1411,207207.94347,0.20720794347,59,200,Oahu, 
59,59,1212,134245.112161,0.134245112161,60,200,Oahu, 
60,60,2084,778151.041895,0.778151041895,61,200,Oahu, 
61,61,1051,2152297.26503,2.15229726503,62,200,Oahu, 
62,62,890,245952.860706,0.245952860706,63,200,Oahu, 
63,63,609,211202.386596,0.211202386596,64,200,Oahu, 
64,64,638,486040.87864,0.48604087864,65,200,Oahu, 
65,65,1218,954847.182356,0.954847182356,66,1,Oahu, 
66,66,84,12944254.8842,12.9442548842,67,200,Oahu, 
67,67,0,2133702.80932,2.13370280932,68,1,Oahu, 
68,68,1039,955235.606632,0.955235606632,69,1,Oahu, 
69,69,866,1235055.37847,1.23505537847,70,200,Oahu, 
70,70,1730,18055423.8793,18.0554238793,71,200,Oahu, 
71,71,624,2384496.68648,2.38449668648,72,1,Oahu, 
72,72,3067,929085.286237,0.929085286237,73,200,Oahu, 
73,73,0,8308099.307799999,8.3080993078,74,200,Oahu, 
74,74,3884,1277045.15909,1.27704515909,75,200,Oahu, 
75,75,2604,605123.833595,0.605123833595,76,200,Oahu, 
76,76,3033,25017735.3884,25.0177353884,77,200,Oahu, 
77,77,5997,2259479.27024,2.25947927024,78,1,Oahu, 
78,78,2353,251052.307053,0.251052307053,79,1,Oahu, 
79,79,770,56700.0873111,0.0567000873111,80,200,Oahu, 
80,80,947,157312.04338,0.15731204338,81,200,Oahu, 
81,81,1685,381651.302151,0.381651302151,82,200,Oahu, 
82,82,2158,290793.498626,0.290793498626,83,200,Oahu, 
83,83,1044,23153293.0991,23.1532930991,84,200,Oahu, 
84,84,1730,396692.874345,0.396692874345,85,200,Oahu, 
85,85,1676,1323981.59919,1.32398159919,86,200,Oahu, 
86,86,1117,22457.5795033,0.0224575795033,87,200,Oahu, 
87,87,529,165319.984474,0.165319984474,88,200,Oahu, 
88,88,1006,219397.926654,0.219397926654,89,200,Oahu, 
89,89,2270,4460540.09825,4.46054009825,90,1,BI, 
90,90,1191,1084101.83262,1.08410183262,91,1,BI, 
91,91,1951,1795803.09622,1.79580309622,92,1,BI, 
92,92,1294,857135.5863319999,0.857135586332,93,1,BI, 
93,93,1531,945446.4178380001,0.945446417838,94,1,BI, 
94,94,655,654695.60154,0.65469560154,95,200,Oahu, 
95,95,2112,1276521.04075,1.27652104075,96,200,Oahu, 
96,96,1047,3509298.50076,3.50929850076,97,200,Oahu, 
97,97,2079,2633248.52288,2.63324852288,98,200,Oahu, 
98,98,2786,4797699.93629,4.79769993629,99,200,Oahu, 
99,99,802,348421.582374,0.348421582374,100,200,Oahu, 
100,100,1271,824565.2958449998,0.824565295845,101,200,Oahu, 
101,101,1069,337106.923066,0.337106923066,102,200,Oahu, 
102,102,560,296608.893287,0.296608893287,103,200,Oahu, 
103,103,2495,516887.541513,0.516887541513,104,200,Oahu, 
104,104,2702,2236987.09359,2.23698709359,105,200,Oahu, 
105,105,395,2221907.043,2.221907043,106,200,Oahu, 
106,106,901,935899.42063,0.93589942063,107,200,Oahu, 
107,107,1433,946235.163602,0.946235163602,108,200,Oahu, 
108,108,3021,767414.1454499998,0.76741414545,109,200,Oahu, 
109,109,3411,1332291.96799,1.33229196799,110,200,Oahu, 
110,110,1017,51135913.7783,51.1359137783,111,200,Oahu, 
111,111,2727,43536932.9884,43.5369329884,112,200,Oahu, 
112,112,858,293304.610249,0.293304610249,113,200,Oahu, 
113,113,435,185116.024691,0.185116024691,114,200,Oahu, 
114,114,1403,316313.051149,0.316313051149,115,200,Oahu, 
115,115,1151,214180.538471,0.214180538471,116,200,Oahu, 
116,116,864,285804.772646,0.285804772646,117,200,Oahu, 
117,117,2982,541198.790137,0.541198790137,118,1,Oahu, 
118,118,926,1581997.44209,1.58199744209,119,200,Oahu, 
119,119,2917,513378.28996,0.51337828996,120,1,Oahu, 
120,120,770,434949.167102,0.434949167102,121,200,Oahu, 
121,121,904,283126.082346,0.283126082346,122,200,Oahu, 
122,122,6017,5146020.17566,5.14602017566,123,200,Oahu, 
123,123,3208,945211.5922660001,0.945211592266,124,200,Oahu, 
124,124,3096,752287.4500629999,0.752287450063,125,200,Oahu, 
125,125,0,30566.0141559,0.0305660141559,126,200,Oahu, 
126,126,537,49806.669307,0.049806669307,127,200,Oahu, 
127,127,1773,318863.566545,0.318863566545,128,200,Oahu, 
128,128,1398,423377.659613,0.423377659613,129,1,Oahu, 
129,129,565,53912.7613018,0.0539127613018,130,200,Oahu, 
130,130,1273,68409.2570829,0.0684092570829,131,200,Oahu, 
131,131,867,45488.2595458,0.0454882595458,132,200,Oahu, 
132,132,1305,131572.825719,0.131572825719,133,200,Oahu, 
133,133,1235,44575.7079918,0.0445757079918,134,200,Oahu, 
134,134,1287,59423.2489143,0.0594232489143,135,200,Oahu, 
135,135,1210,35650.3213782,0.0356503213782,136,200,Oahu, 
136,136,1405,95847.723055,0.095847723055,137,200,Oahu, 
137,137,674,28482.4367789,0.0284824367789,138,200,Oahu, 
138,138,2351,55354.8083819,0.0553548083819,139,200,Oahu, 
139,139,2036,1288341.45492,1.28834145492,140,1,BI, 
140,140,2131,4623489.51103,4.62348951103,141,1,BI, 
141,141,618,344157.366543,0.344157366543,142,1,BI, 
142,142,1051,1750386.94887,1.75038694887,143,1,BI, 
143,143,2396,4003444.44418,4.00344444418,144,1,BI, 
144,144,736,7069202.9663,7.0692029663,145,1,BI, 
145,145,1181,1583404.16955,1.58340416955,146,1,BI, 
146,146,2812,20156965.8107,20.1569658107,147,1,BI, 
147,147,1412,2665315.97546,2.66531597546,148,200,BI, 
148,148,833,1835744.59406,1.83574459406,149,200,BI, 
149,149,711,185558.110269,0.185558110269,150,200,Oahu, 
150,150,1066,3377521.23463,3.37752123463,151,200,Oahu, 
151,151,2509,974201.547473,0.974201547473,152,200,Oahu, 
152,152,1286,623136.404542,0.623136404542,153,200,Oahu, 
153,153,1161,615189.801525,0.615189801525,154,200,Oahu, 
154,154,3069,4884818.38774,4.88481838774,155,200,Oahu, 
155,155,1675,1887167.15891,1.88716715891,156,200,Oahu, 
156,156,2354,86860.3620885,0.0868603620885,157,200,Oahu, 
157,157,1463,210073.610903,0.210073610903,158,200,Oahu, 
158,158,1390,222545.090048,0.222545090048,159,200,Oahu, 
159,159,1907,458977.655665,0.458977655665,160,200,Oahu, 
160,160,1755,4890126.01181,4.89012601181,161,200,Oahu, 
161,161,2513,548098.302826,0.548098302826,162,200,Oahu, 
162,162,2424,214997.281365,0.214997281365,163,200,Oahu, 
163,163,2354,184078.953979,0.184078953979,164,200,Oahu, 
164,164,985,214775.694832,0.214775694832,165,200,Oahu, 
165,165,860,153246.947124,0.153246947124,166,200,Oahu, 
166,166,2385,352226.550913,0.352226550913,167,200,Oahu, 
167,167,1101,520541.515702,0.520541515702,168,200,Oahu, 
168,168,2159,1630744.36334,1.63074436334,169,200,Oahu, 
169,169,3536,691459.840192,0.691459840192,170,200,Oahu, 
170,170,0,2286722.49459,2.28672249459,171,200,Oahu, 
171,171,1307,11694436.8345,11.6944368345,172,200,Oahu, 
172,172,0,30207892.4558,30.2078924558,173,200,Oahu, 
173,173,1634,5988973.79888,5.98897379888,174,200,Oahu, 
174,174,993,925925.095948,0.925925095948,175,200,Oahu, 
175,175,2044,3715168.64088,3.71516864088,176,200,Oahu, 
176,176,933,712514.404183,0.712514404183,177,200,Oahu, 
177,177,1463,15893.4878186,0.0158934878186,178,200,Oahu, 
178,178,2215,69402.3171358,0.0694023171358,179,200,Oahu, 
179,179,1976,132848.235387,0.132848235387,180,200,Oahu, 
180,180,1075,293276.896388,0.293276896388,181,200,Oahu, 
181,181,1663,223454.275591,0.223454275591,182,200,Oahu, 
182,182,895,385037.282743,0.385037282743,183,200,Oahu, 
183,183,1605,728272.9032919998,0.728272903292,184,200,Oahu, 
184,184,1565,1040282318.64,1040.28231864,185,200,BI, 
185,185,994,92398231.37320001,92.3982313732,186,200,BI, 
186,186,1617,41979361.367,41.979361367,187,200,BI, 
187,187,2609,65550774.9876,65.5507749876,188,1,BI, 
188,188,1026,9074848.1013,9.0748481013,189,200,BI, 
189,189,1228,140109694.208,140.109694208,190,200,BI, 
190,190,1736,11004801.6466,11.0048016466,191,200,BI, 
191,191,1262,4108613.32079,4.10861332079,192,200,BI, 
192,192,2041,554019263.27,554.01926327,193,200,BI, 
193,193,2803,378791668.184,378.791668184,194,200,BI, 
194,194,1585,3517009.20242,3.51700920242,195,1,BI, 
195,195,1174,20941109.9438,20.9411099438,196,200,BI, 
196,196,1010,91728013.6279,91.7280136279,197,200,BI, 
197,197,925,11592389.5238,11.5923895238,198,200,BI, 
198,198,1369,5868756.90466,5.86875690466,199,200,BI, 
199,199,3533,23631073.1096,23.6310731096,200,200,BI, 
200,200,3395,416915253.96,416.91525396,201,200,BI, 
201,201,2555,633815269.959,633.815269959,202,200,BI, 
202,202,2181,177471364.185,177.471364185,203,200,BI, 
203,203,1368,13607287.943,13.607287943,204,1,BI, 
204,204,1469,6349389.5237,6.3493895237,205,1,BI, 
205,205,2386,4232238.69758,4.23223869758,206,1,BI, 
206,206,1909,143058991.233,143.058991233,207,200,BI, 
207,207,1344,633100100.117,633.100100117,208,200,BI, 
208,208,1015,817371522.102,817.3715221019999,209,200,BI, 
209,209,1274,476672097.108,476.672097108,210,200,BI, 
210,210,1800,40667412.515,40.667412515,211,200,BI, 
211,211,2710,42006066.514,42.006066514,212,200,BI, 
212,212,2229,218677113.481,218.677113481,213,200,BI, 
213,213,1414,1184267950.65,1184.26795065,214,200,BI, 
214,214,2739,26095315.3332,26.0953153332,215,200,BI, 
215,215,992,1695644.46861,1.69564446861,216,1,BI, 
216,216,1207,1527436.2367,1.5274362367,217,1,BI, 
217,217,2050,286769.465239,0.286769465239,218,200,Oahu, 
218,218,847,1101144.99554,1.10114499554,219,200,Oahu, 
219,219,2269,513746.293161,0.513746293161,220,200,Oahu, 
220,220,1384,4330139.22873,4.33013922873,221,200,Oahu, 
221,221,2158,229541.424749,0.229541424749,222,200,Oahu, 
222,222,1834,2018850.5262,2.0188505262,223,200,Oahu, 
223,223,1614,5629388.73964,5.62938873964,224,200,Oahu, 
224,224,2142,17217943.8443,17.2179438443,225,200,Oahu, 
225,225,1525,2300288.86122,2.30028886122,226,200,Oahu, 
226,226,1383,342351.638727,0.342351638727,227,200,Oahu, 
227,227,1096,131205.153342,0.131205153342,228,200,Oahu, 
228,228,1274,675324.726985,0.675324726985,229,200,Oahu, 
229,229,1819,354695.006397,0.354695006397,230,200,Oahu, 
230,230,784,127628.052927,0.127628052927,231,200,Oahu, 
231,231,314,185369.111543,0.185369111543,232,200,Oahu, 
232,232,1178,516091.866446,0.516091866446,233,200,Oahu, 
233,233,1541,4507180.97076,4.50718097076,234,200,Oahu, 
234,234,1132,595403.097838,0.595403097838,235,200,Oahu, 
235,235,913,121953.442173,0.121953442173,236,200,Oahu, 
236,236,1997,75007.9879033,0.0750079879033,237,200,Oahu, 
237,237,2415,1174951.84623,1.17495184623,238,200,Oahu, 
238,238,2146,874900.910064,0.874900910064,239,200,Oahu, 
239,239,2047,906794.262616,0.906794262616,240,200,Oahu, 
240,240,1091,293079.589558,0.293079589558,241,200,Oahu, 
241,241,1617,74416.4469315,0.0744164469315,242,200,Oahu, 
242,242,790,27479.2180229,0.0274792180229,243,200,Oahu, 
243,243,1126,61305.55897,0.06130555897,244,200,Oahu, 
244,244,1398,155782.324356,0.155782324356,245,200,Oahu, 
245,245,837,849865.0413949998,0.849865041395,246,200,Oahu, 
246,246,953,27552.0450166,0.0275520450166,247,200,Oahu, 
247,247,1916,73806.6333553,0.0738066333553,248,200,Oahu, 
248,248,1496,68352.3036702,0.0683523036702,249,200,Oahu, 
249,249,1149,63178.1117077,0.0631781117077,250,200,Oahu, 
250,250,2323,1432556.02409,1.43255602409,251,200,Oahu, 
251,251,2074,437102.546528,0.437102546528,252,200,Oahu, 
252,252,189,188910.784835,0.188910784835,253,200,Oahu, 
253,253,889,122364.828592,0.122364828592,254,200,Oahu, 
254,254,985,92279.2831153,0.0922792831153,255,200,Oahu, 
255,255,941,70272.3356031,0.0702723356031,256,200,Oahu, 
256,256,2232,749319.88156,0.74931988156,257,200,Oahu, 
257,257,2045,514257.892481,0.514257892481,258,200,Oahu, 
258,258,2271,1264527.34226,1.26452734226,259,1,Oahu, 
259,259,97,1574927.92587,1.57492792587,260,200,Oahu, 
260,260,2319,4095948.3879,4.0959483879,261,200,Oahu, 
261,261,2801,1875598.41466,1.87559841466,262,200,Oahu, 
262,262,2427,1332127.75461,1.33212775461,263,200,Oahu, 
263,263,1985,10474841.8174,10.4748418174,264,1,BI, 
264,264,2628,7587079.407619999,7.58707940762,265,1,BI, 
265,265,2359,44484457.6304,44.4844576304,266,1,BI, 
266,266,1770,15710744.3872,15.7107443872,267,1,BI, 
267,267,1631,12334475.3319,12.3344753319,268,1,BI, 
268,268,2153,21058017.9666,21.0580179666,269,1,BI, 
269,269,1200,69754917.1204,69.7549171204,270,200,BI, 
270,270,2916,41861865.1946,41.8618651946,271,1,BI, 
271,271,2990,5936297.6761,5.9362976761,272,1,BI, 
272,272,1745,30234606.2967,30.2346062967,273,200,BI, 
273,273,2954,63435066.7719,63.4350667719,274,200,BI, 
274,274,1494,456724.09117,0.45672409117,275,200,Oahu, 
275,275,1189,1447855.84345,1.44785584345,276,1,Oahu, 
276,276,2121,241459.366113,0.241459366113,277,200,Oahu, 
277,277,877,996924.317677,0.996924317677,278,200,Oahu, 
278,278,2108,16946488.9176,16.9464889176,279,200,Oahu, 
279,279,2098,973459.455639,0.973459455639,280,200,Oahu, 
280,280,1736,423377.136618,0.423377136618,281,200,Oahu, 
281,281,2157,1788688.34437,1.78868834437,282,200,Oahu, 
282,282,1632,156662.505364,0.156662505364,283,200,Oahu, 
283,283,871,190743.618181,0.190743618181,284,200,Oahu, 
284,284,1187,250123.799426,0.250123799426,285,200,Oahu, 
285,285,1182,834549.6910889999,0.834549691089,286,200,Oahu, 
286,286,1596,101640.402511,0.101640402511,287,200,Oahu, 
287,287,702,134561.740483,0.134561740483,288,200,Oahu, 
288,288,1056,97053.9183213,0.0970539183213,289,200,Oahu, 
289,289,1921,318876.557571,0.318876557571,290,200,Oahu, 
290,290,2159,104392.668126,0.104392668126,291,200,Oahu, 
291,291,1774,304809.837285,0.304809837285,292,1,Oahu, 
292,292,854,30317.7701125,0.0303177701125,293,200,Oahu, 
293,293,1240,58978.59058,0.05897859058,294,200,Oahu, 
294,294,827,84328.20378969998,0.0843282037897,295,200,Oahu, 
295,295,1525,167516.123046,0.167516123046,296,200,Oahu, 
296,296,956,55258.6250965,0.0552586250965,297,200,Oahu, 
297,297,3086,94232.5895949,0.0942325895949,298,200,Oahu, 
298,298,850,80613.8541164,0.0806138541164,299,200,Oahu, 
299,299,1446,69629.4312271,0.0696294312271,300,200,Oahu, 
300,300,1199,127910.153966,0.127910153966,301,200,Oahu, 
301,301,1010,141083.090986,0.141083090986,302,200,Oahu, 
302,302,1461,182905.434755,0.182905434755,303,200,Oahu, 
303,303,1267,143198.39467,0.14319839467,304,200,Oahu, 
304,304,1654,88727.3894256,0.0887273894256,305,200,Oahu, 
305,305,5180,1107172.82902,1.10717282902,306,200,Oahu, 
306,306,2560,1038134.20896,1.03813420896,307,200,Oahu, 
307,307,1845,206415.93993,0.20641593993,308,200,Oahu, 
308,308,3133,301820.765581,0.301820765581,309,200,Oahu, 
309,309,2794,749731.965621,0.749731965621,310,200,Oahu, 
310,310,2235,84772596.44069998,84.7725964407,311,200,Oahu, 
311,311,1665,1369343.15562,1.36934315562,312,200,Oahu, 
312,312,818,200044.148748,0.200044148748,313,200,Oahu, 
313,313,1379,1765268.4288,1.7652684288,314,200,Oahu, 
314,314,1495,748269.298075,0.748269298075,315,1,Oahu, 
315,315,2291,2496715.67432,2.49671567432,316,200,Oahu, 
316,316,2110,2472213.18696,2.47221318696,317,200,Oahu, 
317,317,754,335511.230439,0.335511230439,318,200,Oahu, 
318,318,942,634190.512797,0.634190512797,319,200,Oahu, 
319,319,577,43308812.1044,43.3088121044,320,200,BI, 
320,320,4234,1004944490.29,1004.94449029,321,200,BI, 
321,321,1658,288863608.384,288.863608384,322,200,BI, 
322,322,1713,4479505.63955,4.47950563955,323,1,BI, 
323,323,2005,2137891.72448,2.13789172448,324,1,BI, 
324,324,1896,4258644.24697,4.25864424697,325,1,BI, 
325,325,1727,4492368.00572,4.49236800572,326,200,BI, 
326,326,930,23918492.0086,23.9184920086,327,200,BI, 
327,327,382,424374.908268,0.424374908268,328,1,BI, 
328,328,1557,17868256.5764,17.8682565764,329,1,BI, 
329,329,2012,4898449.67112,4.89844967112,330,1,BI, 
330,330,2318,1727179.15106,1.72717915106,331,200,Oahu, 
331,331,1739,402296.99993,0.40229699993,332,200,Oahu, 
332,332,2316,494581.849351,0.494581849351,333,200,Oahu, 
333,333,768,169109.530832,0.169109530832,334,200,Oahu, 
334,334,1183,825008.5056659998,0.825008505666,335,200,Oahu, 
335,335,2968,398853.275059,0.398853275059,336,200,Oahu, 
336,336,661,71634.2311642,0.0716342311642,337,200,Oahu, 
337,337,1798,913923.6782040001,0.913923678204,338,200,Oahu, 
338,338,1168,483693.659854,0.483693659854,339,200,Oahu, 
339,339,1307,179385.870672,0.179385870672,340,200,Oahu, 
340,340,1363,254337.0864,0.2543370864,341,200,Oahu, 
341,341,1165,86313.40663509998,0.0863134066351,342,200,Oahu, 
342,342,2686,78829.91675459998,0.0788299167546,343,200,Oahu, 
343,343,698,3605817.87674,3.60581787674,344,200,Oahu, 
344,344,1893,99342.764262,0.099342764262,345,200,Oahu, 
345,345,1357,75437.4514996,0.0754374514996,346,200,Oahu, 
346,346,833,5457752.33457,5.45775233457,347,200,Oahu, 
347,347,1490,6313212.59573,6.31321259573,348,200,Oahu, 
348,348,889,6029877.49405,6.02987749405,349,200,Oahu, 
349,349,554,7209895.02312,7.20989502312,350,200,Oahu, 
350,350,1423,65376.2847343,0.0653762847343,351,200,Oahu, 
351,351,1202,81092.41148949998,0.0810924114895,352,200,Oahu, 
352,352,1661,161607.404403,0.161607404403,353,200,Oahu, 
353,353,1081,203722.576769,0.203722576769,354,200,Oahu, 
354,354,2304,938723.437547,0.938723437547,355,200,Oahu, 
355,355,1778,98626.5902148,0.0986265902148,356,200,Oahu, 
356,356,1074,57240.3316857,0.0572403316857,357,200,Oahu, 
357,357,2718,799979.8621539999,0.799979862154,358,200,Oahu, 
358,358,1515,401769.989234,0.401769989234,359,200,Oahu, 
359,359,709,179436.418142,0.179436418142,360,200,Oahu, 
360,360,2152,1024665.80886,1.02466580886,361,200,Oahu, 
361,361,0,20881932.7091,20.8819327091,362,200,Oahu, 
362,362,648,1417232.58807,1.41723258807,363,1,Oahu, 
363,363,1743,935111.88935,0.93511188935,364,200,Oahu, 
364,364,1069,481193.274848,0.481193274848,365,200,Oahu, 
365,365,710,263333.981054,0.263333981054,366,200,Oahu, 
366,366,1371,364197.338406,0.364197338406,367,200,Oahu, 
367,367,2713,1242289.49559,1.24228949559,368,200,Oahu, 
368,368,950,910942.264854,0.910942264854,369,200,Oahu, 
369,369,2634,1786811.17526,1.78681117526,370,1,BI, 
370,370,739,460575.447921,0.460575447921,371,1,BI, 
371,371,3946,15732562.3611,15.7325623611,372,1,BI, 
372,372,2453,4925604.49383,4.92560449383,373,1,BI, 
373,373,3771,225494166.44,225.49416644,374,200,BI, 
374,374,2605,1707007.59253,1.70700759253,375,1,BI, 
375,375,2612,84395639.466,84.395639466,376,200,BI, 
376,376,2291,737656.6180409999,0.737656618041,377,200,Oahu, 
377,377,1538,1028579.31342,1.02857931342,378,200,Oahu, 
378,378,1463,456902.182132,0.456902182132,379,200,Oahu, 
379,379,2660,3256986.13935,3.25698613935,380,200,Oahu, 
380,380,2331,446765.782864,0.446765782864,381,200,Oahu, 
381,381,1377,685166.783485,0.685166783485,382,200,Oahu, 
382,382,1411,1000576.42977,1.00057642977,383,200,Oahu, 
383,383,1356,412551.233939,0.412551233939,384,200,Oahu, 
384,384,1021,971090.922487,0.971090922487,385,1,Oahu, 
385,385,1528,368938.959654,0.368938959654,386,200,Oahu, 
386,386,2558,700713.917552,0.700713917552,387,200,Oahu, 
387,387,1578,1140148.57894,1.14014857894,388,200,Oahu, 
388,388,1023,55492.2718416,0.0554922718416,389,200,Oahu, 
389,389,819,87433.12392699998,0.087433123927,390,200,Oahu, 
390,390,655,1001683.62995,1.00168362995,391,200,Oahu, 
391,391,2309,293260.771376,0.293260771376,392,200,Oahu, 
392,392,1016,88547.488566,0.088547488566,393,200,Oahu, 
393,393,1791,73056.3170043,0.0730563170043,394,200,Oahu, 
394,394,851,103293.038405,0.103293038405,395,200,Oahu, 
395,395,1910,3251291.48853,3.25129148853,396,200,Oahu, 
396,396,956,254007.356025,0.254007356025,397,200,Oahu, 
397,397,1422,3112860.94121,3.11286094121,398,200,Oahu, 
398,398,872,160444204.486,160.444204486,399,200,Oahu, 
399,399,1662,630869.596698,0.630869596698,400,200,Oahu, 
400,400,677,283315.776491,0.283315776491,401,200,Oahu, 
401,401,1011,216844.194815,0.216844194815,402,200,Oahu, 
402,402,831,189665.359532,0.189665359532,403,200,Oahu, 
403,403,1920,1789076.85929,1.78907685929,404,200,Oahu, 
404,404,932,252537.733528,0.252537733528,405,200,Oahu, 
405,405,1525,392774.145509,0.392774145509,406,200,Oahu, 
406,406,1118,301208.83448,0.30120883448,407,200,Oahu, 
407,407,1702,62661415.92,62.66141592,408,200,Oahu, 
408,408,1065,390369.215854,0.390369215854,409,200,Oahu, 
409,409,2589,1555966.16084,1.55596616084,410,200,Oahu, 
410,410,2415,10878215.1791,10.8782151791,411,200,Oahu, 
411,411,224,101969.037615,0.101969037615,412,200,Oahu, 
412,412,82,7676842.50966,7.67684250966,413,200,Oahu, 
413,413,2229,748938.478966,0.748938478966,414,200,Oahu, 
414,414,3325,730816.386204,0.730816386204,415,1,Oahu, 
415,415,1235,1397157.8533,1.3971578533,416,200,Oahu, 
416,416,503,59168874.6348,59.1688746348,417,200,Oahu, 
417,417,3391,22340227.6598,22.3402276598,418,200,Oahu, 
418,418,1838,434005.621567,0.434005621567,419,200,Oahu, 
419,419,1680,294998113.616,294.998113616,420,200,BI, 
420,420,1519,2031410.66351,2.03141066351,421,1,BI, 
421,421,1080,71290711.1788,71.2907111788,422,200,BI, 
422,422,1406,756955.0808419999,0.756955080842,423,1,BI, 
423,423,808,751019.193263,0.751019193263,424,1,BI, 
424,424,2187,160766317.779,160.766317779,425,200,BI, 
425,425,2783,133353505.138,133.353505138,426,200,BI, 
426,426,1780,26866114.6911,26.8661146911,427,200,BI, 
427,427,3213,17351281.1753,17.3512811753,428,1,BI, 
428,428,2037,1359179.86191,1.35917986191,429,200,BI, 
429,429,1236,4823231.7896,4.8232317896,430,1,BI, 
430,430,1331,29457462.677,29.457462677,431,1,BI, 
431,431,2096,210885623.19,210.88562319,432,200,BI, 
432,432,906,270681.072841,0.270681072841,433,200,Oahu, 
433,433,1799,106665.183983,0.106665183983,434,200,Oahu, 
434,434,2933,215359.456171,0.215359456171,435,200,Oahu, 
435,435,374,4969181.23195,4.96918123195,436,200,Oahu, 
436,436,2575,1045361.68787,1.04536168787,437,200,Oahu, 
437,437,1637,82587.8051927,0.0825878051927,438,200,Oahu, 
438,438,2625,5221453.96711,5.22145396711,439,200,Oahu, 
439,439,949,190700.783124,0.190700783124,440,200,Oahu, 
440,440,1254,280991.567331,0.280991567331,441,200,Oahu, 
441,441,2871,397777.613143,0.397777613143,442,200,Oahu, 
442,442,3281,1368631.06008,1.36863106008,443,200,Oahu, 
443,443,2584,1212378.81276,1.21237881276,444,200,Oahu, 
444,444,728,152819.80791,0.15281980791,445,200,Oahu, 
445,445,2386,1267603.57532,1.26760357532,446,200,Oahu, 
446,446,2748,797919.245765,0.797919245765,447,200,Oahu, 
447,447,3403,1807521.88358,1.80752188358,448,200,Oahu, 
448,448,2338,387311.68485,0.38731168485,449,200,Oahu, 
449,449,474,308629.64354,0.30862964354,450,200,Oahu, 
450,450,1078,101072.775524,0.101072775524,451,200,Oahu, 
451,451,1627,174483.427875,0.174483427875,452,200,Oahu, 
452,452,967,115037.155281,0.115037155281,453,200,Oahu, 
453,453,1129,159402.105495,0.159402105495,454,200,Oahu, 
454,454,993,182565.530789,0.182565530789,455,200,Oahu, 
455,455,1448,250669.73141,0.25066973141,456,200,Oahu, 
456,456,2173,643658.970165,0.643658970165,457,200,Oahu, 
457,457,1066,2540767.46774,2.54076746774,458,200,Oahu, 
458,458,895,221748.278414,0.221748278414,459,200,Oahu, 
459,459,2452,6930658.38137,6.93065838137,460,200,Oahu, 
460,460,2222,20564171.8808,20.5641718808,461,200,Oahu, 
461,461,916,48244124.8567,48.2441248567,462,200,Oahu, 
462,462,2448,29569868.6326,29.5698686326,463,200,Oahu, 
463,463,1536,164126.171435,0.164126171435,464,200,Oahu, 
464,464,1147,704052.079582,0.704052079582,465,200,Oahu, 
465,465,1218,62396.342005,0.062396342005,466,200,Oahu, 
466,466,1131,1260760.27169,1.26076027169,467,1,Oahu, 
467,467,2409,2447128.08716,2.44712808716,468,200,Oahu, 
468,468,1032,434021.994689,0.434021994689,469,200,Oahu, 
469,469,1842,518123.393838,0.518123393838,470,200,Oahu, 
470,470,2955,2157520.33601,2.15752033601,471,200,Oahu, 
471,471,2500,344181.840738,0.344181840738,472,200,Oahu, 
472,472,2136,798525.59669,0.79852559669,473,200,Oahu, 
473,473,1948,204409.807775,0.204409807775,474,200,Oahu, 
474,474,1467,510984.857273,0.510984857273,475,200,Oahu, 
475,475,1920,1193784.97153,1.19378497153,476,200,Oahu, 
476,476,1332,180335.278025,0.180335278025,477,200,Oahu, 
477,477,2850,1326141.71178,1.32614171178,478,200,Oahu, 
478,478,1785,386099.624744,0.386099624744,479,200,Oahu, 
479,479,2102,413335.200069,0.413335200069,480,200,Oahu, 
480,480,812,34952.9127239,0.0349529127239,481,200,Oahu, 
481,481,1012,254030.538411,0.254030538411,482,200,Oahu, 
482,482,2895,490240.896227,0.490240896227,483,200,Oahu, 
483,483,2372,531360.268297,0.531360268297,484,200,Oahu, 
484,484,2227,273603.256195,0.273603256195,485,200,Oahu, 
485,485,2059,202509.173639,0.202509173639,486,200,Oahu, 
486,486,1168,197258.730568,0.197258730568,487,200,Oahu, 
487,487,1200,127977.040489,0.127977040489,488,200,Oahu, 
488,488,1117,187735.994271,0.187735994271,489,200,Oahu, 
489,489,585,83285.43098659998,0.0832854309866,490,200,Oahu, 
490,490,2643,254672.578089,0.254672578089,491,200,Oahu, 
491,491,1701,86520.9177764,0.0865209177764,492,200,Oahu, 
492,492,927,78868.47900409998,0.0788684790041,493,200,Oahu, 
493,493,440,31243.8353255,0.0312438353255,494,200,Oahu, 
494,494,315,172827.567185,0.172827567185,495,200,Oahu, 
495,495,774,351751.18942,0.35175118942,496,200,Oahu, 
496,496,2764,847365.3919179998,0.847365391918,497,200,Oahu, 
497,497,877,737969.214026,0.737969214026,498,1,Oahu, 
498,498,1817,3220738.42147,3.22073842147,499,200,Oahu, 
499,499,1729,532828.965561,0.532828965561,500,200,Oahu, 
500,500,8,1129168.57008,1.12916857008,501,200,Oahu, 
501,501,2179,210160.30124,0.21016030124,502,200,Oahu, 
502,502,1280,572003.814468,0.572003814468,503,200,Oahu, 
503,503,2926,987559.57566,0.98755957566,504,200,Oahu, 
504,504,1631,1226018.38787,1.22601838787,505,1,Oahu, 
505,505,3048,1128030.97612,1.12803097612,506,200,Oahu, 
506,506,1965,248954.85706,0.24895485706,507,200,Oahu, 
507,507,1918,887557.178557,0.887557178557,508,200,Oahu, 
508,508,5,4988041.84402,4.98804184402,509,200,Oahu, 
509,509,1594,1229632.48505,1.22963248505,510,200,Oahu, 
510,510,1079,137537.853021,0.137537853021,511,200,Oahu, 
511,511,1156,165361.324642,0.165361324642,512,200,Oahu, 
512,512,2893,6179367.13963,6.17936713963,513,200,Oahu, 
513,513,1048,664745.042985,0.664745042985,514,200,Oahu, 
514,514,1688,174450.420076,0.174450420076,515,200,Oahu, 
515,515,1845,585507.291065,0.585507291065,516,200,Oahu, 
516,516,1000,321904.541541,0.321904541541,517,200,Oahu, 
517,517,1932,664349.58177,0.66434958177,518,200,Oahu, 
518,518,1508,869348.5509079999,0.869348550908,519,200,Oahu, 
519,519,341,7834524.90171,7.83452490171,520,200,Oahu, 
520,520,2281,1465850.3522,1.4658503522,521,200,Oahu, 
521,521,800,338788.768636,0.338788768636,522,200,Oahu, 
522,522,840,270453.67601,0.27045367601,523,200,Oahu, 
523,523,995,1211099.10354,1.21109910354,524,200,Oahu, 
524,524,665,2472073.25708,2.47207325708,525,200,Oahu, 
525,525,1178,550722.768779,0.550722768779,526,200,Oahu, 
526,526,1872,453295.954913,0.453295954913,527,200,Oahu, 
527,527,610,1629364.24744,1.62936424744,528,200,Oahu, 
528,528,2280,708340.028463,0.708340028463,529,200,Oahu, 
529,529,1245,1003145.02174,1.00314502174,530,200,Oahu, 
530,530,1076,252401.562366,0.252401562366,531,200,Oahu, 
531,531,1654,431634.984819,0.431634984819,532,200,Oahu, 
532,532,2920,1005525.25049,1.00552525049,533,200,Oahu, 
533,533,1298,7492254.508829999,7.49225450883,534,200,Oahu, 
534,534,1114,474179.596728,0.474179596728,535,200,Oahu, 
535,535,2150,523739.041671,0.523739041671,536,200,Oahu, 
536,536,1467,618066.578613,0.618066578613,537,200,Oahu, 
537,537,3374,4134062.02749,4.13406202749,538,200,Oahu, 
538,538,1585,1327574.94133,1.32757494133,539,200,Oahu, 
539,539,2318,150713.285918,0.150713285918,540,200,Oahu, 
540,540,2049,150933.585066,0.150933585066,541,200,Oahu, 
541,541,1351,299386.786748,0.299386786748,542,200,Oahu, 
542,542,1386,3436305.90011,3.43630590011,543,200,Oahu, 
543,543,2278,757877.136,0.757877136,544,200,Oahu, 
544,544,2668,888539.166484,0.888539166484,545,200,Oahu, 
545,545,1496,376697.713132,0.376697713132,546,200,Oahu, 
546,546,765,222023.663375,0.222023663375,547,200,Oahu, 
547,547,1079,443177.564147,0.443177564147,548,200,Oahu, 
548,548,1420,418389.606199,0.418389606199,549,200,Oahu, 
549,549,1627,444297.778247,0.444297778247,550,200,Oahu, 
550,550,1437,579915.686077,0.579915686077,551,200,Oahu, 
551,551,1343,1374663.60364,1.37466360364,552,200,Oahu, 
552,552,2068,403618.084394,0.403618084394,553,200,Oahu, 
553,553,1006,493859.829239,0.493859829239,554,200,Oahu, 
554,554,2125,771991.6952449998,0.771991695245,555,200,Oahu, 
555,555,2016,10438006.6487,10.4380066487,556,1,Oahu, 
556,556,1013,367861.013476,0.367861013476,557,200,Oahu, 
557,557,2162,1946964.78269,1.94696478269,558,200,Oahu, 
558,558,2280,6187328.18004,6.18732818004,559,1,Oahu, 
559,559,1411,269594.434599,0.269594434599,560,200,Oahu, 
560,560,1190,310560.515797,0.310560515797,561,200,Oahu, 
561,561,468,326063.067249,0.326063067249,562,200,Oahu, 
562,562,3066,5881641.12172,5.88164112172,563,200,Oahu, 
563,563,1201,386501.051604,0.386501051604,564,200,Oahu, 
564,564,2952,1317914.22912,1.31791422912,565,200,Oahu, 
565,565,1504,471062.35415,0.47106235415,566,200,Oahu, 
566,566,933,398879.595947,0.398879595947,567,200,Oahu, 
567,567,2679,286522.363542,0.286522363542,568,200,Oahu, 
568,568,1984,221685.060997,0.221685060997,569,200,Oahu, 
569,569,251,1434717.72837,1.43471772837,570,200,Oahu, 
570,570,720,194649.069372,0.194649069372,571,200,Oahu, 
571,571,830,206195.544431,0.206195544431,572,200,Oahu, 
572,572,1,1938860.01374,1.93886001374,573,200,Oahu, 
573,573,1667,777620.822192,0.777620822192,574,200,Oahu, 
574,574,1838,659242.468613,0.659242468613,575,1,Oahu, 
575,575,1706,8334514.26761,8.33451426761,576,1,Oahu, 
576,576,2253,486323.369956,0.486323369956,577,200,Oahu, 
577,577,3481,653856.189523,0.653856189523,578,200,Oahu, 
578,578,2581,961593.413719,0.961593413719,579,200,Oahu, 
579,579,2209,587127.305132,0.587127305132,580,1,Oahu, 
580,580,2398,257005.10935,0.25700510935,581,1,Oahu, 
581,581,2766,11289891.1064,11.2898911064,582,200,Oahu, 
582,582,2329,3398831.44678,3.39883144678,583,200,Oahu, 
583,583,1794,187831.621533,0.187831621533,584,200,Oahu, 
584,584,972,594515.919091,0.594515919091,585,200,Oahu, 
585,585,1049,298719.92466,0.29871992466,586,200,Oahu, 
586,586,1618,141223.86334,0.14122386334,587,200,Oahu, 
587,587,2835,408205.349534,0.408205349534,588,200,Oahu, 
588,588,2259,593118.443191,0.593118443191,589,200,Oahu, 
589,589,1495,2735393.72478,2.73539372478,590,200,Oahu, 
590,590,973,1712390.03983,1.71239003983,591,200,Oahu, 
591,591,891,9862747.27429,9.86274727429,592,1,Oahu, 
592,592,1885,871708.6589379999,0.871708658938,593,1,Oahu, 
593,593,922,1904966.83703,1.90496683703,594,1,Oahu, 
594,594,907,7574966.17659,7.57496617659,595,200,Oahu, 
595,595,1376,20093817.9207,20.0938179207,596,200,Oahu, 
596,596,1495,1145641.76893,1.14564176893,597,200,Oahu, 
597,597,2178,1166781.03312,1.16678103312,598,200,Oahu, 
598,598,2136,19763930.06,19.76393006,599,200,Oahu, 
599,599,748,274206.665971,0.274206665971,600,200,Oahu, 
600,600,1359,3487921.11682,3.48792111682,601,200,Oahu, 
601,601,1526,1110747.3227,1.1107473227,602,200,Oahu, 
602,602,1671,300857.711902,0.300857711902,603,200,Oahu, 
603,603,4479,463711.440371,0.463711440371,604,200,Oahu, 
604,604,1001,34273.3289562,0.0342733289562,605,200,Oahu, 
605,605,1740,54132.1646101,0.0541321646101,606,200,Oahu, 
606,606,1099,495443.645513,0.495443645513,607,1,Oahu, 
607,607,1623,3539145.14559,3.53914514559,608,1,Oahu, 
608,608,784,537167.09222,0.53716709222,609,200,Oahu, 
609,609,862,562939.338389,0.562939338389,610,200,Oahu, 
610,610,753,434603.90376,0.43460390376,611,200,Oahu, 
611,611,2354,797095.833709,0.797095833709,612,1,Oahu, 
612,612,1094,667854.749471,0.667854749471,613,200,Oahu, 
613,613,719,470263.227877,0.470263227877,614,200,Oahu, 
614,614,1819,461325.15553,0.46132515553,615,200,Oahu, 
615,615,2721,1255884.87324,1.25588487324,616,200,Oahu, 
616,616,2845,527450.898904,0.527450898904,617,200,Oahu, 
617,617,777,28971690.57,28.97169057,618,200,Oahu, 
618,618,1220,672169.385064,0.672169385064,619,200,Oahu, 
619,619,2630,466680.110722,0.466680110722,620,1,Oahu, 
620,620,1164,294251.831002,0.294251831002,621,200,Oahu, 
621,621,1245,199932.690989,0.199932690989,622,200,Oahu, 
622,622,2217,2747587.49589,2.74758749589,623,200,Oahu, 
623,623,3303,913312.688686,0.913312688686,624,200,Oahu, 
624,624,1577,449782.757,0.449782757,625,200,Oahu, 
625,625,1501,515682.206829,0.515682206829,626,200,Oahu, 
626,626,1176,162983.100566,0.162983100566,627,200,Oahu, 
627,627,245,2608619.40651,2.60861940651,628,200,Oahu, 
628,628,1538,720582.9136139998,0.720582913614,629,200,Oahu, 
629,629,2226,3224386.31599,3.22438631599,630,200,Oahu, 
630,630,1081,5223096.00114,5.22309600114,631,200,Oahu, 
631,631,2040,1344760.02205,1.34476002205,632,200,Oahu, 
632,632,1142,533392.85051,0.53339285051,633,200,Oahu, 
633,633,603,411694.219524,0.411694219524,634,200,Oahu, 
634,634,720,978221.836515,0.978221836515,635,200,Oahu, 
635,635,1959,1635771.44695,1.63577144695,636,200,Oahu, 
636,636,915,360409.094361,0.360409094361,637,200,Oahu, 
637,637,1113,43194.6682953,0.0431946682953,638,200,Oahu, 
638,638,1050,3340272.71515,3.34027271515,639,200,Oahu, 
639,639,2763,1695344.46196,1.69534446196,640,200,Oahu, 
640,640,2112,419868.370938,0.419868370938,641,200,Oahu, 
641,641,3981,7231440.940399999,7.2314409404,642,200,Oahu, 
642,642,1873,202078.629879,0.202078629879,643,200,Oahu, 
643,643,2680,310467.096586,0.310467096586,644,200,Oahu, 
644,644,1131,638545.087438,0.638545087438,645,200,Oahu, 
645,645,1220,379578.46083,0.37957846083,646,200,Oahu, 
646,646,1242,1216098.13555,1.21609813555,647,1,Oahu, 
647,647,2038,547917.441977,0.547917441977,648,200,Oahu, 
648,648,1273,1727713.85789,1.72771385789,649,200,Oahu, 
649,649,583,951994.081324,0.951994081324,650,1,Oahu, 
650,650,1045,3321705.50306,3.32170550306,651,200,Oahu, 
651,651,1224,3434981.69679,3.43498169679,652,200,BI, 
652,652,709,3408159.69686,3.40815969686,653,1,BI, 
653,653,1571,4254929.66366,4.25492966366,654,1,BI, 
654,654,1172,462870.520193,0.462870520193,655,200,Oahu, 
655,655,2406,575865.934138,0.575865934138,656,200,Oahu, 
656,656,1000,32206.521613,0.032206521613,657,200,Oahu, 
657,657,1045,174181.023757,0.174181023757,658,200,Oahu, 
658,658,1359,222685.377396,0.222685377396,659,200,Oahu, 
659,659,874,215223.716915,0.215223716915,660,200,Oahu, 
660,660,1455,301595.400805,0.301595400805,661,200,Oahu, 
661,661,1682,76841.1673479,0.0768411673479,662,200,Oahu, 
662,662,1547,76400.7784696,0.0764007784696,663,200,Oahu, 
663,663,923,486867.064594,0.486867064594,664,200,Oahu, 
664,664,1817,326777.237965,0.326777237965,665,200,Oahu, 
665,665,1022,386255.872218,0.386255872218,666,200,Oahu, 
666,666,138,510151.511516,0.510151511516,667,200,Oahu, 
667,667,2249,1516005.21741,1.51600521741,668,200,Oahu, 
668,668,2720,656142.185951,0.656142185951,669,200,Oahu, 
669,669,2570,496881.11523,0.49688111523,670,200,Oahu, 
670,670,1697,193701.77958,0.19370177958,671,200,Oahu, 
671,671,1631,762531.3789409999,0.762531378941,672,200,Oahu, 
672,672,1941,506694.515867,0.506694515867,673,200,Oahu, 
673,673,1985,347454.235103,0.347454235103,674,200,Oahu, 
674,674,1519,673182.924977,0.673182924977,675,200,Oahu, 
675,675,925,1020071.96404,1.02007196404,676,200,Oahu, 
676,676,4365,1665128.15728,1.66512815728,677,200,Oahu, 
677,677,2084,19930766.4745,19.9307664745,678,200,Oahu, 
678,678,2158,825449.251817,0.825449251817,679,200,Oahu, 
679,679,1113,136182.19715,0.13618219715,680,200,Oahu, 
680,680,4664,1062290.01657,1.06229001657,681,1,Oahu, 
681,681,4190,401626.101516,0.401626101516,682,1,Oahu, 
682,682,2211,395076.690441,0.395076690441,683,1,Oahu, 
683,683,3899,642486.493207,0.642486493207,684,200,Oahu, 
684,684,5882,2150872.16922,2.15087216922,685,200,Oahu, 
685,685,1924,2352290.60231,2.35229060231,686,200,Oahu, 
686,686,297,1750085.74796,1.75008574796,687,200,Oahu, 
687,687,369,2686083.99003,2.68608399003,688,200,Oahu, 
688,688,13,3530444.32448,3.53044432448,689,200,Oahu, 
689,689,1315,493931.210529,0.493931210529,690,200,BI, 
690,690,1627,1132219.1897,1.1322191897,691,1,BI, 
691,691,791,1219953.66262,1.21995366262,692,1,BI, 
692,692,339,348578.14938,0.34857814938,693,1,BI, 
693,693,868,762363.0285559999,0.762363028556,694,1,BI, 
694,694,1296,452785.442627,0.452785442627,695,1,BI, 
695,695,170,185052636.008,185.052636008,696,200, , 
696,696,1480,311758627.509,311.758627509,697,200,Kauai, 
697,697,226,10338602.2509,10.3386022509,698,200,Kauai, 
698,698,150,3247884.01062,3.24788401062,699,1,Kauai, 
699,699,90,30974397.2081,30.9743972081,700,200, , 
700,700,2032,3186411.64907,3.18641164907,701,200,Kauai, 
701,701,434,713130.312604,0.713130312604,702,1,Kauai, 
702,702,274,378162.518152,0.378162518152,703,200,Kauai, 
703,703,2777,3244363.40183,3.24436340183,704,200,Kauai, 
704,704,1282,543330.518286,0.543330518286,705,200,Kauai, 
705,705,2273,2132397.55754,2.13239755754,706,1,Kauai, 
706,706,654,2032768.7057,2.0327687057,707,200,Kauai, 
707,707,1637,804697.057561,0.804697057561,708,200,Kauai, 
708,708,631,1650806.45981,1.65080645981,709,200,Kauai, 
709,709,802,697845.168558,0.697845168558,710,200,Kauai, 
710,710,752,387549.58639,0.38754958639,711,200,Kauai, 
711,711,1646,1153190.97652,1.15319097652,712,200,Kauai, 
712,712,1151,1277723.94379,1.27772394379,713,200,Kauai, 
713,713,1290,1402350.97275,1.40235097275,714,200,Kauai, 
714,714,1633,1806079.72824,1.80607972824,715,200,Kauai, 
715,715,1523,881822.468233,0.881822468233,716,200,Kauai, 
716,716,1271,1593945.79874,1.59394579874,717,200,Kauai, 
717,717,1429,4325361.50304,4.32536150304,718,200,Kauai, 
718,718,1304,1929785.30343,1.92978530343,719,200,Kauai, 
719,719,1942,2657108.63191,2.65710863191,720,200,Kauai, 
720,720,1893,639910.388081,0.639910388081,721,200,Kauai, 
721,721,2012,139669522.124,139.669522124,722,1,Kauai, 
722,722,1703,3395021.16222,3.39502116222,723,200,Kauai, 
723,723,945,1559546.51526,1.55954651526,724,1,Kauai, 
724,724,616,10448206.0052,10.4482060052,725,1,Kauai, 
725,725,2851,12598088.9817,12.5980889817,726,1,Kauai, 
726,726,1250,2130517.51883,2.13051751883,727,1,Kauai, 
727,727,676,23777725.174,23.777725174,728,1,Kauai, 
728,728,2390,2029220.87819,2.02922087819,729,200,Kauai, 
729,729,1139,61768812.08,61.76881208,730,1,Kauai, 
730,730,1372,2193893.80049,2.19389380049,731,1,Kauai, 
731,731,1555,2138208.25454,2.13820825454,732,1,Kauai, 
732,732,1271,1773132.06249,1.77313206249,733,1,Kauai, 
733,733,442,1757105.83371,1.75710583371,734,1,Kauai, 
734,734,1773,3555368.98243,3.55536898243,735,200,Kauai, 
735,735,2060,106600002.402,106.600002402,736,200,Kauai, 
736,736,902,201535107.21,201.53510721,737,200,Kauai, 
737,737,619,3262311.1131,3.2623111131,738,200,Kauai, 
738,738,2172,195454231.552,195.454231552,739,200,Kauai, 
739,739,2196,8025637.17953,8.02563717953,740,1,Kauai, 
740,740,1034,1715486.98111,1.71548698111,741,1,Kauai, 
741,741,1345,2354479.62123,2.35447962123,742,200,Kauai, 
742,742,384,27336803.4866,27.3368034866,743,200,Kauai, 
743,743,455,2974846.87089,2.97484687089,744,200,Kauai, 
744,744,1705,12289121.1432,12.2891211432,745,200,Kauai, 
745,745,977,10150107.0619,10.1501070619,746,1,Kauai, 
746,746,2012,8966906.04494,8.96690604494,747,1,Kauai, 
747,747,579,229083249.197,229.083249197,748,200,Kauai, 
748,748,998,7269767.157239999,7.26976715724,749,200,Maui, 
749,749,900,1051417.44159,1.05141744159,750,200,Maui, 
750,750,1567,297811.168188,0.297811168188,751,200,Maui, 
751,751,1095,627362.183816,0.627362183816,752,200,Maui, 
752,752,2352,567364.740948,0.567364740948,753,200,Maui, 
753,753,1979,551020.357825,0.551020357825,754,200,Maui, 
754,754,1709,290962.366438,0.290962366438,755,200,Maui, 
755,755,2302,2469993.28363,2.46999328363,756,200,Maui, 
756,756,1450,343097.790092,0.343097790092,757,200,Maui, 
757,757,1403,360548.404081,0.360548404081,758,200,Maui, 
758,758,829,313751.291909,0.313751291909,759,200,Maui, 
759,759,891,343579.453241,0.343579453241,760,200,Maui, 
760,760,897,358620.923837,0.358620923837,761,200,Maui, 
761,761,2615,107172910.969,107.172910969,762,200,Maui, 
762,762,1345,5638738.80976,5.63873880976,763,1,Maui, 
763,763,1690,1020339.47104,1.02033947104,764,200,Maui, 
764,764,1278,480590.910218,0.480590910218,765,200,Maui, 
765,765,2110,365039657.948,365.039657948,766,200, , 
766,766,1025,438831.788614,0.438831788614,767,200, , 
767,767,2451,41680561.9294,41.6805619294,768,1,Maui, 
768,768,2143,2441604.6085,2.4416046085,769,1,Maui, 
769,769,2036,11767109.7304,11.7671097304,770,200,Maui, 
770,770,1655,840643.943692,0.840643943692,771,1,Maui, 
771,771,1826,1087315.12899,1.08731512899,772,1,Maui, 
772,772,2720,2791914.25668,2.79191425668,773,1,Maui, 
773,773,849,322435.356399,0.322435356399,774,200,Maui, 
774,774,2356,987808.907424,0.987808907424,775,200,Maui, 
775,775,1808,1148684.31468,1.14868431468,776,200,Maui, 
776,776,756,887660.164236,0.887660164236,777,200,Maui, 
777,777,1034,564073.385142,0.564073385142,778,200,Maui, 
778,778,1132,214821854.02,214.82185402,779,200, , 
779,779,1205,235067.477415,0.235067477415,780,200,Maui, 
780,780,1313,22335287.6141,22.3352876141,781,200,Maui, 
781,781,1767,508230.403814,0.508230403814,782,200,Maui, 
782,782,609,461176.297144,0.461176297144,783,200,Maui, 
783,783,1317,446615.35063,0.44661535063,784,200,Maui, 
784,784,762,397619.831684,0.397619831684,785,200,Maui, 
785,785,1171,667783.025292,0.667783025292,786,200,Maui, 
786,786,1040,74454736.8384,74.45473683839998,787,200, , 
787,787,607,1097070.68032,1.09707068032,788,200, , 
788,788,637,1828644.04292,1.82864404292,789,200, , 
789,789,1722,113473328.827,113.473328827,790,200,Maui, 
790,790,2399,9529059.20316,9.52905920316,791,1,Maui, 
791,791,1639,6008229.60323,6.00822960323,792,1,Maui, 
792,792,1251,2179629.01254,2.17962901254,793,1,Maui, 
793,793,635,11921920.0477,11.9219200477,794,200,Maui, 
794,794,668,589079.597788,0.589079597788,795,200,Maui, 
795,795,2683,1096666.74791,1.09666674791,796,200,Maui, 
796,796,731,4884946.73849,4.88494673849,797,1,Maui, 
797,797,1711,7423537.565999999,7.423537566,798,1,Maui, 
798,798,469,62415043.3788,62.4150433788,799,200,Maui, 
799,799,2646,111467861.958,111.467861958,800,1,Maui, 
800,800,2162,24445672.7984,24.4456727984,801,200,Maui, 
801,801,2430,727978.346157,0.727978346157,802,200,Maui, 
802,802,352,36889059.7642,36.8890597642,803,200,Maui, 
803,803,2514,770019.7663079998,0.770019766308,804,200,Maui, 
804,804,496,24517337.9697,24.5173379697,805,200,Maui, 
805,805,1452,24019877.3714,24.0198773714,806,200,Maui, 
806,806,2396,4306840.87259,4.30684087259,807,200,Maui, 
807,807,3171,2091807.05339,2.09180705339,808,200,Maui, 
808,808,1241,17547479.193,17.547479193,809,200,Maui, 
809,809,642,74945432.7948,74.9454327948,810,200,Maui, 
810,810,1258,709381.207051,0.709381207051,811,200,Maui, 
811,811,1560,1073507.15239,1.07350715239,812,200,Maui, 
812,812,1296,1151068.33082,1.15106833082,813,200,Maui, 
813,813,18,848207.398338,0.848207398338,814,200,Maui, 
814,814,841,416821.982869,0.416821982869,815,200,Maui, 
815,815,1351,28990816.5145,28.9908165145,816,200,Maui, 
816,816,2034,568681.135793,0.568681135793,817,200,Maui, 
817,817,4828,6860504.5582,6.8605045582,818,200,Maui, 
818,818,3817,44911552.8948,44.9115528948,819,200,Maui, 
819,819,1052,147087.296299,0.147087296299,820,200,Maui, 
820,820,3304,1103273.15649,1.10327315649,821,200,Maui, 
821,821,909,2145590.09686,2.14559009686,822,200,Maui, 
822,822,881,199878.479361,0.199878479361,823,200,Maui, 
823,823,1346,75563078.487,75.563078487,824,200,Maui, 
824,824,1291,289708.62663,0.28970862663,825,200,Maui, 
825,825,1077,3209250.00757,3.20925000757,826,200,Maui, 
826,826,3233,10806214.2674,10.8062142674,827,200,Maui, 
827,827,457,326410.429026,0.326410429026,828,200,Maui, 
828,828,1620,110968190.931,110.968190931,829,200, , 
829,829,2385,2277559.57182,2.27755957182,830,1,Maui, 
830,830,653,8213059.463809999,8.21305946381,831,200,Maui, 
831,831,1772,1128969.05786,1.12896905786,832,1,Maui, 
832,832,1015,9435765.86903,9.43576586903,833,200,Maui, 
833,833,3090,97397215.3305,97.3972153305,834,200,Maui, 
834,834,1399,895869.277649,0.895869277649,835,200,Maui, 
835,835,1173,529718.524835,0.529718524835,836,200,Maui, 
836,836,2512,551132.76128,0.55113276128,837,200,Maui, 
837,837,2439,722259.48001,0.72225948001,838,200,Maui, 
838,838,2144,600135.330977,0.600135330977,839,200,Maui, 
839,839,1293,547908936.806,547.908936806,840,200,Maui, 
840,840,1279,49804400.9959,49.8044009959,841,200,Maui, 
841,841,2068,3126342.47213,3.12634247213,842,200,Maui, 
842,842,1407,208626057.629,208.626057629,843,200,Maui, 
843,843,1126,16398796.6677,16.3987966677,844,1,Maui, 
844,844,1037,234639238.879,234.639238879,845,200, , 
845,845,1182,6596593.19942,6.59659319942,846,200, , 
846,846,0,115924174.27,115.92417427,847,200, , 
847,847,1648,750528.406514,0.750528406514,848,200,Maui, 
